id,egov3_code,dmfa_code,sector,name,allowed_joint_committee_ids/id
l10n_be_employer_category_00000,00000,000,private,General category for employers for whom the NSSO does not collect any special contribution for a social fund and who do not fall into any other specific category (see also category 011).,"l10n_be_joint_committee_102_02,l10n_be_joint_committee_102_03,l10n_be_joint_committee_105,l10n_be_joint_committee_111,l10n_be_joint_committee_111_01,l10n_be_joint_committee_111_02,l10n_be_joint_committee_111_03,l10n_be_joint_committee_116,l10n_be_joint_committee_118_06,l10n_be_joint_committee_120,l10n_be_joint_committee_120_01,l10n_be_joint_committee_120_03,l10n_be_joint_committee_144,l10n_be_joint_committee_202,l10n_be_joint_committee_203,l10n_be_joint_committee_207,l10n_be_joint_committee_209,l10n_be_joint_committee_214,l10n_be_joint_committee_224,l10n_be_joint_committee_303,l10n_be_joint_committee_303_01,l10n_be_joint_committee_311,l10n_be_joint_committee_312,l10n_be_joint_committee_313,l10n_be_joint_committee_315_01,l10n_be_joint_committee_315_03,l10n_be_joint_committee_316,l10n_be_joint_committee_318,l10n_be_joint_committee_321,l10n_be_joint_committee_325,l10n_be_joint_committee_334,l10n_be_joint_committee_999"
l10n_be_employer_category_00002,00002,002,private,"Specific category for employers liable for a special contribution to the 'Fund for the training of workers of the Joint Auxiliary Committee for Workers' (PC no. 100) and no special contribution for employees (since 01/07/2014, this includes casino activities; technical control and conformity assessment).",l10n_be_joint_committee_999
l10n_be_employer_category_00006,00006,006,private,"Employers for whom, under the law of 22 February 1998, the National Social Security Office ensures the collection and recovery of contributions which until 30/09/1998 were collected by the Miners' Pension Fund.","l10n_be_joint_committee_101,l10n_be_joint_committee_999"
l10n_be_employer_category_00007,00007,007,private,"Intermediaries in banking and investment services, registered with the FSMA.","l10n_be_joint_committee_341,l10n_be_joint_committee_999"
l10n_be_employer_category_00008,00008,008,private,Employers under the Joint Committee for Service and Support to Businesses and Self-employed (PC 335) who are liable for an employer contribution to the 'Fund for the training of workers under the competence of the Joint Committee for Service and Support to Businesses and Self-employed'.,"l10n_be_joint_committee_335,l10n_be_joint_committee_999"
l10n_be_employer_category_00010,00010,010,private,"General category for employers who are liable for a contribution for their employees to the 'CPAE Social Fund' (Auxiliary Joint Committee for Employees No. 200, competent for the commercial sector) and for whom the NSSO does not collect any special contribution for a social fund for their workers (see also category 210).","l10n_be_joint_committee_100,l10n_be_joint_committee_102_03,l10n_be_joint_committee_102_04,l10n_be_joint_committee_102_07,l10n_be_joint_committee_102_09,l10n_be_joint_committee_102_10,l10n_be_joint_committee_102_11,l10n_be_joint_committee_106_01,l10n_be_joint_committee_106_03,l10n_be_joint_committee_112,l10n_be_joint_committee_113,l10n_be_joint_committee_113_04,l10n_be_joint_committee_124,l10n_be_joint_committee_125_01,l10n_be_joint_committee_140_02,l10n_be_joint_committee_142_01,l10n_be_joint_committee_146,l10n_be_joint_committee_147,l10n_be_joint_committee_148,l10n_be_joint_committee_149_01,l10n_be_joint_committee_149_02,l10n_be_joint_committee_149_03,l10n_be_joint_committee_149_04,l10n_be_joint_committee_150,l10n_be_joint_committee_200,l10n_be_joint_committee_999"
l10n_be_employer_category_00011,00011,011,private,General category reserved for 'non-profit' employers for whom the NSSO does not collect any special contribution for a social fund and who do not fall into any other specific category; category reserved for employers who fall mainly under PC No. 335 and who do not fall into any other specific category (see also category 000).,"l10n_be_joint_committee_120,l10n_be_joint_committee_146,l10n_be_joint_committee_214,l10n_be_joint_committee_300,l10n_be_joint_committee_303,l10n_be_joint_committee_303_01,l10n_be_joint_committee_303_03,l10n_be_joint_committee_318,l10n_be_joint_committee_329_03,l10n_be_joint_committee_337,l10n_be_joint_committee_999"
l10n_be_employer_category_00012,00012,012,private,"Category reserved for foreign employers without a place of business in Belgium who are liable: for their employees: for a contribution to the 'CPAE Social Fund' (PC No. 200, competent for the commercial sector) and, from 01/04/2012, for workers: for a contribution to the 'Fund for the training of workers of the Joint Auxiliary Committee for Workers'.","l10n_be_joint_committee_100,l10n_be_joint_committee_200,l10n_be_joint_committee_999"
l10n_be_employer_category_00013,00013,013,private,Employers falling under the Joint Committee for the Diamond Industry and Trade No. 324 for workers and certain employees; not liable for the basic contribution to the Enterprise Closure Fund for commercial enterprise workers; for certain employees: liable for a contribution to the Fund of the Joint Committee No. 200 CPAE.,"l10n_be_joint_committee_200,l10n_be_joint_committee_999"
l10n_be_employer_category_00014,00014,014,private,"Employers falling under the Joint Committee for Ports No. 301 and/or Sub-Joint Committees 301.01, 301.02, 301.03 and 301.05.","l10n_be_joint_committee_301_01,l10n_be_joint_committee_301_02,l10n_be_joint_committee_301_03,l10n_be_joint_committee_301_04,l10n_be_joint_committee_301_05,l10n_be_joint_committee_999"
l10n_be_employer_category_00017,00017,017,private,"Employers, commercial or non-commercial, who are liable for a contribution to the Fund of the Joint Committee for the Hotel Industry No. 302; excluding occasional workers declared in category 317.","l10n_be_joint_committee_302,l10n_be_joint_committee_999"
l10n_be_employer_category_00019,00019,019,private,"Employers who are liable for a contribution to the Fund of the Joint Committee No. 143 for sea fishing - 'Zeevissersfonds'; category reserved for crew members; workers with a contract for sea fishing are to be declared in a specific way for their (fixed) wages and their work (see also categories 086, 186).","l10n_be_joint_committee_143,l10n_be_joint_committee_200,l10n_be_joint_committee_999"
l10n_be_employer_category_00022,00022,022,private,"As of 01/01/2008, employers falling under Joint Committee No. 332 for 'the Francophone and Germanophone Social Assistance and Healthcare Sector' (sub-sector 332.00.10); liable for a contribution to the 'Social Fund for the child care sector'; concerns Francophone and Germanophone employers located in the Walloon or Brussels Region whose main activity is child care up to 12 years of age: child care centers, after-school care, crèches, parental crèches, care for sick children, municipal child care homes, children's homes, occasional care centers, regular flexible-hour care centers, emergency care centers, drop-in centers, farandoline, drop-in care, pre-school, approved nanny services and contracted child-minder services (see also categories 322, 722).","l10n_be_joint_committee_332,l10n_be_joint_committee_999"
l10n_be_employer_category_00024,00024,024,private,"Employers who are liable for a contribution to the Fund of the Joint Committee for Construction No. 124 whose main activity consists of general structural work (see also categories 026, 044, 054).","l10n_be_joint_committee_124,l10n_be_joint_committee_200,l10n_be_joint_committee_999"
l10n_be_employer_category_00025,00025,025,private,"As of 01/01/2008, employers falling under Joint Committee No. 330 for Health Establishments and Services (sub-sector 330.01.10); liable for a contribution to the 'Social Fund for private hospitals'; concerns private hospitals subject to the law of 07/08/1987 and psychiatric nursing homes (see also categories 072, 111).","l10n_be_joint_committee_330_01,l10n_be_joint_committee_999"
l10n_be_employer_category_00026,00026,026,private,"Employers who are liable for a contribution to the Fund of the Joint Committee for Construction No. 124 whose main activity consists of general finishing work (including painting, insulation, sanitary and heating installations, wood items, prefabricated elements, glazing, carpentry...), wholesale trade in construction materials... (see also categories 024, 044, 054).","l10n_be_joint_committee_124,l10n_be_joint_committee_200,l10n_be_joint_committee_999"
l10n_be_employer_category_00029,00029,029,private,"Employers falling under the Sub-Joint Committee for Forestry Operations (SCP No. 125.01) who are liable for a contribution to the Fund for the Security of Existence of Forestry Operations. (see also cat. 129, 229).","l10n_be_joint_committee_125_01,l10n_be_joint_committee_200,l10n_be_joint_committee_999"
l10n_be_employer_category_00030,00030,030,private,"Category reserved for employers falling under PC 310 (banks) or PC 326 (gas and electricity industry) who are not liable for any special contribution to any social fund, neither for workers nor for employees.","l10n_be_joint_committee_310,l10n_be_joint_committee_326,l10n_be_joint_committee_999"
l10n_be_employer_category_00031,00031,031,private,"Employers who are liable for a contribution to the Fund of the Joint Committee for Master Tailors, Seamstresses and Dressmakers No. 107 (see also category 038).","l10n_be_joint_committee_107,l10n_be_joint_committee_200,l10n_be_joint_committee_999"
l10n_be_employer_category_00032,00032,032,private,Embassies and consulates liable for a contribution to the auxiliary non-profit Social Fund as of 01-04-2018.,"l10n_be_joint_committee_200,l10n_be_joint_committee_337,l10n_be_joint_committee_999"
l10n_be_employer_category_00033,00033,033,private,"Category reserved exclusively for certain compensation services liable for social security contributions on holiday pay that they pay, as third-party payers, on behalf of employers (other than the Security of Existence Funds and the National Annual Leave Fund for the diamond industry).",l10n_be_joint_committee_999
l10n_be_employer_category_00035,00035,035,private,"Employers who are liable, as of 01/07/2012, for a contribution to the Fund of the Joint Committee for Liberal Professions No. 336; category reserved for liberal professions in the strict, non-medical sense, and beneficiaries of the redistribution of social charges, i.e. veterinarian, lawyer, architect, bailiff, chartered surveyor, auditor, accountant, associations of fact formed by these people as well as companies created in the context of the exercise of these professions (see also categories 135, 435, 735, 835).","l10n_be_joint_committee_336,l10n_be_joint_committee_999"
l10n_be_employer_category_00036,00036,036,private,"Employers who are liable for a contribution to the Fund of the Joint Committee for the Printing, Graphic Arts and Newspapers Industry No. 130.","l10n_be_joint_committee_130,l10n_be_joint_committee_130_02,l10n_be_joint_committee_200,l10n_be_joint_committee_999"
l10n_be_employer_category_00037,00037,037,private,"Employers, natural persons, who employ domestic staff, who are liable for a contribution to the Fund of the Joint Committee for Property Management, Real Estate Agents and Domestic Workers No. 323 (see also cat. 039 'household staff').","l10n_be_joint_committee_323,l10n_be_joint_committee_999"
l10n_be_employer_category_00038,00038,038,private,Employers who are liable for a contribution to the Funds of the Joint Committees for the Clothing and Garment Industry No. 109 and/or No. 215 (see also category 031).,"l10n_be_joint_committee_109,l10n_be_joint_committee_215,l10n_be_joint_committee_999"
l10n_be_employer_category_00039,00039,039,private,"Employers, natural persons, who employ 'household staff', other than domestic workers; as of 01/01/2008, they fall under the Joint Committee for the non-profit sector No. 337 or the Joint Committee for Forestry Companies No. 146; employers who fall under Joint Committees No. 144 for agriculture and No. 145 for horticultural companies are excluded (see also cat. 094, 193 and 037).","l10n_be_joint_committee_146,l10n_be_joint_committee_337,l10n_be_joint_committee_999"
l10n_be_employer_category_00043,00043,043,private,"Category reserved for auxiliary staff employed by the European Communities. Collection of social security contributions limited to those relating to pension, health and disability insurance and unemployment schemes.",l10n_be_joint_committee_999
l10n_be_employer_category_00044,00044,044,private,"Employers who are liable for a contribution to the Fund of the Joint Committee for Construction No. 124 whose main activity consists of tiling, mosaic and all other wall and floor covering work (except wood), plastering and rendering work, stucco and staff work (see also categories 024, 026, 054).","l10n_be_joint_committee_124,l10n_be_joint_committee_200,l10n_be_joint_committee_999"
l10n_be_employer_category_00048,00048,048,private,"Employers who are liable for a contribution to the Funds of the Joint Committees for the Food Industry No. 118 and/or No. 220 and who are not included in another specific category for this sector (see also categories 051, 052, 058, 258, 848).","l10n_be_joint_committee_118_01,l10n_be_joint_committee_118_02,l10n_be_joint_committee_118_04,l10n_be_joint_committee_118_05,l10n_be_joint_committee_118_07,l10n_be_joint_committee_118_08,l10n_be_joint_committee_118_10,l10n_be_joint_committee_118_11,l10n_be_joint_committee_118_12,l10n_be_joint_committee_118_13,l10n_be_joint_committee_118_14,l10n_be_joint_committee_118_15,l10n_be_joint_committee_118_16,l10n_be_joint_committee_118_17,l10n_be_joint_committee_118_18,l10n_be_joint_committee_118_19,l10n_be_joint_committee_118_20,l10n_be_joint_committee_118_21,l10n_be_joint_committee_118_22,l10n_be_joint_committee_220,l10n_be_joint_committee_999"
l10n_be_employer_category_00049,00049,049,private,Employers who are liable for a contribution to the Fund of the Joint Committee for Textile Maintenance No. 110.,"l10n_be_joint_committee_110,l10n_be_joint_committee_200,l10n_be_joint_committee_999"
l10n_be_employer_category_00051,00051,051,private,"Employers who are liable for a contribution to the Funds of the Joint Committees for the Food Industry No. 118 and/or No. 220 - sub-sector of the vegetable industry (canned, frozen, dried, dehydrated vegetables, cleaning or preparation of fresh vegetables...) (see also categories 052, 048, 058, 258, 848).","l10n_be_joint_committee_118_09,l10n_be_joint_committee_118_10,l10n_be_joint_committee_220,l10n_be_joint_committee_999"
l10n_be_employer_category_00052,00052,052,private,"Employers who are liable for a contribution to the Funds of the Joint Committees for the Food Industry No. 118 and/or No. 220 - sub-sector of the fruit industry (canned, frozen, jams, syrups...) (see also categories 051, 048, 058, 258, 848).","l10n_be_joint_committee_118_09,l10n_be_joint_committee_118_10,l10n_be_joint_committee_220,l10n_be_joint_committee_999"
l10n_be_employer_category_00053,00053,053,private,"Employers falling under Joint Committees No. 101 - National Joint Committee for Mines and No. 205 for employees of coal mines - concerns coal mines, by-product factories, organizations dependent on mines...","l10n_be_joint_committee_101,l10n_be_joint_committee_205,l10n_be_joint_committee_999"
l10n_be_employer_category_00054,00054,054,private,"Employers who are liable for a contribution to the Fund of the Joint Committee for Construction No. 124 whose main activity consists of performing construction roofing work and pointing work (see also categories 024, 026, 044).","l10n_be_joint_committee_124,l10n_be_joint_committee_200,l10n_be_joint_committee_999"
l10n_be_employer_category_00055,00055,055,private,Employers who are liable for a contribution to the Fund of the Joint Committee for Furniture and Woodworking Industry No. 126.,"l10n_be_joint_committee_126,l10n_be_joint_committee_999"
l10n_be_employer_category_00056,00056,056,private,Employers falling under Joint Committees No. 104 for the Steel Industry and No. 210 for employees of the steel industry.,"l10n_be_joint_committee_104,l10n_be_joint_committee_210,l10n_be_joint_committee_999"
l10n_be_employer_category_00057,00057,057,private,"Employers who are liable for contributions for workers to the Funds of the PC for food trade No. 119, and for employees of the PC for independent retail trade No. 201 - concerns small food retail trade employing less than 20 workers (on average during the previous calendar year) (see also category 157).","l10n_be_joint_committee_119_01,l10n_be_joint_committee_119_02,l10n_be_joint_committee_119_03,l10n_be_joint_committee_201,l10n_be_joint_committee_999"
l10n_be_employer_category_00058,00058,058,private,"Artisanal bakery (or pastry shop): bakery (or pastry shop) that manufactures fresh products for immediate consumption with a very short shelf life and consumption lounges annexed to a pastry shop where the number of workers employed is less than 20 (expressed in full-time equivalents); liable for a contribution for workers to the 'Social and Guarantee Fund for Bakeries, Pastry Shops and annexed Consumption Lounges', and for employees to the fund of the PC for independent retail trade No. 201.","l10n_be_joint_committee_118_03,l10n_be_joint_committee_201,l10n_be_joint_committee_999"
l10n_be_employer_category_00060,00060,060,private,Employers falling under the Joint Committee for Guarding and/or Surveillance Services No. 317.,"l10n_be_joint_committee_317,l10n_be_joint_committee_999"
l10n_be_employer_category_00061,00061,061,private,Employers who are liable for a contribution to the Fund of the Joint Committee for the Glass Industry No. 115.,"l10n_be_joint_committee_115_01,l10n_be_joint_committee_115_02,l10n_be_joint_committee_115_03,l10n_be_joint_committee_115_04,l10n_be_joint_committee_115_05,l10n_be_joint_committee_115_06,l10n_be_joint_committee_115_07,l10n_be_joint_committee_115_08,l10n_be_joint_committee_115_09,l10n_be_joint_committee_200,l10n_be_joint_committee_999"
l10n_be_employer_category_00062,00062,062,private,"Employers who are liable for a contribution to the Fund of the Sub-Joint Committee for Education and Accommodation Establishments and Services of the Flemish Community No. 319.01; concerns employers approved and/or subsidized by the Flemish Community or the Flemish Community Commission (see also categories 162, 462).","l10n_be_joint_committee_319_01,l10n_be_joint_committee_999"
l10n_be_employer_category_00063,00063,063,private,"Employers who are liable for a contribution to the Fund of the Sub-Joint Committee for Open-Air Kaolin and Sand Quarries in the provinces of Walloon Brabant, Hainaut, Liège, Luxembourg and Namur No. 102.05 (see also categories 463, 090, 010).","l10n_be_joint_committee_102_05,l10n_be_joint_committee_200,l10n_be_joint_committee_999"
l10n_be_employer_category_00064,00064,064,private,Employers who are liable for a contribution to the Fund of the Joint Committee for Garage Businesses No. 112 (see also category 065).,"l10n_be_joint_committee_112,l10n_be_joint_committee_200,l10n_be_joint_committee_999"
l10n_be_employer_category_00065,00065,065,private,Employers who are liable for a contribution to the Fund of the Sub-Joint Committee for Bodywork No. 149.02 (see also category 064).,"l10n_be_joint_committee_149_02,l10n_be_joint_committee_200,l10n_be_joint_committee_999"
l10n_be_employer_category_00066,00066,066,private,Employers who are liable for a contribution to the Fund of the Joint Committee for Cleaning Companies No. 121.,"l10n_be_joint_committee_121,l10n_be_joint_committee_200,l10n_be_joint_committee_999"
l10n_be_employer_category_00067,00067,067,private,"Employers who are liable for a contribution to the Fund of the Sub-Joint Committee for Electricians: installation and distribution, No. 149.01 for workers; and for employees of the PC for independent retail trade No. 201, excluding those in category 467 (see also category 467).","l10n_be_joint_committee_149_01,l10n_be_joint_committee_201,l10n_be_joint_committee_999"
l10n_be_employer_category_00068,00068,068,private,"Employers falling under the Joint Committee for Transport and Logistics No. 140 and who are liable for a contribution to the 'Social Fund for taxi companies and car rental services with a driver' (see also categories 083, 084, 085, 283).","l10n_be_joint_committee_140,l10n_be_joint_committee_140_02,l10n_be_joint_committee_200,l10n_be_joint_committee_999"
l10n_be_employer_category_00069,00069,069,private,"Manufacture/repair of shoes, slippers, bootmakers, shoemakers - see PC employees 200.","l10n_be_joint_committee_128,l10n_be_joint_committee_200,l10n_be_joint_committee_999"
l10n_be_employer_category_00070,00070,070,private,"Category reserved exclusively, as of 01/07/2007, for the declaration of paid athletes under a paid athlete employment contract provided for by the law of 24 February 1978 and professional cyclists, holders of a license issued by the Royal Belgian Cycling League ASBL, and subject to restricted social security coverage; also concerns football referees and football, basketball, volleyball and cycling coaches; in combination with another category assigned to other athletes and another category assigned to ordinary workers (see also categories 076, 262, 362).","l10n_be_joint_committee_223,l10n_be_joint_committee_999"
l10n_be_employer_category_00072,00072,072,private,"Category reserved exclusively for the declaration of doctors subject to restricted social security coverage: 1) doctors in specialist training, to be declared by the healthcare institution where the training is followed (in combination with another category assigned to ordinary workers 025..); 2) from the 3rd quarter of 2009, doctors in general practitioner training, to be declared by the general medicine training coordination center.","l10n_be_joint_committee_330_01,l10n_be_joint_committee_331,l10n_be_joint_committee_999"
l10n_be_employer_category_00073,00073,073,private,"Employers falling under the Sub-Joint Committee for Adapted Work Companies of the Walloon Region and the German-speaking Community No. 327.03; concerns 'Germanophone' Adapted Work Companies, category reserved for Adapted Work Companies subsidized by the Walloon Region (and recognized by AWIPH - Walloon Agency for the Integration of People with Disabilities) but not liable for a contribution to the 'Security of Existence Fund for Adapted Work Companies located in the Walloon Region and the German-speaking Community'; not liable for contributions for at-risk groups (852), temporary unemployment and older unemployed (859) (see also categories 173, 273, 373, 473).","l10n_be_joint_committee_327_01,l10n_be_joint_committee_327_03,l10n_be_joint_committee_999"
l10n_be_employer_category_00074,00074,074,private,"Employers, of an exclusively non-commercial type, falling under Joint Committees No. 152 and/or 225, who are liable for a contribution to the Fund of the Joint Committee for Subsidized Free Education Institutions No. 152; since 01/04/2007, concerns only non-subsidized staff employed by free establishments and boarding schools subsidized by the Flemish Community, whose registered office is located in the Flemish Region or the Brussels-Capital Region and who are registered on the Dutch-speaking social security list (as of 01/07/2012: Sub-Joint Committee No. 152.01 and/or No. 225.01); not liable for contributions for at-risk groups (852), and temporary unemployment and older unemployed (859). (see also category 174).","l10n_be_joint_committee_152_01,l10n_be_joint_committee_225_01,l10n_be_joint_committee_999"
l10n_be_employer_category_00076,00076,076,private,"Category reserved exclusively, as of 01/07/2007, for the declaration of paid athletes under an employee employment contract, other than athletes declared in category 070, and subject to restricted social security coverage; employers who are liable for a contribution to the Funds of the Sub-PC of the socio-cultural sector No. 329.01 (until 30/06/2012), 329.02 or 329.03, or a contribution to the Fund of the PC No. 200; in combination with another category assigned to other athletes and another category assigned to ordinary workers (see also categories 070, 262, 362).","l10n_be_joint_committee_200,l10n_be_joint_committee_329_02,l10n_be_joint_committee_329_03,l10n_be_joint_committee_999"
l10n_be_employer_category_00077,00077,077,private,Employers who are liable for a contribution for workers to the Funds of the Sub-Joint Committee for the Metal Trade No. 149.04; and for employees of the PC for independent retail trade No. 201.,"l10n_be_joint_committee_149_04,l10n_be_joint_committee_201,l10n_be_joint_committee_999"
l10n_be_employer_category_00078,00078,078,private,"Employers who are liable for a contribution for workers to the Funds of the Sub-Joint Committee for Precious Metals No. 149.03; and for employees of the PC for independent retail trade No. 201 - concerns watchmaking, goldsmithing, jewelry and jewelry companies.","l10n_be_joint_committee_149_03,l10n_be_joint_committee_201,l10n_be_joint_committee_999"
l10n_be_employer_category_00079,00079,079,private,"Employers who are liable for a contribution to the Fund of the Sub-Joint Committee for Metal Recovery No. 142.01 (see also categories 082, 092, 102).","l10n_be_joint_committee_142_01,l10n_be_joint_committee_200,l10n_be_joint_committee_999"
l10n_be_employer_category_00080,00080,080,private,Employers who are liable for a contribution to the Fund of the Sub-Joint Committee for Airlines No. 315.02 (see also category 180).,"l10n_be_joint_committee_315_02,l10n_be_joint_committee_999"
l10n_be_employer_category_00082,00082,082,private,"Employers who are liable for a contribution to the Fund of the Sub-Joint Committee for Paper Recovery No. 142.03 (see also categories 079, 092, 102).","l10n_be_joint_committee_142_03,l10n_be_joint_committee_200,l10n_be_joint_committee_999"
l10n_be_employer_category_00083,00083,083,private,"Employers falling under the Joint Committee for Transport and Logistics No. 140 and who are liable for a contribution to the 'Social Fund Transport and Logistics'; and/or who are liable for a contribution to the Fund of the Joint Committee for International Trade, Transport and Logistics Employees No. 226 - only concerns the sub-sectors of road transport of goods for third parties, handling of goods and/or logistics services for third parties regardless of the mode of transport used (outside port areas) (see also categories 068, 084, 085, 283).","l10n_be_joint_committee_140_03,l10n_be_joint_committee_226,l10n_be_joint_committee_999"
l10n_be_employer_category_00084,00084,084,private,"Employers falling under the Joint Committee for Transport and Logistics No. 140 and who are liable for a contribution to the 'Social Fund for moving companies, furniture storage and their related activities' and/or who are liable for a contribution to the Fund of the Joint Committee for International Trade, Transport and Logistics Employees No. 226 (see also categories 068, 083, 085, 283).","l10n_be_joint_committee_140_05,l10n_be_joint_committee_226,l10n_be_joint_committee_999"
l10n_be_employer_category_00085,00085,085,private,"Employers falling under the Joint Committee for Transport and Logistics No. 140 and who are liable for a contribution to the 'Social Fund Bus & Cars' - only concerns special bus services (specialized regular services) and coach services (occasional services) (see also categories 068, 083, 283, 084, 232, 347).","l10n_be_joint_committee_140_01,l10n_be_joint_committee_200,l10n_be_joint_committee_999"
l10n_be_employer_category_00086,00086,086,private,"Employers who are liable for a contribution to the Fund of the Joint Committee for Sea Fishing No. 143 - 'Waarborg en sociaal Fonds voor de zeevisserij' ; concerns fishmongers, buyers in coastal fish halls and who employ staff in their warehouses located in or near these halls (see also category 019, 186).","l10n_be_joint_committee_143,l10n_be_joint_committee_200,l10n_be_joint_committee_999"
l10n_be_employer_category_00087,00087,087,private,Employers who are liable for a contribution to the Funds of the Joint Committees for the Chemical Industry No. 116 and/or No. 207 (see also category 187).,"l10n_be_joint_committee_116,l10n_be_joint_committee_207,l10n_be_joint_committee_999"
l10n_be_employer_category_00089,00089,089,private,Employers who are liable for a contribution to the Funds of the Joint Committee for Paper and Cardboard Processing No. 136 and/or the Joint Committee for Paper and Cardboard Processing Employees No. 222 (see also category 189).,"l10n_be_joint_committee_136,l10n_be_joint_committee_222,l10n_be_joint_committee_999"
l10n_be_employer_category_00090,00090,090,private,"Employers who are liable for a contribution to the Fund of the Sub-Joint Committee for Marble Quarries and Sawmills throughout the Kingdom No. 102.08 (see also categories 063, 463, 010).","l10n_be_joint_committee_102_08,l10n_be_joint_committee_200,l10n_be_joint_committee_999"
l10n_be_employer_category_00091,00091,091,private,"Employers who are liable for a contribution for workers to the Funds of the Joint Committee for Fuel Trade No. 127, and for employees of the PC for independent retail trade No. 201 (see also category 230).","l10n_be_joint_committee_127,l10n_be_joint_committee_201,l10n_be_joint_committee_999"
l10n_be_employer_category_00092,00092,092,private,"Employers who are liable for a contribution to the Fund of the Sub-Joint Committee for Rag Recovery No. 142.02 (see also categories 079, 082, 102).","l10n_be_joint_committee_142_02,l10n_be_joint_committee_200,l10n_be_joint_committee_999"
l10n_be_employer_category_00093,00093,093,private,Employers who are liable for a contribution to the Fund of the Joint Committee for Agricultural and Horticultural Technical Work Companies No. 132 (see also category 193).,"l10n_be_joint_committee_132,l10n_be_joint_committee_999"
l10n_be_employer_category_00094,00094,094,private,"Employers falling under the Joint Committee for Horticultural Companies No. 145, who are liable for a contribution to the 'Social Fund for the establishment and maintenance of parks and gardens'; concerns companies whose activity consists of the establishment and maintenance of parks and gardens, excluding other horticultural companies, floriculture and the cultivation of chicory or mushrooms; also concerns 'household staff' employed by a natural person employer (see also categories 194, 294, 494, 594 and 039).","l10n_be_joint_committee_145_04,l10n_be_joint_committee_145_09,l10n_be_joint_committee_999"
l10n_be_employer_category_00095,00095,095,private,Employers who are liable for a contribution to the Fund for professional training of workers under the Joint Committee for Tourist Attractions (PC 333).,"l10n_be_joint_committee_333,l10n_be_joint_committee_999"
l10n_be_employer_category_00097,00097,097,private,Category reserved exclusively for the declaration of temporary workers employed by licensed temporary work agencies: who are liable for a contribution to the Fund of the Joint Committee for Temporary Work and Licensed Companies providing Proximity Work or Services No. 322; in combination with another category assigned to ordinary workers.,"l10n_be_joint_committee_322,l10n_be_joint_committee_999"
l10n_be_employer_category_00099,00099,099,private,"Category, and specific NSSO number 194xxxx-xx, reserved exclusively for 'third-party payers' who are liable for social security contributions on behalf of employers: reserved for Security of Existence Funds identified before 30/09/1983; in combination possibly with another category, and another NSSO number, assigned to their own workers (see also categories 199, 299, 399, 699...).",l10n_be_joint_committee_999
l10n_be_employer_category_00100,00100,100,private,"Employers who are liable: for their employees: for a contribution to the Fund of the Joint Committee for Independent Retail Trade No. 201, (other than those falling under another specific category: 057, 058, 067, 077, 078, 091, 169), and who are liable for a contribution for workers: for a contribution to the 'Fund for the training of workers of the Joint Auxiliary Committee for Workers' (PC No. 100).","l10n_be_joint_committee_100,l10n_be_joint_committee_201,l10n_be_joint_committee_999"
l10n_be_employer_category_00102,00102,102,private,"Employers who are liable for a contribution to the Fund of the Sub-Joint Committee for the Recovery of Various Products No. 142.04 (see also categories 079, 082, 092).","l10n_be_joint_committee_142_04,l10n_be_joint_committee_200,l10n_be_joint_committee_999"
l10n_be_employer_category_00105,00105,105,private,Category for shipowners who employ seagoing personnel for the merchant navy (PC n° 316).,l10n_be_joint_committee_999
l10n_be_employer_category_00110,00110,110,private,"Employers falling under the Sub-Joint Committee for the Concrete Industry No. 106.02 since 01/10/2006; liable, as of 01/07/2007, for a contribution to the Social Fund of the Concrete Industry.","l10n_be_joint_committee_106_02,l10n_be_joint_committee_200,l10n_be_joint_committee_999"
l10n_be_employer_category_00111,00111,111,private,Category reserved exclusively for the declaration of FBI subsidized contractual workers (for whom a subsidy is granted by the Interdepartmental Budgetary Fund) employed by hospitals; always in combination with category 025 and with the same characteristics as this category.,"l10n_be_joint_committee_330_01,l10n_be_joint_committee_999"
l10n_be_employer_category_00112,00112,112,private,"Employers who are liable for a contribution to the Fund of the Joint Committee for Property Management, Real Estate Agents and Domestic Workers No. 323; concerns employers whose activity is exclusively non-commercial: employers who manage their own association of co-owners; who manage their own real estate assets, other than co-owned assets, and as of 01/07/2008 licensed IPI real estate agents (Professional Institute of Real Estate Agents) (see also categories 037, 113).","l10n_be_joint_committee_323,l10n_be_joint_committee_999"
l10n_be_employer_category_00113,00113,113,private,"Employers who are liable for a contribution to the Fund of the Joint Committee for Property Management, Real Estate Agents and Domestic Workers No. 323; concerns employers whose activity is exclusively commercial: real estate managers, licensed as real estate agents by the IPI (Professional Institute of Real Estate Agents) and, as of 01/07/2008, licensed IPI real estate agents; certain employers who manage their own real estate assets, other than co-owned assets (see also categories 037, 112).","l10n_be_joint_committee_323,l10n_be_joint_committee_999"
l10n_be_employer_category_00114,00114,114,private,Employers who are liable for a contribution to the Social Fund for the Brick Industry and who fall under the Joint Committee for the Brick Industry (PC No. 114).,"l10n_be_joint_committee_114,l10n_be_joint_committee_200,l10n_be_joint_committee_999"
l10n_be_employer_category_00118,00118,118,private,Ceramic industry.,"l10n_be_joint_committee_113,l10n_be_joint_committee_200,l10n_be_joint_committee_999"
l10n_be_employer_category_00121,00121,121,private,"Category reserved for shipowners and crew members employed under an employment contract for the service of inland waterway vessels and who are liable for a contribution to the Fund for Rhine and Inland Navigation for their workers; for barge transport (transport of goods) and passenger transport for third parties, both in Belgium and abroad, in a 40-hour regime (22/25). See also categories 221, 421, 521, 621 and 721.","l10n_be_joint_committee_139,l10n_be_joint_committee_999"
l10n_be_employer_category_00122,00122,122,private,"As of 01/01/2008, employers falling under Joint Committee No. 331 for the 'Vlaamse welzijns- en gezondheidssector' (Flemish welfare and health sector) (sub-sector 331.00.20); liable for a contribution to the 'Sociaal Fonds voor de Vlaamse welzijns- en gezondheidssector' (Social Fund for the Flemish welfare and health sector); concerns Dutch-speaking employers, located in the Flemish Region or the Brussels Region, whose main activity concerns: family planning center, telephone support center, social volunteer organization, anti-drug addiction service, marriage contact center, prenatal consultation center, young child consultation office, child abuse trust center, adoption service, development disorder center, disabled care consultation center, home care cooperation initiative, mental health care center, health promotion and prevention services and centers with the exception of health insurance funds (see also categories 222, 422, 522, 722, 735, 911).","l10n_be_joint_committee_331,l10n_be_joint_committee_999"
l10n_be_employer_category_00123,00123,123,private,"Employers who are liable for a contribution to the Fund of the Joint Committee for Hairdressing and Beauty Care No. 314; concerns the hairdressing and beauty care sector, excluding fitness centers, bodybuilding, saunas and tanning centers (see also category 223).","l10n_be_joint_committee_314,l10n_be_joint_committee_999"
l10n_be_employer_category_00125,00125,125,private,"Employers falling under the Joint Committee for Health Establishments and Services (PC No. 330.01.10) and contributing to the 'Social Fund for private hospitals', more specifically the Flemish categorical hospitals and psychiatric nursing homes, who also contribute to the 'Sectoraal Spaarfonds van de federale sectoren' (Sectoral Savings Fund of the federal sectors).",l10n_be_joint_committee_999
l10n_be_employer_category_00129,00129,129,private,"Employers falling under the Sub-Joint Committee for Sawmills and Related Industries (SCP No. 125.02) who are liable for a contribution to the Fund for the Security of Existence of Sawmills and Related Industries. (see also cat. 029, 129).","l10n_be_joint_committee_125_02,l10n_be_joint_committee_200,l10n_be_joint_committee_999"
l10n_be_employer_category_00130,00130,130,private,Employers who are liable for a contribution to the Fund of the Joint Committee for Insurance Companies No. 306 (see also category No. 530).,"l10n_be_joint_committee_306,l10n_be_joint_committee_999"
l10n_be_employer_category_00132,00132,132,private,Category reserved exclusively for the declaration of FBI subsidized contractual workers (for whom a subsidy is granted by the Interdepartmental Budgetary Fund) employed by semi-public hospitals; always in combination with category 032 and with the same characteristics as this category.,l10n_be_joint_committee_999
l10n_be_employer_category_00133,00133,133,private,Employers who are liable for a contribution to the Fund of the Joint Committee for the Tobacco Industry No. 133.,"l10n_be_joint_committee_133_01,l10n_be_joint_committee_133_02,l10n_be_joint_committee_133_03,l10n_be_joint_committee_200,l10n_be_joint_committee_999"
l10n_be_employer_category_00135,00135,135,private,"Employers, liberal professions, who are liable for a contribution to the Fund of the Joint Committee for Pharmacies and Pricing Offices No. 313; concerns employers, liberal professions, who carry out their activity as a natural person or association of fact (employers from category 035), as well as companies in which one of the partners holds the title of pharmacist; beneficiaries of the redistribution of social charges (see also categories 235, 335).","l10n_be_joint_committee_313,l10n_be_joint_committee_999"
l10n_be_employer_category_00139,00139,139,private,General category for employers who are liable for a special contribution to the auxiliary non-profit Social Fund (PC No. 337) for workers.,"l10n_be_joint_committee_337,l10n_be_joint_committee_999"
l10n_be_employer_category_00157,00157,157,private,"Employers who are liable for a contribution for workers to the Funds of the Joint Committee for Food Trade No. 119; and for employees of the Sub-Joint Committee for Medium-Sized Food Companies No. 202.01 - concerns medium-sized food retail trade employing 20 or more workers (on average during the previous calendar year) with a maximum of 2 sales points, one at the registered office and one branch (see also category 057).","l10n_be_joint_committee_119_01,l10n_be_joint_committee_119_02,l10n_be_joint_committee_202_01,l10n_be_joint_committee_999"
l10n_be_employer_category_00162,00162,162,private,"Employers who are liable for a contribution to the Fund of the Sub-Joint Committee for Education and Accommodation Establishments and Services of the French Community, the Walloon Region and the German-speaking Community No. 319.02; concerns employers approved and/or subsidized by the French Community, the Walloon Region, the German-speaking Community or the French Community Commission and those, not approved or subsidized whose main activity is carried out in Wallonia (see also categories 062, 462).","l10n_be_joint_committee_319_02,l10n_be_joint_committee_999"
l10n_be_employer_category_00163,00163,163,private,Employers who are liable for a contribution to the 2nd Pillar Fund SCP 102.01 for the sectoral supplementary pension scheme for workers under the Sub-Joint Committee for Small Bluestone and Limestone Quarries in the province of Hainaut (SCP 102.01).,"l10n_be_joint_committee_102_01,l10n_be_joint_committee_203,l10n_be_joint_committee_999"
l10n_be_employer_category_00169,00169,169,private,"Employers who are liable for a contribution for workers to the Fund of the Joint Committee for the Leather and Hide and Replacement Products Industry No. 128; and for employees of the PC for independent retail trade No. 201 (see also categories 069, 369).","l10n_be_joint_committee_128,l10n_be_joint_committee_201,l10n_be_joint_committee_999"
l10n_be_employer_category_00173,00173,173,private,"Employers falling under the Sub-Joint Committee for Adapted Work Companies subsidized by the French Community Commission No. 327.02; concerns employers of 'Francophone' Brussels Adapted Work Companies; liable for a contribution to the 'Security of Existence Fund for Adapted Work Companies approved by the French Community Commission'; not liable for contributions for at-risk groups (852), and temporary unemployment and older unemployed (859) (see also categories 073, 273, 373, 473).","l10n_be_joint_committee_327,l10n_be_joint_committee_327_02,l10n_be_joint_committee_999"
l10n_be_employer_category_00174,00174,174,private,"Employers, of an exclusively non-commercial type, falling under Joint Committees No. 152 and/or 225, who are liable for a contribution to the Fund of the Joint Committee for Subsidized Free Education Institutions No. 152; concerns non-subsidized staff employed, since 01/04/2007, by free establishments and boarding schools and, since 01/10/2011, by free psycho-medical-social centers and free management centers in fundamental education subsidized by the French Community or the German-speaking Community, whose registered office is located in the Walloon Region or the Brussels-Capital Region and who are registered with the NSSO on the French-speaking list (as of 01/07/2012: Sub-Joint Committee No. 152.02 and/or No. 225.02); not liable for contributions for at-risk groups (852), and temporary unemployment and older unemployed (859). (see also category 074).","l10n_be_joint_committee_152_02,l10n_be_joint_committee_225_02,l10n_be_joint_committee_999"
l10n_be_employer_category_00176,00176,176,private,"Category reserved exclusively, as of 01/07/2012, for the declaration of paid athletes under an employee employment contract, other than athletes declared in category 070 and 076, and subject to restricted social security coverage; employers who are liable for a special contribution to the Fund of the Sub-Joint Committee of the socio-cultural sector of the Flemish Community No. 329.01, in combination with another category assigned to other athletes and another category assigned to ordinary workers (see also categories 070, 076, 262).","l10n_be_joint_committee_329_01,l10n_be_joint_committee_999"
l10n_be_employer_category_00180,00180,180,private,"Private law employers who, in addition to workers under a private law employment contract, also employ staff under public status and who fall under the Joint Committee for Commercial Aviation No. 315; as of 21/08/2009, they fall under the Sub-Joint Committee for Airport Management No. 315.03; concerns in particular BAC S.A.-N.V. No. 1890168-18 (see also category 080).","l10n_be_joint_committee_315_03,l10n_be_joint_committee_999"
l10n_be_employer_category_00186,00186,186,private,"Employers who are liable for a contribution to the Fund of the Joint Committee for Sea Fishing No. 143 - 'Waarborg en sociaal Fonds voor de zeevisserij' ; concerns employers whose economic activity consists of the operation and management of fish sales (see also categories 019, 086).","l10n_be_joint_committee_143,l10n_be_joint_committee_200,l10n_be_joint_committee_999"
l10n_be_employer_category_00187,00187,187,private,"Employers who are liable for a contribution to the Funds of the Joint Committees for the Chemical Industry No. 116 and/or No. 207, but who are exempt from paying the part of the contribution intended for at-risk groups if they have themselves taken similar initiatives endorsed by a collective labour agreement (see also category 087).","l10n_be_joint_committee_116,l10n_be_joint_committee_207,l10n_be_joint_committee_999"
l10n_be_employer_category_00189,00189,189,private,"Employers who are liable for contributions to the Funds of the Joint Committee for Pulp, Paper and Cardboard Production No. 129 and/or the Joint Committee for Employees of the Paper Industry No. 221 (see also category 089).","l10n_be_joint_committee_129,l10n_be_joint_committee_221,l10n_be_joint_committee_999"
l10n_be_employer_category_00193,00193,193,private,"Employers who are liable for a contribution to the Fund of the Joint Committee for Agriculture No. 144; also concerns 'household staff' employed by a natural person employer for, for example, the maintenance of stables, horses... (see also categories 093 and 039).","l10n_be_joint_committee_144,l10n_be_joint_committee_999"
l10n_be_employer_category_00194,00194,194,private,"Employers falling under the Joint Committee for Horticultural Companies No. 145, who are liable for a contribution to the 'Social and Guarantee Fund for Horticultural Companies'; concerns horticultural companies, excluding those whose activity consists of the establishment of parks and gardens, floriculture or certain cultivation of chicory or mushrooms (see also categories 094, 294, 494, 594).","l10n_be_joint_committee_145_02,l10n_be_joint_committee_145_03,l10n_be_joint_committee_145_05,l10n_be_joint_committee_145_06,l10n_be_joint_committee_145_07,l10n_be_joint_committee_145_08,l10n_be_joint_committee_999"
l10n_be_employer_category_00199,00199,199,private,"Category, reserved exclusively for the Diamond Industry Fund (No. 1943023-48), the State Holiday Fund for the Diamond Industry (No. 1941003-94) and the Internal Compensation Fund for the diamond sector (No. 1943066-16), who are liable for social security contributions as 'third-party payers'; in combination possibly with another category, and another NSSO number, for their own staff (see also categories 099, 299, 399, 699,...).",l10n_be_joint_committee_999
l10n_be_employer_category_00200,00200,200,private,"Employers who are liable: for employees: for a contribution to the Fund of the Joint Committee for International Trade, Transport and Logistics Employees No. 226; and as of 01/04/2012, for workers: for a contribution to the 'Fund for the training of workers of the Joint Auxiliary Committee for Workers' (PC No. 100) (see also categories 083, 084).","l10n_be_joint_committee_100,l10n_be_joint_committee_226,l10n_be_joint_committee_999"
l10n_be_employer_category_00205,00205,205,private,Category for shipowners who employ seagoing personnel for dredging work (PC No. 316).,l10n_be_joint_committee_999
l10n_be_employer_category_00210,00210,210,private,"General category for employers who are liable for a special contribution for workers to the 'Fund for the training of workers of the Joint Auxiliary Committee for Workers' (PC No. 100) and, for employees, for a special contribution to the 'CPAE Social Fund' (of the Auxiliary Joint Committee for Employees No. 200, competent for the commercial sector) (see also category 010).","l10n_be_joint_committee_100,l10n_be_joint_committee_200,l10n_be_joint_committee_999"
l10n_be_employer_category_00211,00211,211,private,"Employers falling under the Sub-Joint Committee for Home Help and Senior Assistance Services of the Flemish Community No. 318.02; concerns services subsidized by the Flemish Community, excluding non-subsidized services; employers benefiting from the cumulative structural reduction and the social Maribel reduction (see also categories 611, 011).","l10n_be_joint_committee_318_02,l10n_be_joint_committee_999"
l10n_be_employer_category_00212,00212,212,private,"Foreign employers, without a place of business in Belgium, who employ workers not bound by a Belgian employment contract but who must be subject to social security in Belgium under international regulations; not liable for the annual leave contribution; not liable for most special contributions.","l10n_be_joint_committee_200,l10n_be_joint_committee_999"
l10n_be_employer_category_00221,00221,221,private,"Category reserved for shipowners and crew members employed under an employment contract for the service of inland waterway vessels and who are liable for a contribution to the Fund for Rhine and Inland Navigation for their workers; for canal work (loading and unloading of ships) and passenger transport for third parties, both in Belgium and abroad, in a 38-hour regime (22/25). (see also categories 121, 421, 521, 621 and 721).","l10n_be_joint_committee_139,l10n_be_joint_committee_999"
l10n_be_employer_category_00222,00222,222,private,"As of 01/01/2008, employers falling under Joint Committee No. 332 for 'the Francophone and Germanophone Social Assistance and Healthcare Sector' (sub-sector 332.00.20); liable for a contribution to the 'Social Fund for the social assistance and healthcare sector'; concerns Francophone and Germanophone employers located in the Walloon or Brussels Region whose main activity concerns: legal aid, general social action center (Cocof approved), local health promotion center (RW approved), home care coordination center, mutual aid service, health prevention and education service, family planning center, school health and health promotion service, community health promotion service, mental health center, SOS children's team, social service, telephone support center, anti-drug addiction and substance abuse prevention service, and as of 01/05/2012, aid for detainees and/or victims, meeting places, telecare, telephone reception, debt mediation-fight against over-indebtedness, adoption organizations, mutual aid and self-help services (see also categories 122, 422, 522, 722, 735, 911).","l10n_be_joint_committee_332,l10n_be_joint_committee_999"
l10n_be_employer_category_00223,00223,223,private,"Employers who are liable for a contribution to the Fund of the Joint Committee for Hairdressing and Beauty Care No. 314; only concerns the sector of fitness centers, bodybuilding, saunas and tanning centers (see also category 123).","l10n_be_joint_committee_314,l10n_be_joint_committee_999"
l10n_be_employer_category_00224,00224,224,private,"Category reserved for temporary workers employed in the construction sector; Employers of licensed temporary work agencies, specially established for the purpose of making workers available to construction companies, who fall under the Joint Committee for Construction (PC 124) and who are engaged in general structural work (see cat 024). These employers contribute both to the Social Fund for temporary workers (see cat 097) and to the Security of Existence and Professional Training Funds for workers in the construction sector of category 024. Category to be assigned based on the activity carried out by the temporary worker at the user's location.",l10n_be_joint_committee_999
l10n_be_employer_category_00226,00226,226,private,"Category reserved for temporary workers employed in the construction sector, Employers of licensed temporary work agencies, specially established for the purpose of making workers available to construction companies, who fall under the Joint Committee for Construction (PC 124) and who are engaged in general finishing work (see cat 026). These employers contribute both to the Social Fund for temporary workers (see cat 097) and to the Security of Existence and Professional Training Funds for workers in the construction sector of category 026. Category to be assigned based on the activity carried out by the temporary worker at the user's location.",l10n_be_joint_committee_999
l10n_be_employer_category_00229,00229,230,private,"Employers falling under the Sub-Joint Committee for Wood Trade (SCP No. 125.03) who are liable for a contribution to the Fund for the Security of Existence of the Wood Trade. (see also cat. 029, 129).","l10n_be_joint_committee_125_03,l10n_be_joint_committee_200,l10n_be_joint_committee_999"
l10n_be_employer_category_00230,00230,230,private,Employers who are liable for a contribution to the Fund of the Joint Committee for the Petroleum Industry and Trade No. 211 (see also categories 091).,"l10n_be_joint_committee_211,l10n_be_joint_committee_999"
l10n_be_employer_category_00232,00232,232,private,"Employers who, due to their public nature, are not liable for contributions for at-risk groups (852), and temporary unemployment and older unemployed (859) (see also categories 032, 432, 532).",l10n_be_joint_committee_999
l10n_be_employer_category_00235,00235,235,private,"Employers who are liable for a contribution to the Fund of the Joint Committee for Pharmacies and Pricing Offices No. 313; concerns employers of an exclusively commercial type, who carry out their activity in the form of a commercial company and in which none of the partners holds the title of pharmacist (employers from category 000) (see also categories 135, 335).","l10n_be_joint_committee_313,l10n_be_joint_committee_999"
l10n_be_employer_category_00244,00244,244,private,"Category reserved for temporary workers employed in the construction sector, Employers of licensed temporary work agencies, specially established for the purpose of making workers available to construction companies, who fall under the Joint Committee for Construction (PC 124) and who are engaged in tiling, mosaic and all other wall and floor covering work (except wood), plastering and rendering work, stucco and staff work (see cat 044). These employers contribute both to the Social Fund for temporary workers (see cat 097) and to the Security of Existence and Professional Training Funds for workers in the construction sector of category 044. Category to be assigned based on the activity carried out by the temporary worker at the user's location.","l10n_be_joint_committee_322,l10n_be_joint_committee_999"
l10n_be_employer_category_00254,00254,254,private,"Category reserved for temporary workers employed in the construction sector, Employers of licensed temporary work agencies, specially established for the purpose of making workers available to construction companies, who fall under the Joint Committee for Construction (PC 124) and who are engaged in construction roofing work and pointing work (see cat 054). These employers contribute both to the Social Fund for temporary workers (see cat 097) and to the Security of Existence and Professional Training Funds for workers in the construction sector of category 054. Category to be assigned based on the activity carried out by the temporary worker at the user's location.","l10n_be_joint_committee_322,l10n_be_joint_committee_999"
l10n_be_employer_category_00257,00257,257,private,Employers falling under the Joint Committee for Retail Food Trade Employees (No. 202) for salaried employees and the Joint Committee for Food Trade (No. 119) for manual workers.,l10n_be_joint_committee_999
l10n_be_employer_category_00258,00258,258,private,"Industrial bakery: bakery that manufactures fresh products for immediate consumption with a very short shelf life and consumption lounges annexed to a pastry shop where the number of workers employed is equivalent to or greater than 20 (expressed in full-time equivalents); liable for a contribution for workers to the 'Social and Guarantee Fund for Bakeries, Pastry Shops and annexed Consumption Lounges', and for employees to the fund of the PC for employees of the food industry No. 220.","l10n_be_joint_committee_118_03,l10n_be_joint_committee_220,l10n_be_joint_committee_999"
l10n_be_employer_category_00262,00262,262,private,"Employers who are liable for a contribution to the 'Sociaal Fonds voor het Sociaal-Cultureel Werk van de Vlaamse Gemeenschap' (Social Fund for Socio-Cultural Work of the Flemish Community); concerns employers, exclusively of a non-commercial type, who, as of 01/07/2012, fall under the Sub-Joint Committee for the socio-cultural sector of the Flemish Community No. 329.01 (see also categories 362, 762, 862).","l10n_be_joint_committee_329_01,l10n_be_joint_committee_999"
l10n_be_employer_category_00273,00273,273,private,"Employers falling under the Sub-Joint Committee for Adapted Work Companies of the Walloon Region and the German-speaking Community No. 327.03; concerns Walloon Adapted Work Companies, category reserved for Adapted Work Companies subsidized by the Walloon Region (and recognized by AWIPH - Walloon Agency for the Integration of People with Disabilities); liable for a contribution to the 'Security of Existence Fund for Adapted Work Companies located in the Walloon Region and the German-speaking Community'; not liable for contributions for at-risk groups (852), and temporary unemployment and older unemployed (859) (see also categories 073, 173, 373, 473).","l10n_be_joint_committee_327,l10n_be_joint_committee_327_03,l10n_be_joint_committee_999"
l10n_be_employer_category_00283,00283,283,private,Employers who are liable for a contribution to the Social Fund for Airport Assistance and who fall under the Joint Committee for Transport and Logistics and belong to the sub-sector of ground handling at airports (PC No. 140).,"l10n_be_joint_committee_140_04,l10n_be_joint_committee_226,l10n_be_joint_committee_999"
l10n_be_employer_category_00293,00293,293,private,"Employers who fall under the Joint Committee for Agriculture and whose main activity is the cultivation of flax, the cultivation of hemp, the primary processing of flax and/or hemp.","l10n_be_joint_committee_144,l10n_be_joint_committee_999"
l10n_be_employer_category_00294,00294,294,private,"Employers falling under the Joint Committee for Horticultural Companies No. 145, who are liable for a contribution to the 'Social Fund for the establishment and maintenance of parks and gardens' and who, due to their public nature, are liable for the basic employer contribution of the public sector (see also categories 094, 194, 494, 594).","l10n_be_joint_committee_145_04,l10n_be_joint_committee_337,l10n_be_joint_committee_999"
l10n_be_employer_category_00299,00299,299,private,"Category, and specific NSSO number 194xxxx-xx, reserved exclusively for 'third-party payers' who are liable for social security contributions on behalf of employers: reserved 1) for Security of Existence Funds identified after 30/09/1983; 2) for 'third-party payers' in matters of early retirement (conventional or otherwise...); in combination possibly with another category, and another NSSO number, assigned to their own workers (see also categories 099, 199, 699).",l10n_be_joint_committee_999
l10n_be_employer_category_00303,00303,303,private,"Employers who are liable for a contribution to the Fund of the Sub-Joint Committee for Film Production No. 303.01 - concerns the production of feature films, as a main or ancillary activity (see also category 423).","l10n_be_joint_committee_303_01,l10n_be_joint_committee_999"
l10n_be_employer_category_00305,00305,305,private,Category for shipowners who employ seagoing personnel for maritime towing (PC No. 316).,l10n_be_joint_committee_999
l10n_be_employer_category_00311,00311,311,private,"As of 01/01/2008, employers falling under Joint Committee No. 330 for Health Establishments and Services (sub-sector 330.01.20); liable for a contribution to the 'Social Fund for nursing homes for the elderly and private nursing and care homes'; concerns employers, exclusively of a non-commercial type (ASBL, SCIV...), whose main activity concerns: nursing home, nursing and care home, service residence, day care center, day center for the elderly (see also category 330).","l10n_be_joint_committee_330_01,l10n_be_joint_committee_999"
l10n_be_employer_category_00317,00317,317,private,"Employers, commercial or non-commercial, who are liable for a contribution to the Fund of the Joint Committee for the Hotel Industry No. 302; category reserved exclusively for occasional workers as of 01/10/2013; see also category 017.","l10n_be_joint_committee_302,l10n_be_joint_committee_999"
l10n_be_employer_category_00320,00320,320,private,Employers who are liable for a contribution to the Fund of the Joint Committee for Funeral Homes No. 320.,"l10n_be_joint_committee_320,l10n_be_joint_committee_999"
l10n_be_employer_category_00321,00321,321,private,Employers who are liable for a contribution to the Social Fund of the Joint Committee for Wholesale Distributors of Medicines No. 321.,"l10n_be_joint_committee_321,l10n_be_joint_committee_999"
l10n_be_employer_category_00322,00322,322,private,"As of 01/01/2008, employers falling under Joint Committee No. 331 for the 'Vlaamse welzijns- en gezondheidssector' (Flemish welfare and health sector) (sub-sector 331.00.10); liable for a contribution to the 'Sociaal Fonds voor de Vlaamse welzijns- en gezondheidssector' (Social Fund for the Flemish welfare and health sector); concerns Dutch-speaking employers, located in the Flemish Region or the Brussels Region, whose main activity concerns: nurseries, toddler gardens, services for foster parents, services for home care for sick children, out-of-school childcare (see also categories 022, 722).","l10n_be_joint_committee_331,l10n_be_joint_committee_999"
l10n_be_employer_category_00323,00323,323,private,Employers who are liable for a contribution to the Fund of the Sub-Joint Committee for the Operation of Cinemas No. 303.03.,"l10n_be_joint_committee_303_03,l10n_be_joint_committee_999"
l10n_be_employer_category_00330,00330,330,private,"As of 01/01/2008, employers falling under Joint Committee No. 330 for Health Establishments and Services (sub-sector 330.01.20); liable for a contribution to the 'Social Fund for nursing homes for the elderly and private nursing and care homes'; concerns employers, exclusively of a commercial type, whose main activity concerns: nursing home, nursing and care home, service residence, day care center, day center for the elderly (see also category 311).","l10n_be_joint_committee_330_01,l10n_be_joint_committee_999"
l10n_be_employer_category_00335,00335,335,private,"Employers who are liable for a contribution to the Fund of the Joint Committee for Pharmacies and Pricing Offices No. 313; concerns employers, exclusively of a non-commercial type, who carry out their activity in the form of a non-commercial association and in which none of the partners holds the title of pharmacist (employers from category 011) (see also categories 135, 235).","l10n_be_joint_committee_313,l10n_be_joint_committee_999"
l10n_be_employer_category_00362,00362,362,private,"Employers who are liable for a contribution to the 'Social Fund of the socio-cultural sector of the French and German-speaking Communities'; concerns employers, exclusively of a non-commercial type, who, as of 01/04/2012, fall under the Sub-Joint Committee for the socio-cultural sector of the French and German-speaking Community and the Walloon Region No. 329.02 (see also categories 262, 762, 862).","l10n_be_joint_committee_329_02,l10n_be_joint_committee_999"
l10n_be_employer_category_00369,00369,369,private,Employers who are liable as of 01/07/2014 for a contribution to the Fund of the Joint Committee for Orthopedic Technologies No. 340.,"l10n_be_joint_committee_340,l10n_be_joint_committee_999"
l10n_be_employer_category_00373,00373,373,private,"Employers falling under the Sub-Joint Committee for the Flemish sector of adapted work companies, social workshops and 'maatwerkbedrijven' (tailor-made companies) No. 327.01; concerns employers of 'maatwerkbedrijven'; liable for a contribution to the 'Fonds voor Bestaanszekerheid voor de sociale werkplaatsen' (Security of Existence Fund for social workshops) (see also categories 073, 173, 273, 473, 573).",l10n_be_joint_committee_999
l10n_be_employer_category_00405,00405,405,private,Category exclusively reserved for the declaration of leave days taken by seafarers (PC No. 316).,l10n_be_joint_committee_999
l10n_be_employer_category_00417,00417,417,private,"Employers who have the authorization provided for by the law of May 3, 2024 (and fall under Joint Committee 302).","l10n_be_joint_committee_302,l10n_be_joint_committee_999"
l10n_be_employer_category_00421,00421,421,private,"Category reserved for shipowners and crew members (workers and employees) employed under an employment contract for the service of inland waterway vessels and who are liable for a contribution to the Fund for Rhine and Inland Navigation for their workers; for passenger transport for their own account, both in Belgium and abroad, in a 40-hour regime. (see also categories 121, 221, 521, 621 and 721).",l10n_be_joint_committee_999
l10n_be_employer_category_00422,00422,422,private,"As of 01/01/2008, employers falling under Joint Committee No. 330 for Health Establishments and Services (sub-sector 330.02); liable for a contribution to the 'Social Fund for health establishments and services'; concerns 'bi-community' health establishments and services recognized by the Common Community Commission (see also categories 122, 222, 522, 722, 735, 911).","l10n_be_joint_committee_330_02,l10n_be_joint_committee_999"
l10n_be_employer_category_00423,00423,423,private,"Employers who are liable for a contribution for employees: to the Fund of the Joint Committee for the Audiovisual Sector No. 227, and, as of 01/04/2012, for workers: for a contribution to the 'Fund for the training of workers of the Joint Auxiliary Committee for Workers' (PC No. 100).","l10n_be_joint_committee_100,l10n_be_joint_committee_227,l10n_be_joint_committee_999"
l10n_be_employer_category_00430,00430,430,private,"As of 01/01/2008, employers falling under Joint Committee No. 330 for Health Establishments and Services (sub-sector 330.03); liable for a contribution to the 'Social Fund for dental technology'; concerns employers in the dental prosthesis activity sectors (technicians, laboratories...).","l10n_be_joint_committee_330_03,l10n_be_joint_committee_999"
l10n_be_employer_category_00432,00432,432,private,"Employers who, due to their public nature, are not liable for contributions for at-risk groups (852), and temporary unemployment and older unemployed (859); concerns in particular church councils... (see also categories 032, 232, 532).",l10n_be_joint_committee_999
l10n_be_employer_category_00434,00434,434,private,"Employers who are liable for a contribution for employees: to the Security of Existence Fund for Notaries (of the Joint Committee for Employees of Notaries No. 216); and, as of 01/04/2012: for workers: for a contribution to the 'Fund for the training of workers of the Joint Auxiliary Committee for Workers' (PC No. 100); category reserved for organizations of a specifically notarial nature (Federation of Notaries, Disciplinary Chamber, Notaries' House...) that do not benefit from the Redistribution of Social Charges (see also category 435).","l10n_be_joint_committee_100,l10n_be_joint_committee_216,l10n_be_joint_committee_999"
l10n_be_employer_category_00435,00435,435,private,"Employers who are liable for a contribution for employees: to the Security of Existence Fund for Notaries (of the Joint Committee for Employees of Notaries No. 216); and, as of 01/04/2012: for workers for a contribution to the 'Fund for the training of workers of the Joint Auxiliary Committee for Workers' (PC No. 100); category reserved for notaries (as natural persons or in companies) who, as liberal professions, are entitled to the Redistribution of Social Charges (see also category 434).","l10n_be_joint_committee_100,l10n_be_joint_committee_216,l10n_be_joint_committee_999"
l10n_be_employer_category_00443,00443,443,private,"See category 043 - European Union Institutions liable for the basic employer contribution of the public sector for certain workers but without annual leave, occupational diseases and work accidents.",l10n_be_joint_committee_999
l10n_be_employer_category_00462,00462,462,private,"Employers falling under the Joint Committee No. 319 for Education and Accommodation Establishments and Services, liable for a security of existence contribution to the 'Social Fund for Establishments and Services of the Brussels-Capital Region/Common Community Commission and reception centers for asylum seekers approved and/or subsidized by the federal authority'; concerns employers approved and/or subsidized by the COCOM, Common Community Commission of the Brussels-Capital Region, and as of 01/01/2013, reception centers for asylum seekers approved and/or subsidized by the federal authority (see also categories 062, 162).","l10n_be_joint_committee_319,l10n_be_joint_committee_999"
l10n_be_employer_category_00463,00463,463,private,"Employers who are liable for a contribution to the Fund of the Sub-Joint Committee for Open-Air Gravel and Sand Quarries in the provinces of Antwerp, West Flanders, East Flanders and Limburg and Flemish Brabant No. 102.06; the contribution is not owed by white sand quarries (category 010) (see also categories 063, 090, 010).","l10n_be_joint_committee_102_06,l10n_be_joint_committee_200,l10n_be_joint_committee_999"
l10n_be_employer_category_00467,00467,467,private,Employers who fall under the Sub-Joint Committee for Electricians (No. 149.01) for their workers and the Auxiliary Joint Committee for Employees (No. 200) for their employees.,"l10n_be_joint_committee_149_01,l10n_be_joint_committee_200,l10n_be_joint_committee_999"
l10n_be_employer_category_00473,00473,473,private,"Employers falling under the Sub-Joint Committee for the Flemish sector of adapted work companies, social workshops and 'maatwerkbedrijven' (tailor-made companies) No. 327.01; concerns employers of 'maatwerkbedrijven'; liable for a contribution to the 'Vlaams Fonds voor bestaanszekerheid voor de ondernemingen van beschutte tewerkstelling' (Flemish Security of Existence Fund for sheltered employment companies); not liable for contributions for at-risk groups (852), and temporary unemployment and older unemployed (859) (see also categories 073, 173, 273, 373).","l10n_be_joint_committee_327_01,l10n_be_joint_committee_999"
l10n_be_employer_category_00477,00477,477,private,Employers who fall under the Sub-Joint Committee for the Metal Trade (No. 149.04) for their workers and the Auxiliary Joint Committee for Employees (No. 200) for their employees.,"l10n_be_joint_committee_149_04,l10n_be_joint_committee_200,l10n_be_joint_committee_999"
l10n_be_employer_category_00478,00478,478,private,Employers who fall under the Sub-Joint Committee for Precious Metals (No. 149.03) for their workers and the Auxiliary Joint Committee for Employees (No. 200) for their employees.,"l10n_be_joint_committee_149_03,l10n_be_joint_committee_200,l10n_be_joint_committee_999"
l10n_be_employer_category_00494,00494,494,private,"Employers falling under the Joint Committee for Horticultural Companies No. 145, who are liable for a contribution to the 'Social and Guarantee Fund for Horticultural Companies'; concerns companies whose activity concerns floriculture, excluding other horticultural companies, the establishment of parks and gardens, the cultivation of chicory or mushrooms (see also categories 094, 194, 294, 594).","l10n_be_joint_committee_145_01,l10n_be_joint_committee_999"
l10n_be_employer_category_00505,00505,505,private,Category for shipowners who employ seagoing personnel for offshore installation and maintenance work (PC No. 316).,l10n_be_joint_committee_999
l10n_be_employer_category_00511,00511,511,private,"As of 01/01/2008, Dutch-speaking employers falling under Joint Committee No. 330 for Health Establishments and Services ('sub-sector' 330.01.41); concerns autonomous rehabilitation centers located in the Flemish Region and Dutch-speaking autonomous rehabilitation centers located in the Brussels Region that depend on a Fund or a community or regional organization for the social integration of people with disabilities or their beneficiaries; not liable for contributions for at-risk groups (852), and temporary unemployment and older unemployed (859) (see also category 722 and 711).","l10n_be_joint_committee_330_01,l10n_be_joint_committee_999"
l10n_be_employer_category_00512,00512,512,private,"Employers falling under the Joint Committee for Health Establishments and Services (PC No. 330.01.41), more specifically autonomous rehabilitation centers located in the Flemish Region and Dutch-speaking autonomous rehabilitation centers located in the Brussels Region that depend on a Fund or a community or regional organization for the social integration of people with disabilities or their beneficiaries, who do not contribute to the 'Sectoraal Spaarfonds van de federale sectoren' (Sectoral Savings Fund of the federal sectors).",l10n_be_joint_committee_999
l10n_be_employer_category_00521,00521,521,private,"Category reserved for shipowners and crew members (workers and employees) employed under an employment contract for the service of inland waterway vessels and who are liable for a contribution to the Fund for Rhine and Inland Navigation for their workers; for passenger transport for their own account, both in Belgium and abroad, in a 38-hour regime. (see also categories 121, 221, 421, 621 and 721).",l10n_be_joint_committee_999
l10n_be_employer_category_00522,00522,522,private,"As of 01/01/2008, employers falling under Joint Committee No. 330 for Health Establishments and Services - residual chamber 5 of the federal agreement -; liable for a contribution to the 'Social Fund for health establishments and services'; concerns employers whose main activity consists of: protected housing initiatives (sub-sectors 330.01.51 Dutch-speaking and 330.01.52 French-speaking), medical homes (sub-sectors 330.01.53 Dutch-speaking and 330.01.54 French-speaking), blood services of the Belgian Red Cross (sub-sector 330.01.55) (see also categories 122, 222, 422, 722, 735, 911).","l10n_be_joint_committee_330_01,l10n_be_joint_committee_999"
l10n_be_employer_category_00530,00530,530,private,Employers who are liable for a contribution to the Fund of the Joint Committee for Brokerage and Insurance Agencies No. 307 (see also category 130).,"l10n_be_joint_committee_307,l10n_be_joint_committee_999"
l10n_be_employer_category_00532,00532,532,private,"Employers falling under the Joint Sub-Committee for Licensed Social Housing Companies No. 339 and more specifically sub-committees 339.01 (until 31/03/2022), 339.02 or 339.03; concerns social housing companies licensed in accordance with the Housing Codes of the Regions and who carry out one or more of the following activities: 1) buy, have demolished, have built, have renovated, sell, manage, (rent out) buildings within the framework of social housing 2) buy land intended to be developed or resold for the construction of the buildings referred to in point 1 3) carry out general maintenance work on buildings acquired within the framework of the social purpose. See also cat. 632.","l10n_be_joint_committee_339_02,l10n_be_joint_committee_339_03,l10n_be_joint_committee_999"
l10n_be_employer_category_00562,00562,562,private,Dutch-speaking employers falling under the Joint Committee for Performing Arts No. 304 and who are liable for a contribution to the 'Sociaal Fonds voor de podiumkunsten van de Vlaamse Gemeenschap' (Social Fund for the performing arts of the Flemish Community); concerns employers whose registered office is located in the Flemish Region or the Brussels-Capital Region and who are registered with the NSSO on the Dutch-speaking linguistic list.,"l10n_be_joint_committee_304,l10n_be_joint_committee_999"
l10n_be_employer_category_00573,00573,573,private,"IDESS (Initiative for the Development of Employment in the Proximity Services Sector with a Social Purpose), licensed and/or subsidized by the Walloon Region, constituted in the form of a social purpose company.","l10n_be_joint_committee_327,l10n_be_joint_committee_999"
l10n_be_employer_category_00594,00594,594,private,"Employers falling under the Joint Committee for Horticultural Companies No. 145, who are liable for a contribution to the 'Social and Guarantee Fund for Horticultural Companies'; concerns certain employers who can employ occasional workers for a maximum of 100 days per calendar year in the cultivation of chicory, in the cultivation of mushrooms and as of 01/01/2020 in the cultivation of fruits (see also categories 094, 194, 294, 494). Due to the corona crisis, the maximum number of days is doubled to 200 days in 2020. As of 01/07/2023, concerns certain employers who can declare occasional workers in the cultivation of chicory or mushrooms.","l10n_be_joint_committee_145_02,l10n_be_joint_committee_145_06,l10n_be_joint_committee_999"
l10n_be_employer_category_00597,00597,597,private,"Employers who are liable for a contribution to the Fund of the Sub-Joint Committee for Licensed Companies providing Proximity Work or Services No. 322.01; category reserved exclusively for CERTAIN workers employed under a 'service voucher' employment contract: those employed by: a) temporary work agencies that have a licensed 'sui generis section' for service vouchers; b) since 20/10/2006: licensed service voucher companies that do not carry out any other activity, main or not, for which a specific and functioning Joint Committee is competent.","l10n_be_joint_committee_322_01,l10n_be_joint_committee_999"
l10n_be_employer_category_00611,00611,611,private,"Employers falling under the Sub-Joint Committee for Home Help and Senior Assistance Services of the French Community, the Walloon Region and the German-speaking Community No. 318.01; concerns services subsidized by the Walloon Region, by the Common Community Commission and the French Community Commission of the Brussels-Capital Region and by the German-speaking Community, excluding non-subsidized services; employers benefiting from the cumulative structural reduction and the social Maribel reduction (see also categories 211, 011).","l10n_be_joint_committee_318_01,l10n_be_joint_committee_999"
l10n_be_employer_category_00621,00621,621,private,"Category reserved for shipowners and crew members (workers and employees) employed under an employment contract for the service of inland waterway vessels and who are liable for a contribution to the Fund for Rhine and Inland Navigation for their workers; for navigation in a system (22/25; workers in a team work regime), both in Belgium and abroad. (see also categories 121, 221, 421, 521 and 721).",l10n_be_joint_committee_999
l10n_be_employer_category_00632,00632,632,private,Employers falling under the Sub-Joint Committee for licensed social housing companies of the Flemish region (PC 339.01).,"l10n_be_joint_committee_339_01,l10n_be_joint_committee_999"
l10n_be_employer_category_00662,00662,662,private,Employers falling under the Joint Committee for Performing Arts (PC No. 304) and who are liable for a contribution to the 'Security of Existence Fund for the performing arts sector of the Wallonia-Brussels French Community'; concerns employers whose registered office is located in the Walloon Region or the Brussels-Capital Region and who are registered with the NSSO on the French-speaking linguistic list.,"l10n_be_joint_committee_304,l10n_be_joint_committee_999"
l10n_be_employer_category_00699,00699,699,private,"Category, reserved exclusively for the Security of Existence Fund for Furniture and Woodworking Industry (No. 1943025-42), who is liable for social security contributions as a 'third-party payer'; in combination possibly with another category, and another NSSO number, for its own staff (see also categories 099, 199, 299,...).",l10n_be_joint_committee_999
l10n_be_employer_category_00711,00711,711,private,"As of 01/01/2008, French-speaking and German-speaking employers falling under Joint Committee No. 330 for Health Establishments and Services ('sub-sector' 330.01.42); concerns autonomous rehabilitation centers located in the Walloon Region and French-speaking autonomous rehabilitation centers located in the Brussels Region that depend on a Fund or a community or regional organization for the social integration of people with disabilities or their beneficiaries; not liable for contributions for at-risk groups (852), and temporary unemployment and older unemployed (859) (see also categories 722 and 511).","l10n_be_joint_committee_330_01,l10n_be_joint_committee_999"
l10n_be_employer_category_00721,00721,721,private,"Category reserved for shipowners and crew members (workers and employees) employed under an employment contract for the service of inland waterway vessels and who are liable for a contribution to the Fund for Rhine and Inland Navigation for their workers; for towing (22/25), both in Belgium and abroad. (see also categories 121, 221, 421, 521 and 621).",l10n_be_joint_committee_999
l10n_be_employer_category_00722,00722,722,private,"As of 01/01/2008, employers falling under Joint Committee No. 330 for Health Establishments and Services ('sub-sector' 330.04, chamber 7); liable for a contribution to the 'Social Fund for health establishments and services'; concerns employers whose main activity consists of: emergency medical service, independent patient transport company, pediatric medical center, mental health platform, polyclinic, continuous and palliative home care, external prevention and protection at work service, laboratory, medical control service, other paramedical activities - residual group; as well as employers falling under Joint Committee No. 330 (sub-sector 330.01.42) but not falling under category 511 or 711 (see also categories 122, 222, 422, 522, 711, 735, 911).","l10n_be_joint_committee_330_04,l10n_be_joint_committee_999"
l10n_be_employer_category_00735,00735,735,private,"As of 01/01/2008, employers falling under Joint Committee No. 330 for Health Establishments and Services (sub-sector 330.04, chamber 7); liable for a contribution to the 'Social Fund for health establishments and services'; concerns employers, liberal professions, whose main activity consists of a general practitioner and/or specialist's office, physiotherapist, dentist and certain paramedical professions; are concerned by the redistribution of social charges (employers from category 035) (see also categories 122, 222, 422, 522, 722, 911).","l10n_be_joint_committee_330_04,l10n_be_joint_committee_999"
l10n_be_employer_category_00762,00762,762,private,"Employers falling under the Sub-Joint Committee for Federal and Bi-community Socio-cultural Organizations (PC No. 329.03) and who are liable for a contribution to the 'Social Fund of the socio-cultural sector of the French and German-speaking Communities'; concerns employers exclusively of a non-commercial type (federal and bi-community, international associations or organizations under foreign law) whose registered office is located in the Brussels-Capital Region and who are registered with the NSSO on the French-speaking linguistic list (see also categories 262, 362, 862).","l10n_be_joint_committee_329_03,l10n_be_joint_committee_999"
l10n_be_employer_category_00812,00812,812,private,"Employers falling under the Joint Committee for Health Establishments and Services (PC No. 330.01.10) and contributing to the 'Social Fund for private hospitals', more specifically the Flemish categorical hospitals and psychiatric nursing homes, who also contribute to the 'Sectoraal Spaarfonds van de federale sectoren' (Sectoral Savings Fund of the federal sectors). Category reserved exclusively for the declaration of FBI subsidized contractual workers.",l10n_be_joint_committee_999
l10n_be_employer_category_00822,00822,822,private,"Employers falling under the Joint Committee for Health Establishments and Services - residual of the federal agreement (PC No. 330.01.51) and contributing to the 'Social Fund for health establishments and services', more specifically the Flemish protected housing initiatives, who also contribute to the 'Sectoraal Spaarfonds van de federale sectoren' (Sectoral Savings Fund of the federal sectors).","l10n_be_joint_committee_330_01,l10n_be_joint_committee_999"
l10n_be_employer_category_00830,00830,830,private,"Employers falling under the Joint Committee for Health Establishments and Services (PC No. 330.01.20) and contributing to the 'Social Fund for nursing homes for the elderly and private nursing and care homes', more specifically the nursing homes for the elderly, private nursing and care homes, assisted living facilities falling under the Flemish Community and/or the COCON, who also contribute to the 'Sectoraal Spaarfonds van de federale sectoren' (Sectoral Savings Fund of the federal sectors).","l10n_be_joint_committee_330_01,l10n_be_joint_committee_999"
l10n_be_employer_category_00835,00835,835,private,"Employers who are liable, as of 01/07/2012, for a contribution to the Fund of the Joint Committee for Liberal Professions No. 336: category reserved for employers 1) who carry out an independent professional activity of providing services or supplying goods, which does not consist of a commercial act or artisanal activity, excluding agricultural and livestock activities, and excluding other liberal professions declared in another specific category 035-135-735-911; 2) service providers subject to the legislation on the professional title, excluding those declared in another category (see also categories 035, 135, 735).","l10n_be_joint_committee_336,l10n_be_joint_committee_999"
l10n_be_employer_category_00848,00848,848,private,"Employers falling under the Joint Committees for the Food Industry No. 118 - sub-sector of the sugar industry (sugar factories, refineries, sugar mills, candy factories, distilleries...) and/or No. 220; liable for a contribution to the 'Social and Guarantee Fund of the sugar and its derivatives industry' for the 2nd pension pillar (see also categories 048, 051, 052, 058, 258).","l10n_be_joint_committee_118_06,l10n_be_joint_committee_220,l10n_be_joint_committee_999"
l10n_be_employer_category_00862,00862,862,private,"Employers falling under the Sub-Joint Committee for Federal and Bi-community Socio-cultural Organizations (PC No. 329.03) and who are liable for a contribution to the 'Sociaal Fonds voor het sociaal-cultureel werk van de Vlaamse Gemeenschap' (Social Fund for the socio-cultural work of the Flemish Community); concerns employers exclusively of a non-commercial type, federal and bi-community, international associations or organizations under foreign law whose registered office is located in the Brussels-Capital Region and who are registered with the NSSO on the Dutch-speaking linguistic list (see also categories 262, 362, 762).","l10n_be_joint_committee_329_03,l10n_be_joint_committee_999"
l10n_be_employer_category_00898,00898,898,private,Funds that intervene for employers who do not fall under category 1 for the structural reduction.,l10n_be_joint_committee_999
l10n_be_employer_category_00911,00911,911,private,"As of 01/01/2008, employers falling under Joint Committee No. 330 for Health Establishments and Services (sub-sector 330.01.30); concerns employers whose main activity concerns home nursing services (without palliative care and without a home care and services coordination center) (see also categories 122, 222, 722).","l10n_be_joint_committee_330_01,l10n_be_joint_committee_999"
l10n_be_employer_category_00962,00962,962,private,"Education and accommodation establishments and services that are not approved and/or subsidized, and are not liable for the contribution to the Security of Existence Fund of PC 319.","l10n_be_joint_committee_319,l10n_be_joint_committee_999"
l10n_be_employer_category_00001,00001,001,public,Employers in the public sector who are not liable for the wage moderation contribution; concerns federal government services; identified with a 4-digit number.,l10n_be_joint_committee_999
l10n_be_employer_category_00040,00040,040,public,"Public interest organizations, previously included in category 045, who, since 1 January 1977, have been liable for work accident and occupational disease contributions, and who, not being expressly mentioned in the law of 16 March 1954 and its subsequent texts relating to the control of certain public establishments, contribute on the amount of the double holiday pay.",l10n_be_joint_committee_999
l10n_be_employer_category_00042,00042,042,public,Application of the decree-law of 28/12/1944 to worker delegates for the inspection of mines and quarries.,l10n_be_joint_committee_999
l10n_be_employer_category_00045,00045,045,public,"Public interest organizations exempted under the provisions of the law of 27/06/1963 from paying the contribution for the annual leave of their manual staff, but liable, since 1 January 1977, for work accident and occupational disease contributions; since 01/01/1983 this category only includes public interest organizations, expressly mentioned in the law of 16 March 1954 and subsequent texts, relating to the control of certain public establishments (cf. category 040).",l10n_be_joint_committee_999
l10n_be_employer_category_00046,00046,046,public,"Public interest organizations liable for the annual leave contribution and contributing on the amount of the double holiday pay. These organizations are not liable for 'work accident' and 'occupational disease' contributions. For a limited number of public employers, mentioned in the law of 5 December 1968, a contribution is owed to a security of existence fund.",l10n_be_joint_committee_999
l10n_be_employer_category_00047,00047,047,public,Polders and water boards.,l10n_be_joint_committee_999
l10n_be_employer_category_00050,00050,050,public,"Employers registered under the 4-digit series of numbers, whose staff is not directly funded by the state budget and who must pay the product of the wage moderation to the NSSO (A.R. No. 401 - 18/04/1986 - B.S. 06/05/1986); concerns services of the Regions, communities, certain agencies and funds...",l10n_be_joint_committee_999
l10n_be_employer_category_00075,00075,075,public,Free university education.,l10n_be_joint_committee_999
l10n_be_employer_category_00096,00096,096,public,"Public interest organizations exempted under the provisions of the law of 27 June 1963 from paying the contribution for the annual leave of their manual staff and not liable for 'work accident' and 'occupational disease' contributions. Since 01/01/1983 this category only includes public interest organizations, expressly mentioned in the law of 16 March 1954 and subsequent texts relating to the control of certain public establishments.",l10n_be_joint_committee_999
l10n_be_employer_category_00101,00101,101,public,Category reserved exclusively for the declaration of FBI subsidized contractual workers (for whom a subsidy is granted by the Interdepartmental Budgetary Fund) employed by public sector hospitals identified with category 001.,l10n_be_joint_committee_999
l10n_be_employer_category_00134,00134,134,public,Category reserved exclusively for military personnel returned to civilian life to whom the law of 06/02/2003 applies; concerns only employer 9350-79 - Ministry of Defense.,l10n_be_joint_committee_999
l10n_be_employer_category_00140,00140,140,public,Category reserved exclusively for the declaration of FBI subsidized contractual workers (for whom a subsidy is granted by the Interdepartmental Budgetary Fund) employed by public sector hospitals identified with category 040.,l10n_be_joint_committee_999
l10n_be_employer_category_00145,00145,145,public,Category reserved exclusively for the declaration of FBI subsidized contractual workers (for whom a subsidy is granted by the Interdepartmental Budgetary Fund) employed by public sector hospitals identified with category 045.,l10n_be_joint_committee_999
l10n_be_employer_category_00150,00150,150,public,Category reserved exclusively for the declaration of FBI subsidized contractual workers (for whom a subsidy is granted by the Interdepartmental Budgetary Fund) employed by public sector hospitals identified with category 050.,l10n_be_joint_committee_999
l10n_be_employer_category_00175,00175,175,public,Public interest organizations to which articles 11 and 12 of the Royal Decree of 28 November 1969 implementing the law of 27 June 1969 concerning social security as well as the law of 21 June 1985 concerning education are applicable.,l10n_be_joint_committee_999
l10n_be_employer_category_00196,00196,196,public,Category reserved exclusively for the declaration of FBI subsidized contractual workers (for whom a subsidy is granted by the Interdepartmental Budgetary Fund) employed by public sector hospitals identified with category 096; concerns the University Hospital of LIEGE No. 429.015-47.,l10n_be_joint_committee_999
l10n_be_employer_category_00245,00245,245,public,"Public interest organizations that employ staff under a status who cannot claim a pension other than that provided for by the workers' pension scheme and for whom only 'health-disability' - 'pension', and 'unemployment' contributions are owed; These organizations are subject to the private sector work accident and occupational disease scheme.",l10n_be_joint_committee_999
l10n_be_employer_category_00246,00246,246,public,"Organizations which, unlike those in category 046, are liable for 'work accident' and 'occupational disease' contributions. For a limited number of public employers, mentioned in the law of 5 December 1968, a contribution is owed to a security of existence fund.","l10n_be_joint_committee_200,l10n_be_joint_committee_999"
l10n_be_employer_category_00272,00272,272,public,"Category reserved exclusively for the declaration of doctors undergoing specialist training, who are subject to restricted social security coverage, by public sector hospital employers; in combination with another category for ordinary workers.","l10n_be_joint_committee_330_01,l10n_be_joint_committee_999"
l10n_be_employer_category_00296,00296,296,public,"Employers who employ staff whose social security coverage for pensions, annual leave, work accidents and occupational diseases falls under public sector legislation and for whom the wage moderation contribution is owed.",l10n_be_joint_committee_999
l10n_be_employer_category_00347,00347,347,public,Concerns 'Vlaamse Vervoermaatschappij De Lijn' (Flemish Transport Company De Lijn) NSSO No. 829027-95.,l10n_be_joint_committee_999
l10n_be_employer_category_00350,00350,350,public,Autonomous public enterprises referred to in the law of 21 March 1991 (derived from cat. 050).,l10n_be_joint_committee_999
l10n_be_employer_category_00351,00351,351,public,"Autonomous public enterprises not referred to in the law of 21 March 1991 whose annual leave scheme falls under public sector legislation; concerns RTBF No. 429083-37, the National Lottery S.A. No. 930145-60...",l10n_be_joint_committee_999
l10n_be_employer_category_00357,00357,357,public,Employers falling under the Joint Committee for Large Retail Companies (No. 311).,l10n_be_joint_committee_999
l10n_be_employer_category_00372,00372,372,public,"Category reserved exclusively for the declaration of doctors undergoing specialist training, who are subject to restricted social security coverage, by public sector hospital employers, not liable for work accident and occupational disease contributions (in particular the University Hospital of Liège No. 429.015-47); in combination with another category for ordinary workers.",l10n_be_joint_committee_999
l10n_be_employer_category_00396,00396,396,public,"Assigned to 2 university institutions: - Ghent University, NSSO No.: 829.049-29 - University of Antwerp, NSSO No.: 829.073-54 - for academic and scientific staff: contractual: no annual leave contribution; statutory: only health care contribution. - for administrative and technical staff: contractual: with annual leave contribution; statutory: only health care contribution. In addition, the possibility of calculating the special deduction of 13.07% on the double holiday pay exists for employed staff.",l10n_be_joint_committee_999
l10n_be_employer_category_00399,00399,399,public,"Category, and specific NSSO number 194xxxx-xx, reserved exclusively for public institutions liable for social security contributions as 'third-party payers'; in combination possibly with another category, and another NSSO number, assigned to their own workers (see also categories 099, 199, 299, 699...); concerns in particular: Walloon Institute for Alternating Training and Self-employed and SMEs IFAPME No. 1942006-92, Institut für Aus- und Weiterbildung im Mittelstand, in kleinen und mittleren Unternehmen (Institute for Training and Further Education in Small and Medium-sized Enterprises) No. 1946000-41; Brussels Regional Employment Office ACTIRIS No. 1940009-69; Syntra Vlaanderen Flemish Agency for Entrepreneurship No. 1941006-85; Flemish subsidy agency for work and social economy No. 1941007-82 ...",l10n_be_joint_committee_999
l10n_be_employer_category_00411,00411,411,public,Public employers who are not liable for the wage moderation contribution provided for by Royal Decree No. 401 of 18 April 1986. - including the Civil List.,l10n_be_joint_committee_999
l10n_be_employer_category_00437,00437,437,public,Public employers who employ domestic staff and are not liable for the wage moderation contribution provided for by Royal Decree No. 401 of 18 April 1986.,l10n_be_joint_committee_999
l10n_be_employer_category_00440,00440,440,public,"Public employers falling under the Joint Committee for Public Credit Institutions No. 325; only concerns public credit institutions explicitly mentioned in the scope of PC No. 325; liable for contributions for at-risk groups (852), and temporary unemployment and older unemployed (859); liable for the contribution on the double holiday pay for employees (see also categories 030, 441, 445).",l10n_be_joint_committee_999
l10n_be_employer_category_00441,00441,441,public,"Public employers falling under the Joint Committee for Public Credit Institutions No. 325; only concerns public credit institutions explicitly mentioned in the scope of PC No. 325; liable for contributions for at-risk groups (852), and temporary unemployment and older unemployed (859); falling under public sector legislation for work accident, occupational disease and annual leave schemes (see also categories 030, 440, 445).",l10n_be_joint_committee_999
l10n_be_employer_category_00445,00445,445,public,"Public employers falling under the Joint Committee for Public Credit Institutions No. 325; only concerns public credit institutions explicitly mentioned in the scope of PC No. 325; liable for contributions for at-risk groups (852), and temporary unemployment and older unemployed (859) (see also categories 030, 440, 441).",l10n_be_joint_committee_999
l10n_be_employer_category_00496,00496,496,public,"Employers defined under index 96 but who contribute, for employees, on the amount of the double holiday pay.",l10n_be_joint_committee_999
l10n_be_employer_category_00497,00497,497,public,"Category reserved for public temporary work services, who do not participate in the redistribution of social charges or the Maribel operation.",l10n_be_joint_committee_999
l10n_be_employer_category_00596,00596,596,public,"Public interest organizations exempted under the provisions of the law of 27 June 1963 from paying the contribution for annual leave, not liable for 'work accident' and 'occupational disease' contributions and who fall under category 1 for the application of the structural reduction.",l10n_be_joint_committee_999
l10n_be_employer_category_00750,00750,750,public,"Provincial and local administrations with the private sector leave scheme and the public sector work accident scheme for ordinary contractual staff, with the exception of local police zones and doctors in specialist training.",l10n_be_joint_committee_999
l10n_be_employer_category_00751,00751,751,public,"Provincial and local administrations with the public sector leave scheme and the public sector work accident scheme for ordinary contractual staff, with the exception of local police zones and doctors in specialist training.",l10n_be_joint_committee_999
l10n_be_employer_category_00752,00752,752,public,"Provincial and local administrations with the private sector leave scheme and the private sector work accident scheme for ordinary contractual staff, with the exception of local police zones and doctors in specialist training.",l10n_be_joint_committee_999
l10n_be_employer_category_00753,00753,753,public,"Provincial and local administrations with the public sector leave scheme and the private sector work accident scheme for ordinary contractual staff, with the exception of local police zones and doctors in specialist training.",l10n_be_joint_committee_999
l10n_be_employer_category_00754,00754,754,public,Local police zone.,l10n_be_joint_committee_999
l10n_be_employer_category_00755,00755,755,public,"Third-party payers who intervene for local public sector employers with the private sector leave scheme and the public sector work accident scheme for ordinary contractual staff, with the exception of local police zones and doctors in specialist training (see cat. 750).",l10n_be_joint_committee_999
l10n_be_employer_category_00756,00756,756,public,"Third-party payers who intervene for local public sector employers with the private sector leave scheme and the public sector work accident scheme for ordinary contractual staff, with the exception of local police zones and doctors in specialist training (cat 751).",l10n_be_joint_committee_999
l10n_be_employer_category_00757,00757,757,public,"Third-party payers who intervene for local public sector employers with the private sector leave scheme and the private sector work accident scheme for ordinary contractual staff, with the exception of local police zones and doctors in specialist training (cat 752).",l10n_be_joint_committee_999
l10n_be_employer_category_00758,00758,758,public,"Third-party payers who intervene for local public sector employers with the public sector leave scheme and the private sector work accident scheme for ordinary contractual staff, with the exception of local police zones and doctors in specialist training (cat 753).",l10n_be_joint_committee_999
l10n_be_employer_category_00759,00759,759,public,"Third-party payers who intervene for local public sector employers exclusively for the declaration of doctors who are undergoing specialist training, and who are subject to restricted social security coverage (cat 772).",l10n_be_joint_committee_999
l10n_be_employer_category_00772,00772,772,public,"Category reserved exclusively for the declaration of doctors undergoing specialist training, who are subject to restricted social security coverage, by provincial and local administrations; in combination with another category for ordinary workers.",l10n_be_joint_committee_999
