id,country_id:id,state_id:id,zipcode,l10n_be_nis_code,name,name@fr_BE,name@nl_BE,name@de_DE,l10n_be_language
belgium_city_1000,base.be,,1000,21004,Brussels,Bruxelles,Brussel,Brüssel,NF
belgium_city_1000_1,base.be,,1000,21004,Laken,Laeken,Laken,Laeken,NF
belgium_city_1030,base.be,,1030,21015,Schaerbeek,Schaerbeek,Schaarbeek,Schaerbeek,NF
belgium_city_1040,base.be,,1040,21005,Etterbeek,Etterbeek,Etterbeek,Etterbeek,NF
belgium_city_1050,base.be,,1050,21009,Ixelles,Ixelles,Elsene,Ixelles,NF
belgium_city_1060,base.be,,1060,21013,Saint-Gilles,Saint-Gilles,Sint-Gillis,Sankt-Gillis,NF
belgium_city_1070,base.be,,1070,21001,Anderlecht,Anderlecht,Anderlecht,Anderlecht,NF
belgium_city_1080,base.be,,1080,21012,Molenbeek-Saint-Jean,Molenbeek-Saint-Jean,Sint-Jans-Molenbeek,Molenbeek-Saint-Jean,NF
belgium_city_1081,base.be,,1081,21011,Koekelberg,Koekelberg,Koekelberg,Koekelberg,NF
belgium_city_1082,base.be,,1082,21003,Berchem-Sainte-Agathe,Berchem-Sainte-Agathe,Sint-Agatha-Berchem,Berchem-Sainte-Agathe,NF
belgium_city_1083,base.be,,1083,21008,Ganshoren,Ganshoren,Ganshoren,Ganshoren,NF
belgium_city_1090,base.be,,1090,21010,Jette,Jette,Jette,Jette,NF
belgium_city_1120,base.be,,1120,21004,Neder-Over-Heembeek,Neder-Over-Heembeek,Neder-Over-Heembeek,Neder-Over-Heembeek,NF
belgium_city_1130,base.be,,1130,21004,Haren,Haren,Haren,Haren,NF
belgium_city_1140,base.be,,1140,21006,Evere,Evere,Evere,Evere,NF
belgium_city_1150,base.be,,1150,21019,Woluwe-Saint-Pierre,Woluwe-Saint-Pierre,Sint-Pieters-Woluwe,Woluwe-Saint-Pierre,NF
belgium_city_1160,base.be,,1160,21002,Auderghem,Auderghem,Oudergem,Auderghem,NF
belgium_city_1170,base.be,,1170,21017,Watermael-Boitsfort,Watermael-Boitsfort,Watermaal-Bosvoorde,Watermael-Boitsfort,NF
belgium_city_1180,base.be,,1180,21016,Uccle,Uccle,Ukkel,Uccle,NF
belgium_city_1190,base.be,,1190,21007,Forest,Forest,Vorst,Forest,NF
belgium_city_1200,base.be,,1200,21018,Woluwe-Saint-Lambert,Woluwe-Saint-Lambert,Sint-Lambrechts-Woluwe,Woluwe-Saint-Lambert,NF
belgium_city_1210,base.be,,1210,21014,Saint-Josse-ten-Noode,Saint-Josse-ten-Noode,Sint-Joost-ten-Node,Saint-Josse-ten-Noode,NF
belgium_city_1300,base.be,base.state_be_6,1300,25112,Wavre,Wavre,Waver,Wavre,F
belgium_city_1300_1,base.be,base.state_be_6,1300,25112,Limal,Limal,Limal,Limal,F
belgium_city_1301,base.be,base.state_be_6,1301,25112,Bierges,Bierges,Bierges,Bierges,F
belgium_city_1310,base.be,base.state_be_6,1310,25050,La Hulpe,La Hulpe,Terhulpen,La Hulpe,F
belgium_city_1315,base.be,base.state_be_6,1315,25043,Incourt,Incourt,Incourt,Incourt,F
belgium_city_1315_1,base.be,base.state_be_6,1315,25043,Glimes,Glimes,Glimes,Glimes,F
belgium_city_1315_2,base.be,base.state_be_6,1315,25043,Opprebais,Opprebais,Opprebais,Opprebais,F
belgium_city_1315_3,base.be,base.state_be_6,1315,25043,Piétrebais,Piétrebais,Piétrebais,Piétrebais,F
belgium_city_1315_4,base.be,base.state_be_6,1315,25043,Roux-Miroir,Roux-Miroir,Roux-Miroir,Roux-Miroir,F
belgium_city_1320,base.be,base.state_be_6,1320,25005,Beauvechain,Beauvechain,Bevekom,Beauvechain,F
belgium_city_1320_1,base.be,base.state_be_6,1320,25005,Hamme-Mille,Hamme-Mille,Hamme-Mille,Hamme-Mille,F
belgium_city_1320_2,base.be,base.state_be_6,1320,25005,Nodebais,Nodebais,Nodebeek,Nodebais,F
belgium_city_1320_3,base.be,base.state_be_6,1320,25005,L'Ecluse,L'Ecluse,Sluizen,L'Ecluse,F
belgium_city_1320_4,base.be,base.state_be_6,1320,25005,Tourinnes-la-Grosse,Tourinnes-la-Grosse,Deurne,Tourinnes-la-Grosse,F
belgium_city_1325,base.be,base.state_be_6,1325,25018,Chaumont-Gistoux,Chaumont-Gistoux,Chaumont-Gistoux,Chaumont-Gistoux,F
belgium_city_1325_1,base.be,base.state_be_6,1325,25018,Corroy-le-Grand,Corroy-le-Grand,Corroy-le-Grand,Corroy-le-Grand,F
belgium_city_1325_2,base.be,base.state_be_6,1325,25018,Dion-Valmont,Dion-Valmont,Dion-Valmont,Dion-Valmont,F
belgium_city_1325_3,base.be,base.state_be_6,1325,25018,Longueville,Longueville,Longueville,Longueville,F
belgium_city_1325_4,base.be,base.state_be_6,1325,25018,Vieusart,Vieusart,Vieusart,Vieusart,F
belgium_city_1330,base.be,base.state_be_6,1330,25091,Rixensart,Rixensart,Rixensart,Rixensart,F
belgium_city_1331,base.be,base.state_be_6,1331,25091,Rosières,Rosières,Rozieren,Rosières,F
belgium_city_1332,base.be,base.state_be_6,1332,25091,Rixensart,Rixensart,Rixensart,Rixensart,F
belgium_city_1332_1,base.be,base.state_be_6,1332,25091,Genval,Genval,Genval,Genval,F
belgium_city_1340,base.be,base.state_be_6,1340,25121,Ottignies,Ottignies,Ottignies,Ottignies,F
belgium_city_1341,base.be,base.state_be_6,1341,25121,Céroux-Mousty,Céroux-Mousty,Céroux-Mousty,Céroux-Mousty,F
belgium_city_1342,base.be,base.state_be_6,1342,25121,Limelette,Limelette,Limelette,Limelette,F
belgium_city_1348,base.be,base.state_be_6,1348,25121,Ottignies-Louvain-la-Neuve,Ottignies-Louvain-la-Neuve,Ottignies-Louvain-la-Neuve,Ottignies-Louvain-la-Neuve,F
belgium_city_1350,base.be,base.state_be_6,1350,25120,Orp-Jauche,Orp-Jauche,Orp-Jauche,Orp-Jauche,F
belgium_city_1350_1,base.be,base.state_be_6,1350,25120,Enines,Enines,Enines,Enines,F
belgium_city_1350_2,base.be,base.state_be_6,1350,25120,Folx-les-Caves,Folx-les-Caves,Folx-les-Caves,Folx-les-Caves,F
belgium_city_1350_3,base.be,base.state_be_6,1350,25120,Jandrain-Jandrenouille,Jandrain-Jandrenouille,Jandrain-Jandrenouille,Jandrain-Jandrenouille,F
belgium_city_1350_4,base.be,base.state_be_6,1350,25120,Jauche,Jauche,Geten,Jauche,F
belgium_city_1350_5,base.be,base.state_be_6,1350,25120,Marilles,Marilles,Marilles,Marilles,F
belgium_city_1350_6,base.be,base.state_be_6,1350,25120,Noduwez,Noduwez,Nodebeek,Noduwez,F
belgium_city_1350_7,base.be,base.state_be_6,1350,25120,Orp-le-Grand,Orp-le-Grand,Orp-le-Grand,Orp-le-Grand,F
belgium_city_1350_8,base.be,base.state_be_6,1350,25120,Orp-le-Petit,Orp-le-Petit,Orp-le-Petit,Orp-le-Petit,F
belgium_city_1357,base.be,base.state_be_6,1357,25118,Hélécine,Hélécine,Heilissem,Hélécine,F
belgium_city_1357_1,base.be,base.state_be_6,1357,25118,Linsmeau,Linsmeau,Linsmeel,Linsmeau,F
belgium_city_1357_2,base.be,base.state_be_6,1357,25118,Neerheylissem,Neerheylissem,Neerheilissem,Neerheylissem,F
belgium_city_1357_3,base.be,base.state_be_6,1357,25118,Opheylissem,Opheylissem,Opheilissem,Opheylissem,F
belgium_city_1360,base.be,base.state_be_6,1360,25084,Perwez,Perwez,Perwijs,Perwez,F
belgium_city_1360_1,base.be,base.state_be_6,1360,25084,Thorembais-Saint-Trond,Thorembais-Saint-Trond,Thorembais-Saint-Trond,Thorembais-Saint-Trond,F
belgium_city_1360_2,base.be,base.state_be_6,1360,25084,Thorembais-les-Béguines,Thorembais-les-Béguines,Thorembais-les-Béguines,Thorembais-les-Béguines,F
belgium_city_1360_3,base.be,base.state_be_6,1360,25084,Orbais,Orbais,Orbais,Orbais,F
belgium_city_1360_4,base.be,base.state_be_6,1360,25084,Malèves-Sainte-Marie-Wastines,Malèves-Sainte-Marie-Wastines,Malèves-Sainte-Marie-Wastines,Malèves-Sainte-Marie-Wastines,F
belgium_city_1367,base.be,base.state_be_6,1367,25122,Ramillies,Ramillies,Ramillies,Ramillies,F
belgium_city_1367_1,base.be,base.state_be_6,1367,25122,Autre-Eglise,Autre-Eglise,Autre-Eglise,Autre-Eglise,F
belgium_city_1367_2,base.be,base.state_be_6,1367,25122,Bomal,Bomal,Bomal,Bomal,F
belgium_city_1367_3,base.be,base.state_be_6,1367,25122,Geest-Gérompont-Petit-Rosière,Geest-Gérompont-Petit-Rosière,Geest-Gérompont-Petit-Rosière,Geest-Gérompont-Petit-Rosière,F
belgium_city_1367_4,base.be,base.state_be_6,1367,25122,Grand-Rosière-Hottomont,Grand-Rosière-Hottomont,Grand-Rosière-Hottomont,Grand-Rosière-Hottomont,F
belgium_city_1367_5,base.be,base.state_be_6,1367,25122,Huppaye,Huppaye,Huppaye,Huppaye,F
belgium_city_1367_6,base.be,base.state_be_6,1367,25122,Mont-Saint-André,Mont-Saint-André,Mont-Saint-André,Mont-Saint-André,F
belgium_city_1370,base.be,base.state_be_6,1370,25048,Jodoigne,Jodoigne,Geldenaken,Jodoigne,F
belgium_city_1370_1,base.be,base.state_be_6,1370,25048,Dongelberg,Dongelberg,Dongelberg,Dongelberg,F
belgium_city_1370_2,base.be,base.state_be_6,1370,25048,Jauchelette,Jauchelette,Klein-Geten,Jauchelette,F
belgium_city_1370_3,base.be,base.state_be_6,1370,25048,Jodoigne-Souveraine,Jodoigne-Souveraine,Opgeldenaken,Jodoigne-Souveraine,F
belgium_city_1370_4,base.be,base.state_be_6,1370,25048,Lathuy,Lathuy,Lathuy,Lathuy,F
belgium_city_1370_5,base.be,base.state_be_6,1370,25048,Mélin,Mélin,Malen,Mélin,F
belgium_city_1370_6,base.be,base.state_be_6,1370,25048,Piétrain,Piétrain,Petrem,Piétrain,F
belgium_city_1370_7,base.be,base.state_be_6,1370,25048,Saint-Jean-Geest,Saint-Jean-Geest,Sint-Jans-Geest,Saint-Jean-Geest,F
belgium_city_1370_8,base.be,base.state_be_6,1370,25048,Saint-Remy-Geest,Saint-Remy-Geest,Sint-Remigius-Geest,Saint-Remy-Geest,F
belgium_city_1370_9,base.be,base.state_be_6,1370,25048,Zétrud-Lumay,Zétrud-Lumay,Zittert-Lummen,Zétrud-Lumay,F
belgium_city_1380,base.be,base.state_be_6,1380,25119,Lasne,Lasne,Lasne,Lasne,F
belgium_city_1380_1,base.be,base.state_be_6,1380,25119,Couture-Saint-Germain,Couture-Saint-Germain,Couture-Saint-Germain,Couture-Saint-Germain,F
belgium_city_1380_2,base.be,base.state_be_6,1380,25119,Lasne-Chapelle-Saint-Lambert,Lasne-Chapelle-Saint-Lambert,Lasne-Chapelle-Saint-Lambert,Lasne-Chapelle-Saint-Lambert,F
belgium_city_1380_3,base.be,base.state_be_6,1380,25119,Maransart,Maransart,Maransart,Maransart,F
belgium_city_1380_4,base.be,base.state_be_6,1380,25119,Ohain,Ohain,Ohain,Ohain,F
belgium_city_1380_5,base.be,base.state_be_6,1380,25119,Plancenoit,Plancenoit,Plancenoit,Plancenoit,F
belgium_city_1390,base.be,base.state_be_6,1390,25037,Grez-Doiceau,Grez-Doiceau,Graven,Grez-Doiceau,F
belgium_city_1390_1,base.be,base.state_be_6,1390,25037,Archennes,Archennes,Eerken,Archennes,F
belgium_city_1390_2,base.be,base.state_be_6,1390,25037,Biez,Biez,Biez,Biez,F
belgium_city_1390_3,base.be,base.state_be_6,1390,25037,Bossut-Gottechain,Bossut-Gottechain,Bossut-Gottechain,Bossut-Gottechain,F
belgium_city_1390_4,base.be,base.state_be_6,1390,25037,Nethen,Nethen,Nethen,Nethen,F
belgium_city_1400,base.be,base.state_be_6,1400,25072,Nivelles,Nivelles,Nijvel,Nivelles,F
belgium_city_1400_1,base.be,base.state_be_6,1400,25072,Monstreux,Monstreux,Monstreux,Monstreux,F
belgium_city_1401,base.be,base.state_be_6,1401,25072,Baulers,Baulers,Baulers,Baulers,F
belgium_city_1402,base.be,base.state_be_6,1402,25072,Thines,Thines,Thines,Thines,F
belgium_city_1404,base.be,base.state_be_6,1404,25072,Bornival,Bornival,Bornival,Bornival,F
belgium_city_1410,base.be,base.state_be_6,1410,25110,Waterloo,Waterloo,Waterloo,Waterloo,F
belgium_city_1420,base.be,base.state_be_6,1420,25014,Braine-l'Alleud,Braine-l'Alleud,Eigenbrakel,Braine-l'Alleud,F
belgium_city_1421,base.be,base.state_be_6,1421,25014,Ophain-Bois-Seigneur-Isaac,Ophain-Bois-Seigneur-Isaac,Ophain-Bois-Seigneur-Isaac,Ophain-Bois-Seigneur-Isaac,F
belgium_city_1428,base.be,base.state_be_6,1428,25014,Lillois-Witterzée,Lillois-Witterzée,Lillois-Witterzée,Lillois-Witterzée,F
belgium_city_1430,base.be,base.state_be_6,1430,25123,Rebecq,Rebecq,Roosbeek,Rebecq,F
belgium_city_1430_1,base.be,base.state_be_6,1430,25123,Bierghes,Bierghes,Bierk,Bierghes,F
belgium_city_1430_2,base.be,base.state_be_6,1430,25123,Quenast,Quenast,Kenast,Quenast,F
belgium_city_1430_3,base.be,base.state_be_6,1430,25123,Rebecq-Rognon,Rebecq-Rognon,Rebecq-Rognon,Rebecq-Rognon,F
belgium_city_1435,base.be,base.state_be_6,1435,25068,Mont-Saint-Guibert,Mont-Saint-Guibert,Mont-Saint-Guibert,Mont-Saint-Guibert,F
belgium_city_1435_1,base.be,base.state_be_6,1435,25068,Corbais,Corbais,Corbais,Corbais,F
belgium_city_1435_2,base.be,base.state_be_6,1435,25068,Hévillers,Hévillers,Hévillers,Hévillers,F
belgium_city_1440,base.be,base.state_be_6,1440,25015,Braine-le-Château,Braine-le-Château,Kasteelbrakel,Braine-le-Château,F
belgium_city_1440_1,base.be,base.state_be_6,1440,25015,Wauthier-Braine,Wauthier-Braine,Woutersbrakel,Wauthier-Braine,F
belgium_city_1450,base.be,base.state_be_6,1450,25117,Chastre,Chastre,Chastre,Chastre,F
belgium_city_1450_1,base.be,base.state_be_6,1450,25117,Chastre-Villeroux-Blanmont,Chastre-Villeroux-Blanmont,Chastre-Villeroux-Blanmont,Chastre-Villeroux-Blanmont,F
belgium_city_1450_2,base.be,base.state_be_6,1450,25117,Cortil-Noirmont,Cortil-Noirmont,Cortil-Noirmont,Cortil-Noirmont,F
belgium_city_1450_3,base.be,base.state_be_6,1450,25117,Gentinnes,Gentinnes,Gentinnes,Gentinnes,F
belgium_city_1450_4,base.be,base.state_be_6,1450,25117,Saint-Géry,Saint-Géry,Sint-Goriks,Saint-Géry,F
belgium_city_1457,base.be,base.state_be_6,1457,25124,Walhain,Walhain,Walhain,Walhain,F
belgium_city_1457_1,base.be,base.state_be_6,1457,25124,Nil-Saint-Vincent-Saint-Martin,Nil-Saint-Vincent-Saint-Martin,Nil-Saint-Vincent-Saint-Martin,Nil-Saint-Vincent-Saint-Martin,F
belgium_city_1457_2,base.be,base.state_be_6,1457,25124,Tourinnes-Saint-Lambert,Tourinnes-Saint-Lambert,Tourinnes-Saint-Lambert,Tourinnes-Saint-Lambert,F
belgium_city_1457_3,base.be,base.state_be_6,1457,25124,Walhain-Saint-Paul,Walhain-Saint-Paul,Walhain-Saint-Paul,Walhain-Saint-Paul,F
belgium_city_1460,base.be,base.state_be_6,1460,25044,Ittre,Ittre,Itter,Ittre,F
belgium_city_1460_1,base.be,base.state_be_6,1460,25044,Virginal-Samme,Virginal-Samme,Virginal-Samme,Virginal-Samme,F
belgium_city_1461,base.be,base.state_be_6,1461,25044,Haut-Ittre,Haut-Ittre,Hoog-Itter,Haut-Ittre,F
belgium_city_1470,base.be,base.state_be_6,1470,25031,Genappe,Genappe,Genepiën,Genappe,F
belgium_city_1470_1,base.be,base.state_be_6,1470,25031,Baisy-Thy,Baisy-Thy,Baisy-Thy,Baisy-Thy,F
belgium_city_1471,base.be,base.state_be_6,1471,25031,Loupoigne,Loupoigne,Loupoigne,Loupoigne,F
belgium_city_1472,base.be,base.state_be_6,1472,25031,Vieux-Genappe,Vieux-Genappe,Oud-Genepiën,Vieux-Genappe,F
belgium_city_1473,base.be,base.state_be_6,1473,25031,Glabais,Glabais,Glabais,Glabais,F
belgium_city_1474,base.be,base.state_be_6,1474,25031,Ways,Ways,Ways,Ways,F
belgium_city_1476,base.be,base.state_be_6,1476,25031,Houtain-le-Val,Houtain-le-Val,Houtain-le-Val,Houtain-le-Val,F
belgium_city_1480,base.be,base.state_be_6,1480,25105,Tubize,Tubize,Tubeke,Tubize,F
belgium_city_1480_1,base.be,base.state_be_6,1480,25105,Clabecq,Clabecq,Klabbeek,Clabecq,F
belgium_city_1480_2,base.be,base.state_be_6,1480,25105,Oisquercq,Oisquercq,Oostkerk,Oisquercq,F
belgium_city_1480_3,base.be,base.state_be_6,1480,25105,Saintes,Saintes,Sint-Renelde,Saintes,F
belgium_city_1490,base.be,base.state_be_6,1490,25023,Court-Saint-Étienne,Court-Saint-Étienne,Court-Saint-Étienne,Court-Saint-Étienne,F
belgium_city_1495,base.be,base.state_be_6,1495,25107,Villers-la-Ville,Villers-la-Ville,Villers-la-Ville,Villers-la-Ville,F
belgium_city_1495_1,base.be,base.state_be_6,1495,25107,Marbais,Marbais,Marbais,Marbais,F
belgium_city_1495_2,base.be,base.state_be_6,1495,25107,Mellery,Mellery,Mellery,Mellery,F
belgium_city_1495_3,base.be,base.state_be_6,1495,25107,Sart-Dames-Avelines,Sart-Dames-Avelines,Sart-Dames-Avelines,Sart-Dames-Avelines,F
belgium_city_1495_4,base.be,base.state_be_6,1495,25107,Tilly,Tilly,Tilly,Tilly,F
belgium_city_1500,base.be,base.state_be_4,1500,23027,Halle,Hal,Halle,Halle,N
belgium_city_1501,base.be,base.state_be_4,1501,23027,Buizingen,Buizingen,Buizingen,Buizingen,N
belgium_city_1502,base.be,base.state_be_4,1502,23027,Lembeek,Lembeek,Lembeek,Lembeek,N
belgium_city_1540,base.be,base.state_be_4,1540,23023,Herne,Herne,Herne,Herne,
belgium_city_1541,base.be,base.state_be_4,1541,23023,Herfelingen,Herfelingen,Herfelingen,Herfelingen,
belgium_city_1547,base.be,base.state_be_4,1547,23009,Bever,Biévène,Bever,Bever,N
belgium_city_1560,base.be,base.state_be_4,1560,23033,Hoeilaart,Hoeilaart,Hoeilaart,Hoeilaart,N
belgium_city_1570,base.be,base.state_be_4,1570,23106,Pajottegem,Pajottegem,Pajottegem,Pajottegem,N
belgium_city_1570_1,base.be,base.state_be_4,1570,23106,Galmaarden,Gammerages,Galmaarden,Galmaarden,N
belgium_city_1570_2,base.be,base.state_be_4,1570,23106,Tollembeek,Tollembeek,Tollembeek,Tollembeek,N
belgium_city_1570_3,base.be,base.state_be_4,1570,23106,Vollezele,Vollezele,Vollezele,Vollezele,N
belgium_city_1600,base.be,base.state_be_4,1600,23077,Sint-Pieters-Leeuw,Leeuw-Saint-Pierre,Sint-Pieters-Leeuw,Sint-Pieters-Leeuw,N
belgium_city_1601,base.be,base.state_be_4,1601,23077,Ruisbroek,Ruysbroeck,Ruisbroek,Ruisbroek,N
belgium_city_1602,base.be,base.state_be_4,1602,23077,Vlezenbeek,Vlezenbeek,Vlezenbeek,Vlezenbeek,N
belgium_city_1620,base.be,base.state_be_4,1620,23098,Drogenbos,Drogenbos,Drogenbos,Drogenbos,N
belgium_city_1630,base.be,base.state_be_4,1630,23100,Linkebeek,Linkebeek,Linkebeek,Linkebeek,N
belgium_city_1640,base.be,base.state_be_4,1640,23101,Rhode-Saint-Genèse,Rhode-Saint-Genèse,Sint-Genesius-Rode,Rhode-Saint-Genèse,N
belgium_city_1650,base.be,base.state_be_4,1650,23003,Beersel,Beersel,Beersel,Beersel,N
belgium_city_1651,base.be,base.state_be_4,1651,23003,Lot,Lot,Lot,Lot,N
belgium_city_1652,base.be,base.state_be_4,1652,23003,Alsemberg,Alsemberg,Alsemberg,Alsemberg,N
belgium_city_1653,base.be,base.state_be_4,1653,23003,Dworp,Tourneppe,Dworp,Dworp,N
belgium_city_1654,base.be,base.state_be_4,1654,23003,Huizingen,Huizingen,Huizingen,Huizingen,N
belgium_city_1670,base.be,base.state_be_4,1670,23064,Pepingen,Pepingen,Pepingen,Pepingen,N
belgium_city_1670_1,base.be,base.state_be_4,1670,23064,Bellingen,Bellingen,Bellingen,Bellingen,N
belgium_city_1670_2,base.be,base.state_be_4,1670,23064,Bogaarden,Bogaarden,Bogaarden,Bogaarden,N
belgium_city_1670_3,base.be,base.state_be_4,1670,23064,Elingen,Elingen,Elingen,Elingen,N
belgium_city_1670_4,base.be,base.state_be_4,1670,23064,Heikruis,Heikruis,Heikruis,Heikruis,N
belgium_city_1671,base.be,base.state_be_4,1671,23064,Beert,Beert,Beert,Beert,N
belgium_city_1700,base.be,base.state_be_4,1700,23016,Dilbeek,Dilbeek,Dilbeek,Dilbeek,N
belgium_city_1701,base.be,base.state_be_4,1701,23016,Itterbeek,Itterbeek,Itterbeek,Itterbeek,N
belgium_city_1702,base.be,base.state_be_4,1702,23016,Groot-Bijgaarden,Grand-Bigard,Groot-Bijgaarden,Groot-Bijgaarden,N
belgium_city_1703,base.be,base.state_be_4,1703,23016,Schepdaal,Schepdaal,Schepdaal,Schepdaal,N
belgium_city_1730,base.be,base.state_be_4,1730,23002,Asse,Asse,Asse,Asse,N
belgium_city_1730_1,base.be,base.state_be_4,1730,23002,Bekkerzeel,Bekkerzeel,Bekkerzeel,Bekkerzeel,N
belgium_city_1730_2,base.be,base.state_be_4,1730,23002,Kobbegem,Kobbegem,Kobbegem,Kobbegem,N
belgium_city_1730_3,base.be,base.state_be_4,1730,23002,Mollem,Mollem,Mollem,Mollem,N
belgium_city_1731,base.be,base.state_be_4,1731,23002,Zellik,Zellik,Zellik,Zellik,N
belgium_city_1740,base.be,base.state_be_4,1740,23086,Ternat,Ternat,Ternat,Ternat,N
belgium_city_1741,base.be,base.state_be_4,1741,23086,Wambeek,Wambeek,Wambeek,Wambeek,N
belgium_city_1742,base.be,base.state_be_4,1742,23086,Sint-Katherina-Lombeek,Sint-Katherina-Lombeek,Sint-Katherina-Lombeek,Sint-Katherina-Lombeek,N
belgium_city_1745,base.be,base.state_be_4,1745,23060,Opwijk,Opwijk,Opwijk,Opwijk,N
belgium_city_1750,base.be,base.state_be_4,1750,23104,Lennik,Lennik,Lennik,Lennik,N
belgium_city_1750_1,base.be,base.state_be_4,1750,23104,Gaasbeek,Gaasbeek,Gaasbeek,Gaasbeek,N
belgium_city_1760,base.be,base.state_be_4,1760,23097,Roosdaal,Roosdaal,Roosdaal,Roosdaal,N
belgium_city_1760_1,base.be,base.state_be_4,1760,23097,Borchtlombeek,Borchtlombeek,Borchtlombeek,Borchtlombeek,N
belgium_city_1760_2,base.be,base.state_be_4,1760,23097,Onze-Lieve-Vrouw-Lombeek,Onze-Lieve-Vrouw-Lombeek,Onze-Lieve-Vrouw-Lombeek,Onze-Lieve-Vrouw-Lombeek,N
belgium_city_1760_3,base.be,base.state_be_4,1760,23097,Pamel,Pamel,Pamel,Pamel,N
belgium_city_1760_4,base.be,base.state_be_4,1760,23097,Strijtem,Strijtem,Strijtem,Strijtem,N
belgium_city_1770,base.be,base.state_be_4,1770,23044,Liedekerke,Liedekerke,Liedekerke,Liedekerke,N
belgium_city_1780,base.be,base.state_be_4,1780,23102,Wemmel,Wemmel,Wemmel,Wemmel,N
belgium_city_1785,base.be,base.state_be_4,1785,23052,Merchtem,Merchtem,Merchtem,Merchtem,N
belgium_city_1785_1,base.be,base.state_be_4,1785,23052,Brussegem,Brussegem,Brussegem,Brussegem,N
belgium_city_1785_2,base.be,base.state_be_4,1785,23052,Hamme,Hamme,Hamme,Hamme,N
belgium_city_1790,base.be,base.state_be_4,1790,23105,Affligem,Affligem,Affligem,Affligem,N
belgium_city_1790_1,base.be,base.state_be_4,1790,23105,Essene,Essene,Essene,Essene,N
belgium_city_1790_2,base.be,base.state_be_4,1790,23105,Hekelgem,Hekelgem,Hekelgem,Hekelgem,N
belgium_city_1790_3,base.be,base.state_be_4,1790,23105,Teralfene,Teralfene,Teralfene,Teralfene,N
belgium_city_1800,base.be,base.state_be_4,1800,23088,Vilvoorde,Vilvorde,Vilvoorde,Vilvoorde,N
belgium_city_1800_1,base.be,base.state_be_4,1800,23088,Peutie,Peutie,Peutie,Peutie,N
belgium_city_1820,base.be,base.state_be_4,1820,23081,Steenokkerzeel,Steenokkerzeel,Steenokkerzeel,Steenokkerzeel,N
belgium_city_1820_1,base.be,base.state_be_4,1820,23081,Melsbroek,Melsbroek,Melsbroek,Melsbroek,N
belgium_city_1820_2,base.be,base.state_be_4,1820,23081,Perk,Perk,Perk,Perk,N
belgium_city_1830,base.be,base.state_be_4,1830,23047,Machelen,Machelen,Machelen,Machelen,N
belgium_city_1831,base.be,base.state_be_4,1831,23047,Diegem,Diegem,Diegem,Diegem,N
belgium_city_1840,base.be,base.state_be_4,1840,23045,Londerzeel,Londerzeel,Londerzeel,Londerzeel,N
belgium_city_1840_1,base.be,base.state_be_4,1840,23045,Malderen,Malderen,Malderen,Malderen,N
belgium_city_1840_2,base.be,base.state_be_4,1840,23045,Steenhuffel,Steenhuffel,Steenhuffel,Steenhuffel,N
belgium_city_1850,base.be,base.state_be_4,1850,23025,Grimbergen,Grimbergen,Grimbergen,Grimbergen,N
belgium_city_1851,base.be,base.state_be_4,1851,23025,Humbeek,Humbeek,Humbeek,Humbeek,N
belgium_city_1852,base.be,base.state_be_4,1852,23025,Beigem,Beigem,Beigem,Beigem,N
belgium_city_1853,base.be,base.state_be_4,1853,23025,Strombeek-Bever,Strombeek-Bever,Strombeek-Bever,Strombeek-Bever,N
belgium_city_1860,base.be,base.state_be_4,1860,23050,Meise,Meise,Meise,Meise,N
belgium_city_1861,base.be,base.state_be_4,1861,23050,Wolvertem,Wolvertem,Wolvertem,Wolvertem,N
belgium_city_1880,base.be,base.state_be_4,1880,23039,Kapelle-op-den-Bos,Kapelle-op-den-Bos,Kapelle-op-den-Bos,Kapelle-op-den-Bos,N
belgium_city_1880_1,base.be,base.state_be_4,1880,23039,Nieuwenrode,Nieuwenrode,Nieuwenrode,Nieuwenrode,N
belgium_city_1880_2,base.be,base.state_be_4,1880,23039,Ramsdonk,Ramsdonk,Ramsdonk,Ramsdonk,N
belgium_city_1910,base.be,base.state_be_4,1910,23038,Kampenhout,Kampenhout,Kampenhout,Kampenhout,N
belgium_city_1910_1,base.be,base.state_be_4,1910,23038,Berg,Berg,Berg,Berg,N
belgium_city_1910_2,base.be,base.state_be_4,1910,23038,Buken,Buken,Buken,Buken,N
belgium_city_1910_3,base.be,base.state_be_4,1910,23038,Nederokkerzeel,Nederokkerzeel,Nederokkerzeel,Nederokkerzeel,N
belgium_city_1930,base.be,base.state_be_4,1930,23094,Zaventem,Zaventem,Zaventem,Zaventem,N
belgium_city_1930_1,base.be,base.state_be_4,1930,23094,Nossegem,Nossegem,Nossegem,Nossegem,N
belgium_city_1932,base.be,base.state_be_4,1932,23094,Sint-Stevens-Woluwe,Woluwe-Saint-Etienne,Sint-Stevens-Woluwe,Sint-Stevens-Woluwe,N
belgium_city_1933,base.be,base.state_be_4,1933,23094,Sterrebeek,Sterrebeek,Sterrebeek,Sterrebeek,N
belgium_city_1950,base.be,base.state_be_4,1950,23099,Kraainem,Crainhem,Kraainem,Kraainem,N
belgium_city_1970,base.be,base.state_be_4,1970,23103,Wezembeek-Oppem,Wezembeek-Oppem,Wezembeek-Oppem,Wezembeek-Oppem,N
belgium_city_1980,base.be,base.state_be_4,1980,23096,Zemst,Zemst,Zemst,Zemst,N
belgium_city_1980_1,base.be,base.state_be_4,1980,23096,Eppegem,Eppegem,Eppegem,Eppegem,N
belgium_city_1981,base.be,base.state_be_4,1981,23096,Hofstade,Hofstade,Hofstade,Hofstade,N
belgium_city_1982,base.be,base.state_be_4,1982,23096,Elewijt,Elewijt,Elewijt,Elewijt,N
belgium_city_1982_1,base.be,base.state_be_4,1982,23096,Weerde,Weerde,Weerde,Weerde,N
belgium_city_2000,base.be,base.state_be_1,2000,11002,Antwerp,Anvers,Antwerpen,Antwerpen,N
belgium_city_2018,base.be,base.state_be_1,2018,11002,Antwerp,Anvers,Antwerpen,Antwerpen,N
belgium_city_2020,base.be,base.state_be_1,2020,11002,Antwerp,Anvers,Antwerpen,Antwerpen,N
belgium_city_2030,base.be,base.state_be_1,2030,11002,Antwerp,Anvers,Antwerpen,Antwerpen,N
belgium_city_2040,base.be,base.state_be_1,2040,11002,Antwerp,Anvers,Antwerpen,Antwerpen,N
belgium_city_2040_1,base.be,base.state_be_1,2040,11002,Berendrecht,Berendrecht,Berendrecht,Berendrecht,N
belgium_city_2040_2,base.be,base.state_be_1,2040,11002,Zandvliet,Zandvliet,Zandvliet,Zandvliet,N
belgium_city_2050,base.be,base.state_be_1,2050,11002,Antwerp,Anvers,Antwerpen,Antwerpen,N
belgium_city_2060,base.be,base.state_be_1,2060,11002,Antwerp,Anvers,Antwerpen,Antwerpen,N
belgium_city_2100,base.be,base.state_be_1,2100,11002,Deurne,Deurne,Deurne,Deurne,N
belgium_city_2110,base.be,base.state_be_1,2110,11050,Wijnegem,Wijnegem,Wijnegem,Wijnegem,N
belgium_city_2140,base.be,base.state_be_1,2140,11002,Borgerhout,Borgerhout,Borgerhout,Borgerhout,N
belgium_city_2150,base.be,base.state_be_1,2150,11002,Borsbeek,Borsbeek,Borsbeek,Borsbeek,N
belgium_city_2160,base.be,base.state_be_1,2160,11052,Wommelgem,Wommelgem,Wommelgem,Wommelgem,N
belgium_city_2170,base.be,base.state_be_1,2170,11002,Merksem,Merksem,Merksem,Merksem,N
belgium_city_2180,base.be,base.state_be_1,2180,11002,Ekeren,Ekeren,Ekeren,Ekeren,N
belgium_city_2200,base.be,base.state_be_1,2200,13011,Herentals,Herentals,Herentals,Herentals,N
belgium_city_2200_1,base.be,base.state_be_1,2200,13011,Morkhoven,Morkhoven,Morkhoven,Morkhoven,N
belgium_city_2200_2,base.be,base.state_be_1,2200,13011,Noorderwijk,Noorderwijk,Noorderwijk,Noorderwijk,N
belgium_city_2220,base.be,base.state_be_1,2220,12014,Heist-op-den-Berg,Heist-op-den-Berg,Heist-op-den-Berg,Heist-op-den-Berg,N
belgium_city_2221,base.be,base.state_be_1,2221,12014,Booischot,Booischot,Booischot,Booischot,N
belgium_city_2222,base.be,base.state_be_1,2222,12014,Itegem,Itegem,Itegem,Itegem,N
belgium_city_2222_1,base.be,base.state_be_1,2222,12014,Wiekevorst,Wiekevorst,Wiekevorst,Wiekevorst,N
belgium_city_2223,base.be,base.state_be_1,2223,12014,Schriek,Schriek,Schriek,Schriek,N
belgium_city_2230,base.be,base.state_be_1,2230,13013,Herselt,Herselt,Herselt,Herselt,N
belgium_city_2230_1,base.be,base.state_be_1,2230,13013,Ramsel,Ramsel,Ramsel,Ramsel,N
belgium_city_2235,base.be,base.state_be_1,2235,13016,Hulshout,Hulshout,Hulshout,Hulshout,N
belgium_city_2235_1,base.be,base.state_be_1,2235,13016,Houtvenne,Houtvenne,Houtvenne,Houtvenne,N
belgium_city_2235_2,base.be,base.state_be_1,2235,13016,Westmeerbeek,Westmeerbeek,Westmeerbeek,Westmeerbeek,N
belgium_city_2240,base.be,base.state_be_1,2240,11054,Zandhoven,Zandhoven,Zandhoven,Zandhoven,N
belgium_city_2240_1,base.be,base.state_be_1,2240,11054,Massenhoven,Massenhoven,Massenhoven,Massenhoven,N
belgium_city_2242,base.be,base.state_be_1,2242,11054,Pulderbos,Pulderbos,Pulderbos,Pulderbos,N
belgium_city_2243,base.be,base.state_be_1,2243,11054,Pulle,Pulle,Pulle,Pulle,N
belgium_city_2250,base.be,base.state_be_1,2250,13029,Olen,Olen,Olen,Olen,N
belgium_city_2260,base.be,base.state_be_1,2260,13049,Westerlo,Westerlo,Westerlo,Westerlo,N
belgium_city_2260_1,base.be,base.state_be_1,2260,13049,Oevel,Oevel,Oevel,Oevel,N
belgium_city_2260_2,base.be,base.state_be_1,2260,13049,Tongerlo,Tongerlo,Tongerlo,Tongerlo,N
belgium_city_2260_3,base.be,base.state_be_1,2260,13049,Zoerle-Parwijs,Zoerle-Parwijs,Zoerle-Parwijs,Zoerle-Parwijs,N
belgium_city_2270,base.be,base.state_be_1,2270,13012,Herenthout,Herenthout,Herenthout,Herenthout,N
belgium_city_2275,base.be,base.state_be_1,2275,13019,Lille,Lille,Lille,Lille,N
belgium_city_2275_1,base.be,base.state_be_1,2275,13019,Gierle,Gierle,Gierle,Gierle,N
belgium_city_2275_2,base.be,base.state_be_1,2275,13019,Poederlee,Poederlee,Poederlee,Poederlee,N
belgium_city_2275_3,base.be,base.state_be_1,2275,13019,Wechelderzande,Wechelderzande,Wechelderzande,Wechelderzande,N
belgium_city_2280,base.be,base.state_be_1,2280,13010,Grobbendonk,Grobbendonk,Grobbendonk,Grobbendonk,N
belgium_city_2288,base.be,base.state_be_1,2288,13010,Bouwel,Bouwel,Bouwel,Bouwel,N
belgium_city_2290,base.be,base.state_be_1,2290,13044,Vorselaar,Vorselaar,Vorselaar,Vorselaar,N
belgium_city_2300,base.be,base.state_be_1,2300,13040,Turnhout,Turnhout,Turnhout,Turnhout,N
belgium_city_2310,base.be,base.state_be_1,2310,13037,Rijkevorsel,Rijkevorsel,Rijkevorsel,Rijkevorsel,N
belgium_city_2320,base.be,base.state_be_1,2320,13014,Hoogstraten,Hoogstraten,Hoogstraten,Hoogstraten,N
belgium_city_2321,base.be,base.state_be_1,2321,13014,Meer,Meer,Meer,Meer,N
belgium_city_2322,base.be,base.state_be_1,2322,13014,Minderhout,Minderhout,Minderhout,Minderhout,N
belgium_city_2323,base.be,base.state_be_1,2323,13014,Wortel,Wortel,Wortel,Wortel,N
belgium_city_2328,base.be,base.state_be_1,2328,13014,Meerle,Meerle,Meerle,Meerle,N
belgium_city_2330,base.be,base.state_be_1,2330,13023,Merksplas,Merksplas,Merksplas,Merksplas,N
belgium_city_2340,base.be,base.state_be_1,2340,13004,Beerse,Beerse,Beerse,Beerse,N
belgium_city_2340_1,base.be,base.state_be_1,2340,13004,Vlimmeren,Vlimmeren,Vlimmeren,Vlimmeren,N
belgium_city_2350,base.be,base.state_be_1,2350,13046,Vosselaar,Vosselaar,Vosselaar,Vosselaar,N
belgium_city_2360,base.be,base.state_be_1,2360,13031,Oud-Turnhout,Vieux-Turnhout,Oud-Turnhout,Oud-Turnhout,N
belgium_city_2370,base.be,base.state_be_1,2370,13001,Arendonk,Arendonk,Arendonk,Arendonk,N
belgium_city_2380,base.be,base.state_be_1,2380,13035,Ravels,Ravels,Ravels,Ravels,N
belgium_city_2381,base.be,base.state_be_1,2381,13035,Weelde,Weelde,Weelde,Weelde,N
belgium_city_2382,base.be,base.state_be_1,2382,13035,Poppel,Poppel,Poppel,Poppel,N
belgium_city_2387,base.be,base.state_be_1,2387,13002,Baarle-Hertog,Baerle-Duc,Baarle-Hertog,Baarle-Hertog,N
belgium_city_2390,base.be,base.state_be_1,2390,11057,Malle,Malle,Malle,Malle,N
belgium_city_2390_1,base.be,base.state_be_1,2390,11057,Oostmalle,Oostmalle,Oostmalle,Oostmalle,N
belgium_city_2390_2,base.be,base.state_be_1,2390,11057,Westmalle,Westmalle,Westmalle,Westmalle,N
belgium_city_2400,base.be,base.state_be_1,2400,13025,Mol,Mol,Mol,Mol,N
belgium_city_2430,base.be,base.state_be_1,2430,13053,Laakdal,Laakdal,Laakdal,Laakdal,N
belgium_city_2430_1,base.be,base.state_be_1,2430,13053,Eindhout,Eindhout,Eindhout,Eindhout,N
belgium_city_2430_2,base.be,base.state_be_1,2430,13053,Vorst,Vorst,Vorst,Vorst,N
belgium_city_2431,base.be,base.state_be_1,2431,13053,Varendonk,Varendonk,Varendonk,Varendonk,N
belgium_city_2440,base.be,base.state_be_1,2440,13008,Geel,Geel,Geel,Geel,N
belgium_city_2450,base.be,base.state_be_1,2450,13021,Meerhout,Meerhout,Meerhout,Meerhout,N
belgium_city_2460,base.be,base.state_be_1,2460,13017,Kasterlee,Kasterlee,Kasterlee,Kasterlee,N
belgium_city_2460_1,base.be,base.state_be_1,2460,13017,Lichtaart,Lichtaart,Lichtaart,Lichtaart,N
belgium_city_2460_2,base.be,base.state_be_1,2460,13017,Tielen,Tielen,Tielen,Tielen,N
belgium_city_2470,base.be,base.state_be_1,2470,13036,Retie,Retie,Retie,Retie,N
belgium_city_2480,base.be,base.state_be_1,2480,13006,Dessel,Dessel,Dessel,Dessel,N
belgium_city_2490,base.be,base.state_be_1,2490,13003,Balen,Balen,Balen,Balen,N
belgium_city_2491,base.be,base.state_be_1,2491,13003,Olmen,Olmen,Olmen,Olmen,N
belgium_city_2500,base.be,base.state_be_1,2500,12021,Lier,Lierre,Lier,Lier,N
belgium_city_2500_1,base.be,base.state_be_1,2500,12021,Koningshooikt,Koningshooikt,Koningshooikt,Koningshooikt,N
belgium_city_2520,base.be,base.state_be_1,2520,11035,Ranst,Ranst,Ranst,Ranst,N
belgium_city_2520_1,base.be,base.state_be_1,2520,11035,Broechem,Broechem,Broechem,Broechem,N
belgium_city_2520_2,base.be,base.state_be_1,2520,11035,Emblem,Emblem,Emblem,Emblem,N
belgium_city_2520_3,base.be,base.state_be_1,2520,11035,Oelegem,Oelegem,Oelegem,Oelegem,N
belgium_city_2530,base.be,base.state_be_1,2530,11004,Boechout,Boechout,Boechout,Boechout,N
belgium_city_2531,base.be,base.state_be_1,2531,11004,Vremde,Vremde,Vremde,Vremde,N
belgium_city_2540,base.be,base.state_be_1,2540,11021,Hove,Hove,Hove,Hove,N
belgium_city_2547,base.be,base.state_be_1,2547,11025,Lint,Lint,Lint,Lint,N
belgium_city_2550,base.be,base.state_be_1,2550,11024,Kontich,Kontich,Kontich,Kontich,N
belgium_city_2550_1,base.be,base.state_be_1,2550,11024,Waarloos,Waarloos,Waarloos,Waarloos,N
belgium_city_2560,base.be,base.state_be_1,2560,12026,Nijlen,Nijlen,Nijlen,Nijlen,N
belgium_city_2560_1,base.be,base.state_be_1,2560,12026,Bevel,Bevel,Bevel,Bevel,N
belgium_city_2560_2,base.be,base.state_be_1,2560,12026,Kessel,Kessel,Kessel,Kessel,N
belgium_city_2570,base.be,base.state_be_1,2570,12009,Duffel,Duffel,Duffel,Duffel,N
belgium_city_2580,base.be,base.state_be_1,2580,12029,Putte,Putte,Putte,Putte,N
belgium_city_2580_1,base.be,base.state_be_1,2580,12029,Beerzel,Beerzel,Beerzel,Beerzel,N
belgium_city_2590,base.be,base.state_be_1,2590,12002,Berlaar,Berlaar,Berlaar,Berlaar,N
belgium_city_2590_1,base.be,base.state_be_1,2590,12002,Gestel,Gestel,Gestel,Gestel,N
belgium_city_2600,base.be,base.state_be_1,2600,11002,Berchem,Berchem,Berchem,Berchem,N
belgium_city_2610,base.be,base.state_be_1,2610,11002,Wilrijk,Wilrijk,Wilrijk,Wilrijk,N
belgium_city_2620,base.be,base.state_be_1,2620,11018,Hemiksem,Hemiksem,Hemiksem,Hemiksem,N
belgium_city_2627,base.be,base.state_be_1,2627,11038,Schelle,Schelle,Schelle,Schelle,N
belgium_city_2630,base.be,base.state_be_1,2630,11001,Aartselaar,Aartselaar,Aartselaar,Aartselaar,N
belgium_city_2640,base.be,base.state_be_1,2640,11029,Mortsel,Mortsel,Mortsel,Mortsel,N
belgium_city_2650,base.be,base.state_be_1,2650,11013,Edegem,Edegem,Edegem,Edegem,N
belgium_city_2660,base.be,base.state_be_1,2660,11002,Hoboken,Hoboken,Hoboken,Hoboken,N
belgium_city_2800,base.be,base.state_be_1,2800,12025,Mechelen,Malines,Mechelen,Mechelen,N
belgium_city_2800_1,base.be,base.state_be_1,2800,12025,Walem,Walem,Walem,Walem,N
belgium_city_2801,base.be,base.state_be_1,2801,12025,Heffen,Heffen,Heffen,Heffen,N
belgium_city_2811,base.be,base.state_be_1,2811,12025,Hombeek,Hombeek,Hombeek,Hombeek,N
belgium_city_2811_1,base.be,base.state_be_1,2811,12025,Leest,Leest,Leest,Leest,N
belgium_city_2812,base.be,base.state_be_1,2812,12025,Muizen,Muizen,Muizen,Muizen,N
belgium_city_2820,base.be,base.state_be_1,2820,12005,Bonheiden,Bonheiden,Bonheiden,Bonheiden,N
belgium_city_2820_1,base.be,base.state_be_1,2820,12005,Rijmenam,Rijmenam,Rijmenam,Rijmenam,N
belgium_city_2830,base.be,base.state_be_1,2830,12040,Willebroek,Willebroek,Willebroek,Willebroek,N
belgium_city_2830_1,base.be,base.state_be_1,2830,12040,Blaasveld,Blaasveld,Blaasveld,Blaasveld,N
belgium_city_2830_2,base.be,base.state_be_1,2830,12040,Heindonk,Heindonk,Heindonk,Heindonk,N
belgium_city_2830_3,base.be,base.state_be_1,2830,12040,Tisselt,Tisselt,Tisselt,Tisselt,N
belgium_city_2840,base.be,base.state_be_1,2840,11037,Rumst,Rumst,Rumst,Rumst,N
belgium_city_2840_1,base.be,base.state_be_1,2840,11037,Reet,Reet,Reet,Reet,N
belgium_city_2840_2,base.be,base.state_be_1,2840,11037,Terhagen,Terhagen,Terhagen,Terhagen,N
belgium_city_2845,base.be,base.state_be_1,2845,11030,Niel,Niel,Niel,Niel,N
belgium_city_2850,base.be,base.state_be_1,2850,11005,Boom,Boom,Boom,Boom,N
belgium_city_2860,base.be,base.state_be_1,2860,12035,Sint-Katelijne-Waver,Wavre-Sainte-Catherine,Sint-Katelijne-Waver,Sint-Katelijne-Waver,N
belgium_city_2861,base.be,base.state_be_1,2861,12035,Onze-Lieve-Vrouw-Waver,Wavre-Notre-Dame,Onze-Lieve-Vrouw-Waver,Onze-Lieve-Vrouw-Waver,N
belgium_city_2870,base.be,base.state_be_1,2870,12041,Puurs-Sint-Amands,Puurs-Sint-Amands,Puurs-Sint-Amands,Puurs-Sint-Amands,N
belgium_city_2870_1,base.be,base.state_be_1,2870,12041,Liezele,Liezele,Liezele,Liezele,N
belgium_city_2870_2,base.be,base.state_be_1,2870,12041,Lippelo,Lippelo,Lippelo,Lippelo,N
belgium_city_2870_3,base.be,base.state_be_1,2870,12041,Oppuurs,Oppuurs,Oppuurs,Oppuurs,N
belgium_city_2870_4,base.be,base.state_be_1,2870,12041,Puurs,Puurs,Puurs,Puurs,N
belgium_city_2870_5,base.be,base.state_be_1,2870,12041,Ruisbroek,Ruisbroek,Ruisbroek,Ruisbroek,N
belgium_city_2870_6,base.be,base.state_be_1,2870,12041,Sint-Amands,Saint-Amand,Sint-Amands,Sint-Amands,N
belgium_city_2880,base.be,base.state_be_1,2880,12007,Bornem,Bornem,Bornem,Bornem,N
belgium_city_2880_1,base.be,base.state_be_1,2880,12007,Hingene,Hingene,Hingene,Hingene,N
belgium_city_2880_2,base.be,base.state_be_1,2880,12007,Mariekerke,Mariekerke,Mariekerke,Mariekerke,N
belgium_city_2880_3,base.be,base.state_be_1,2880,12007,Weert,Weert,Weert,Weert,N
belgium_city_2890,base.be,base.state_be_1,2890,12041,Sint-Amands,Saint-Amand,Sint-Amands,Sint-Amands,N
belgium_city_2900,base.be,base.state_be_1,2900,11040,Schoten,Schoten,Schoten,Schoten,N
belgium_city_2910,base.be,base.state_be_1,2910,11016,Essen,Essen,Essen,Essen,N
belgium_city_2920,base.be,base.state_be_1,2920,11022,Kalmthout,Kalmthout,Kalmthout,Kalmthout,N
belgium_city_2930,base.be,base.state_be_1,2930,11008,Brasschaat,Brasschaat,Brasschaat,Brasschaat,N
belgium_city_2940,base.be,base.state_be_1,2940,11044,Stabroek,Stabroek,Stabroek,Stabroek,N
belgium_city_2940_1,base.be,base.state_be_1,2940,11044,Hoevenen,Hoevenen,Hoevenen,Hoevenen,N
belgium_city_2950,base.be,base.state_be_1,2950,11023,Kapellen,Kapellen,Kapellen,Kapellen,N
belgium_city_2960,base.be,base.state_be_1,2960,11009,Brecht,Brecht,Brecht,Brecht,N
belgium_city_2960_1,base.be,base.state_be_1,2960,11009,Sint-Job-in-'t-Goor,Sint-Job-in-'t-Goor,Sint-Job-in-'t-Goor,Sint-Job-in-'t-Goor,N
belgium_city_2960_2,base.be,base.state_be_1,2960,11009,Sint-Lenaarts,Saint-Léonard,Sint-Lenaarts,Sint-Lenaarts,N
belgium_city_2970,base.be,base.state_be_1,2970,11039,Schilde,Schilde,Schilde,Schilde,N
belgium_city_2970_1,base.be,base.state_be_1,2970,11039,'s Gravenwezel,'s Gravenwezel,'s Gravenwezel,'s Gravenwezel,N
belgium_city_2980,base.be,base.state_be_1,2980,11055,Zoersel,Zoersel,Zoersel,Zoersel,N
belgium_city_2980_1,base.be,base.state_be_1,2980,11055,Halle,Halle,Halle,Halle,N
belgium_city_2980_2,base.be,base.state_be_1,2980,11055,Sint-Antonius,Saint-Antoine,Sint-Antonius,Sint-Antonius,N
belgium_city_2990,base.be,base.state_be_1,2990,11053,Wuustwezel,Wuustwezel,Wuustwezel,Wuustwezel,N
belgium_city_2990_1,base.be,base.state_be_1,2990,11053,Loenhout,Loenhout,Loenhout,Loenhout,N
belgium_city_3000,base.be,base.state_be_4,3000,24062,Leuven,Louvain,Leuven,Löwen,N
belgium_city_3001,base.be,base.state_be_4,3001,24062,Heverlee,Heverlee,Heverlee,Heverlee,N
belgium_city_3010,base.be,base.state_be_4,3010,24062,Kessel-Lo,Kessel-Lo,Kessel-Lo,Kessel-Lo,N
belgium_city_3012,base.be,base.state_be_4,3012,24062,Wilsele,Wilsele,Wilsele,Wilsele,N
belgium_city_3018,base.be,base.state_be_4,3018,24062,Wijgmaal,Wijgmaal,Wijgmaal,Wijgmaal,N
belgium_city_3020,base.be,base.state_be_4,3020,24038,Herent,Herent,Herent,Herent,N
belgium_city_3020_1,base.be,base.state_be_4,3020,24038,Veltem-Beisem,Veltem-Beisem,Veltem-Beisem,Veltem-Beisem,N
belgium_city_3020_2,base.be,base.state_be_4,3020,24038,Winksele,Winksele,Winksele,Winksele,N
belgium_city_3040,base.be,base.state_be_4,3040,24045,Huldenberg,Huldenberg,Huldenberg,Huldenberg,N
belgium_city_3040_1,base.be,base.state_be_4,3040,24045,Loonbeek,Loonbeek,Loonbeek,Loonbeek,N
belgium_city_3040_2,base.be,base.state_be_4,3040,24045,Neerijse,Neerijse,Neerijse,Neerijse,N
belgium_city_3040_3,base.be,base.state_be_4,3040,24045,Ottenburg,Ottembourg,Ottenburg,Ottenburg,N
belgium_city_3040_4,base.be,base.state_be_4,3040,24045,Sint-Agatha-Rode,Sainte-Agathe-Rode,Sint-Agatha-Rode,Sint-Agatha-Rode,N
belgium_city_3050,base.be,base.state_be_4,3050,24086,Oud-Heverlee,Vieux-Heverlee,Oud-Heverlee,Oud-Heverlee,N
belgium_city_3051,base.be,base.state_be_4,3051,24086,Sint-Joris-Weert,Weert-Saint-Georges,Sint-Joris-Weert,Sint-Joris-Weert,N
belgium_city_3052,base.be,base.state_be_4,3052,24086,Blanden,Blanden,Blanden,Blanden,N
belgium_city_3053,base.be,base.state_be_4,3053,24086,Haasrode,Haasrode,Haasrode,Haasrode,N
belgium_city_3054,base.be,base.state_be_4,3054,24086,Vaalbeek,Vaalbeek,Vaalbeek,Vaalbeek,N
belgium_city_3060,base.be,base.state_be_4,3060,24009,Bertem,Bertem,Bertem,Bertem,N
belgium_city_3060_1,base.be,base.state_be_4,3060,24009,Korbeek-Dijle,Corbeek-sur-Dyle,Korbeek-Dijle,Korbeek-Dijle,N
belgium_city_3061,base.be,base.state_be_4,3061,24009,Leefdaal,Leefdaal,Leefdaal,Leefdaal,N
belgium_city_3070,base.be,base.state_be_4,3070,24054,Kortenberg,Cortenbergh,Kortenberg,Kortenberg,N
belgium_city_3071,base.be,base.state_be_4,3071,24054,Erps-Kwerps,Erps-Kwerps,Erps-Kwerps,Erps-Kwerps,N
belgium_city_3078,base.be,base.state_be_4,3078,24054,Everberg,Everberg,Everberg,Everberg,N
belgium_city_3078_1,base.be,base.state_be_4,3078,24054,Meerbeek,Meerbeek,Meerbeek,Meerbeek,N
belgium_city_3080,base.be,base.state_be_4,3080,24104,Tervuren,Tervueren,Tervuren,Tervuren,N
belgium_city_3080_1,base.be,base.state_be_4,3080,24104,Duisburg,Duisbourg,Duisburg,Duisburg,N
belgium_city_3080_2,base.be,base.state_be_4,3080,24104,Vossem,Vossem,Vossem,Vossem,N
belgium_city_3090,base.be,base.state_be_4,3090,23062,Overijse,Overijse,Overijse,Overijse,N
belgium_city_3110,base.be,base.state_be_4,3110,24094,Rotselaar,Rotselaar,Rotselaar,Rotselaar,N
belgium_city_3111,base.be,base.state_be_4,3111,24094,Wezemaal,Wezemaal,Wezemaal,Wezemaal,N
belgium_city_3118,base.be,base.state_be_4,3118,24094,Werchter,Werchter,Werchter,Werchter,N
belgium_city_3120,base.be,base.state_be_4,3120,24109,Tremelo,Tremelo,Tremelo,Tremelo,N
belgium_city_3128,base.be,base.state_be_4,3128,24109,Baal,Baal,Baal,Baal,N
belgium_city_3130,base.be,base.state_be_4,3130,24007,Begijnendijk,Begijnendijk,Begijnendijk,Begijnendijk,N
belgium_city_3130_1,base.be,base.state_be_4,3130,24007,Betekom,Betekom,Betekom,Betekom,N
belgium_city_3140,base.be,base.state_be_4,3140,24048,Keerbergen,Keerbergen,Keerbergen,Keerbergen,N
belgium_city_3150,base.be,base.state_be_4,3150,24033,Haacht,Haacht,Haacht,Haacht,N
belgium_city_3150_1,base.be,base.state_be_4,3150,24033,Tildonk,Tildonk,Tildonk,Tildonk,N
belgium_city_3150_2,base.be,base.state_be_4,3150,24033,Wespelaar,Wespelaar,Wespelaar,Wespelaar,N
belgium_city_3190,base.be,base.state_be_4,3190,24014,Boortmeerbeek,Boortmeerbeek,Boortmeerbeek,Boortmeerbeek,N
belgium_city_3191,base.be,base.state_be_4,3191,24014,Hever,Hever,Hever,Hever,N
belgium_city_3200,base.be,base.state_be_4,3200,24001,Aarschot,Aarschot,Aarschot,Aarschot,N
belgium_city_3200_1,base.be,base.state_be_4,3200,24001,Gelrode,Gelrode,Gelrode,Gelrode,N
belgium_city_3201,base.be,base.state_be_4,3201,24001,Langdorp,Langdorp,Langdorp,Langdorp,N
belgium_city_3202,base.be,base.state_be_4,3202,24001,Rillaar,Rillaar,Rillaar,Rillaar,N
belgium_city_3220,base.be,base.state_be_4,3220,24043,Holsbeek,Holsbeek,Holsbeek,Holsbeek,N
belgium_city_3220_1,base.be,base.state_be_4,3220,24043,Kortrijk-Dutsel,Kortrijk-Dutsel,Kortrijk-Dutsel,Kortrijk-Dutsel,N
belgium_city_3220_2,base.be,base.state_be_4,3220,24043,Sint-Pieters-Rode,Rhode-Saint-Pierre,Sint-Pieters-Rode,Sint-Pieters-Rode,N
belgium_city_3221,base.be,base.state_be_4,3221,24043,Nieuwrode,Nieuwrode,Nieuwrode,Nieuwrode,N
belgium_city_3270,base.be,base.state_be_4,3270,24134,Scherpenheuvel-Zichem,Montaigu-Zichem,Scherpenheuvel-Zichem,Scherpenheuvel-Zichem,N
belgium_city_3271,base.be,base.state_be_4,3271,24134,Averbode,Averbode,Averbode,Averbode,N
belgium_city_3271_1,base.be,base.state_be_4,3271,24134,Zichem,Zichem,Zichem,Zichem,N
belgium_city_3272,base.be,base.state_be_4,3272,24134,Messelbroek,Messelbroek,Messelbroek,Messelbroek,N
belgium_city_3272_1,base.be,base.state_be_4,3272,24134,Testelt,Testelt,Testelt,Testelt,N
belgium_city_3290,base.be,base.state_be_4,3290,24020,Diest,Diest,Diest,Diest,N
belgium_city_3290_1,base.be,base.state_be_4,3290,24020,Deurne,Deurne,Deurne,Deurne,N
belgium_city_3290_2,base.be,base.state_be_4,3290,24020,Schaffen,Schaffen,Schaffen,Schaffen,N
belgium_city_3290_3,base.be,base.state_be_4,3290,24020,Webbekom,Webbekom,Webbekom,Webbekom,N
belgium_city_3293,base.be,base.state_be_4,3293,24020,Kaggevinne,Kaggevinne,Kaggevinne,Kaggevinne,N
belgium_city_3294,base.be,base.state_be_4,3294,24020,Molenstede,Molenstede,Molenstede,Molenstede,N
belgium_city_3300,base.be,base.state_be_4,3300,24107,Tienen,Tirlemont,Tienen,Tienen,N
belgium_city_3300_1,base.be,base.state_be_4,3300,24107,Bost,Bost,Bost,Bost,N
belgium_city_3300_2,base.be,base.state_be_4,3300,24107,Goetsenhoven,Gossoncourt,Goetsenhoven,Goetsenhoven,N
belgium_city_3300_3,base.be,base.state_be_4,3300,24107,Hakendover,Hakendover,Hakendover,Hakendover,N
belgium_city_3300_4,base.be,base.state_be_4,3300,24107,Kumtich,Kumtich,Kumtich,Kumtich,N
belgium_city_3300_5,base.be,base.state_be_4,3300,24107,Oorbeek,Oorbeek,Oorbeek,Oorbeek,N
belgium_city_3300_6,base.be,base.state_be_4,3300,24107,Sint-Margriete-Houtem,Houtem-Sainte-Marguerite,Sint-Margriete-Houtem,Sint-Margriete-Houtem,N
belgium_city_3300_7,base.be,base.state_be_4,3300,24107,Vissenaken,Vissenaken,Vissenaken,Vissenaken,N
belgium_city_3320,base.be,base.state_be_4,3320,24041,Hoegaarden,Hougaerde,Hoegaarden,Hoegaarden,N
belgium_city_3320_1,base.be,base.state_be_4,3320,24041,Meldert,Meldert,Meldert,Meldert,N
belgium_city_3321,base.be,base.state_be_4,3321,24041,Outgaarden,Outgaarden,Outgaarden,Outgaarden,N
belgium_city_3350,base.be,base.state_be_4,3350,24133,Linter,Linter,Linter,Linter,N
belgium_city_3350_1,base.be,base.state_be_4,3350,24133,Drieslinter,Drieslinter,Drieslinter,Drieslinter,N
belgium_city_3350_2,base.be,base.state_be_4,3350,24133,Melkwezer,Melkwezer,Melkwezer,Melkwezer,N
belgium_city_3350_3,base.be,base.state_be_4,3350,24133,Neerhespen,Neerhespen,Neerhespen,Neerhespen,N
belgium_city_3350_4,base.be,base.state_be_4,3350,24133,Neerlinter,Neerlinter,Neerlinter,Neerlinter,N
belgium_city_3350_5,base.be,base.state_be_4,3350,24133,Orsmaal-Gussenhoven,Orsmaal-Gussenhoven,Orsmaal-Gussenhoven,Orsmaal-Gussenhoven,N
belgium_city_3350_6,base.be,base.state_be_4,3350,24133,Overhespen,Overhespen,Overhespen,Overhespen,N
belgium_city_3350_7,base.be,base.state_be_4,3350,24133,Wommersom,Wommersom,Wommersom,Wommersom,N
belgium_city_3360,base.be,base.state_be_4,3360,24011,Bierbeek,Bierbeek,Bierbeek,Bierbeek,N
belgium_city_3360_1,base.be,base.state_be_4,3360,24011,Korbeek-Lo,Korbeek-Lo,Korbeek-Lo,Korbeek-Lo,N
belgium_city_3360_2,base.be,base.state_be_4,3360,24011,Lovenjoel,Lovenjoel,Lovenjoel,Lovenjoel,N
belgium_city_3360_3,base.be,base.state_be_4,3360,24011,Opvelp,Opvelp,Opvelp,Opvelp,N
belgium_city_3370,base.be,base.state_be_4,3370,24016,Boutersem,Boutersem,Boutersem,Boutersem,N
belgium_city_3370_1,base.be,base.state_be_4,3370,24016,Kerkom,Kerkom,Kerkom,Kerkom,N
belgium_city_3370_2,base.be,base.state_be_4,3370,24016,Neervelp,Neervelp,Neervelp,Neervelp,N
belgium_city_3370_3,base.be,base.state_be_4,3370,24016,Roosbeek,Roosbeek,Roosbeek,Roosbeek,N
belgium_city_3370_4,base.be,base.state_be_4,3370,24016,Vertrijk,Vertrijk,Vertrijk,Vertrijk,N
belgium_city_3370_5,base.be,base.state_be_4,3370,24016,Willebringen,Willebringen,Willebringen,Willebringen,N
belgium_city_3390,base.be,base.state_be_4,3390,24135,Tielt-Winge,Tielt-Winge,Tielt-Winge,Tielt-Winge,N
belgium_city_3390_1,base.be,base.state_be_4,3390,24135,Houwaart,Houwaart,Houwaart,Houwaart,N
belgium_city_3390_2,base.be,base.state_be_4,3390,24135,Meensel-Kiezegem,Meensel-Kiezegem,Meensel-Kiezegem,Meensel-Kiezegem,N
belgium_city_3391,base.be,base.state_be_4,3391,24135,Sint-Joris-Winge,Saint-Georges-Winge,Sint-Joris-Winge,Sint-Joris-Winge,N
belgium_city_3400,base.be,base.state_be_4,3400,24059,Landen,Landen,Landen,Landen,N
belgium_city_3400_1,base.be,base.state_be_4,3400,24059,Attenhoven,Attenhoven,Attenhoven,Attenhoven,N
belgium_city_3400_2,base.be,base.state_be_4,3400,24059,Neerwinden,Neerwinden,Neerwinden,Neerwinden,N
belgium_city_3401,base.be,base.state_be_4,3401,24059,Walshoutem,Walshoutem,Walshoutem,Walshoutem,N
belgium_city_3404,base.be,base.state_be_4,3404,24059,Neerhespen,Neerhespen,Neerhespen,Neerhespen,N
belgium_city_3430,base.be,base.state_be_4,3430,24137,Glabbeek,Glabbeek,Glabbeek,Glabbeek,N
belgium_city_3430_1,base.be,base.state_be_4,3430,24137,Bunsbeek,Bunsbeek,Bunsbeek,Bunsbeek,N
belgium_city_3430_2,base.be,base.state_be_4,3430,24137,Kapellen,Kapellen,Kapellen,Kapellen,N
belgium_city_3430_3,base.be,base.state_be_4,3430,24137,Zuurbemde,Zuurbemde,Zuurbemde,Zuurbemde,N
belgium_city_3440,base.be,base.state_be_4,3440,24130,Zoutleeuw,Léau,Zoutleeuw,Zoutleeuw,N
belgium_city_3440_1,base.be,base.state_be_4,3440,24130,Budingen,Budingen,Budingen,Budingen,N
belgium_city_3440_2,base.be,base.state_be_4,3440,24130,Dormaal,Dormaal,Dormaal,Dormaal,N
belgium_city_3440_3,base.be,base.state_be_4,3440,24130,Halle-Booienhoven,Halle-Booienhoven,Halle-Booienhoven,Halle-Booienhoven,N
belgium_city_3440_4,base.be,base.state_be_4,3440,24130,Helen-Bos,Helen-Bos,Helen-Bos,Helen-Bos,N
belgium_city_3450,base.be,base.state_be_4,3450,24028,Geetbets,Geetbets,Geetbets,Geetbets,N
belgium_city_3450_1,base.be,base.state_be_4,3450,24028,Grazen,Grazen,Grazen,Grazen,N
belgium_city_3454,base.be,base.state_be_4,3454,24028,Rummen,Rummen,Rummen,Rummen,N
belgium_city_3460,base.be,base.state_be_4,3460,24008,Bekkevoort,Bekkevoort,Bekkevoort,Bekkevoort,N
belgium_city_3460_1,base.be,base.state_be_4,3460,24008,Assent,Assent,Assent,Assent,N
belgium_city_3461,base.be,base.state_be_4,3461,24008,Molenbeek-Wersbeek,Molenbeek-Wersbeek,Molenbeek-Wersbeek,Molenbeek-Wersbeek,N
belgium_city_3470,base.be,base.state_be_4,3470,24055,Kortenaken,Kortenaken,Kortenaken,Kortenaken,N
belgium_city_3470_1,base.be,base.state_be_4,3470,24055,Hoeleden,Hoeleden,Hoeleden,Hoeleden,N
belgium_city_3470_2,base.be,base.state_be_4,3470,24055,Kersbeek-Miskom,Kersbeek-Miskom,Kersbeek-Miskom,Kersbeek-Miskom,N
belgium_city_3470_3,base.be,base.state_be_4,3470,24055,Waanrode,Waanrode,Waanrode,Waanrode,N
belgium_city_3471,base.be,base.state_be_4,3471,24055,Hoeleden,Hoeleden,Hoeleden,Hoeleden,N
belgium_city_3472,base.be,base.state_be_4,3472,24055,Kersbeek-Miskom,Kersbeek-Miskom,Kersbeek-Miskom,Kersbeek-Miskom,N
belgium_city_3473,base.be,base.state_be_4,3473,24055,Waanrode,Waanrode,Waanrode,Waanrode,N
belgium_city_3500,base.be,base.state_be_2,3500,71072,Hasselt,Hasselt,Hasselt,Hasselt,N
belgium_city_3500_1,base.be,base.state_be_2,3500,71072,Sint-Lambrechts-Herk,Herk-Saint-Lambert,Sint-Lambrechts-Herk,Sint-Lambrechts-Herk,N
belgium_city_3500_2,base.be,base.state_be_2,3500,71072,Wimmertingen,Wimmertingen,Wimmertingen,Wimmertingen,N
belgium_city_3501,base.be,base.state_be_2,3501,71072,Spalbeek,Spalbeek,Spalbeek,Spalbeek,N
belgium_city_3510,base.be,base.state_be_2,3510,71072,Kermt,Kermt,Kermt,Kermt,N
belgium_city_3510_1,base.be,base.state_be_2,3510,71072,Stevoort,Stevoort,Stevoort,Stevoort,N
belgium_city_3511,base.be,base.state_be_2,3511,71072,Kuringen,Curange,Kuringen,Kuringen,N
belgium_city_3511_1,base.be,base.state_be_2,3511,71072,Stokrooie,Stokrooie,Stokrooie,Stokrooie,N
belgium_city_3520,base.be,base.state_be_2,3520,71066,Zonhoven,Zonhoven,Zonhoven,Zonhoven,N
belgium_city_3530,base.be,base.state_be_2,3530,72039,Houthalen-Helchteren,Houthalen-Helchteren,Houthalen-Helchteren,Houthalen-Helchteren,N
belgium_city_3530_1,base.be,base.state_be_2,3530,72039,Houthalen,Houthalen,Houthalen,Houthalen,N
belgium_city_3530_2,base.be,base.state_be_2,3530,72039,Helchteren,Helchteren,Helchteren,Helchteren,N
belgium_city_3540,base.be,base.state_be_2,3540,71024,Herk-de-Stad,Herck-la-Ville,Herk-de-Stad,Herk-de-Stad,N
belgium_city_3540_1,base.be,base.state_be_2,3540,71024,Berbroek,Berbroek,Berbroek,Berbroek,N
belgium_city_3540_2,base.be,base.state_be_2,3540,71024,Donk,Donk,Donk,Donk,N
belgium_city_3540_3,base.be,base.state_be_2,3540,71024,Schulen,Schulen,Schulen,Schulen,N
belgium_city_3545,base.be,base.state_be_2,3545,71020,Halen,Haelen,Halen,Halen,N
belgium_city_3545_1,base.be,base.state_be_2,3545,71020,Loksbergen,Loksbergen,Loksbergen,Loksbergen,N
belgium_city_3545_2,base.be,base.state_be_2,3545,71020,Zelem,Zelem,Zelem,Zelem,N
belgium_city_3550,base.be,base.state_be_2,3550,71070,Heusden-Zolder,Heusden-Zolder,Heusden-Zolder,Heusden-Zolder,N
belgium_city_3550_1,base.be,base.state_be_2,3550,71070,Heusden,Heusden,Heusden,Heusden,N
belgium_city_3550_2,base.be,base.state_be_2,3550,71070,Zolder,Zolder,Zolder,Zolder,N
belgium_city_3560,base.be,base.state_be_2,3560,71037,Lummen,Lummen,Lummen,Lummen,N
belgium_city_3560_1,base.be,base.state_be_2,3560,71037,Linkhout,Linkhout,Linkhout,Linkhout,N
belgium_city_3560_2,base.be,base.state_be_2,3560,71037,Meldert,Meldert,Meldert,Meldert,N
belgium_city_3570,base.be,base.state_be_2,3570,73001,Alken,Alken,Alken,Alken,N
belgium_city_3580,base.be,base.state_be_2,3580,71004,Beringen,Beringen,Beringen,Beringen,N
belgium_city_3581,base.be,base.state_be_2,3581,71004,Beverlo,Beverlo,Beverlo,Beverlo,N
belgium_city_3582,base.be,base.state_be_2,3582,71004,Koersel,Koersel,Koersel,Koersel,N
belgium_city_3583,base.be,base.state_be_2,3583,71004,Paal,Paal,Paal,Paal,N
belgium_city_3590,base.be,base.state_be_2,3590,71011,Diepenbeek,Diepenbeek,Diepenbeek,Diepenbeek,N
belgium_city_3600,base.be,base.state_be_2,3600,71016,Genk,Genk,Genk,Genk,N
belgium_city_3620,base.be,base.state_be_2,3620,73042,Lanaken,Lanaken,Lanaken,Lanaken,N
belgium_city_3620_1,base.be,base.state_be_2,3620,73042,Gellik,Gellik,Gellik,Gellik,N
belgium_city_3620_2,base.be,base.state_be_2,3620,73042,Neerharen,Neerharen,Neerharen,Neerharen,N
belgium_city_3620_3,base.be,base.state_be_2,3620,73042,Veldwezelt,Veldwezelt,Veldwezelt,Veldwezelt,N
belgium_city_3621,base.be,base.state_be_2,3621,73042,Rekem,Reckheim,Rekem,Rekem,N
belgium_city_3630,base.be,base.state_be_2,3630,73107,Maasmechelen,Maasmechelen,Maasmechelen,Maasmechelen,N
belgium_city_3630_1,base.be,base.state_be_2,3630,73107,Eisden,Eisden,Eisden,Eisden,N
belgium_city_3630_2,base.be,base.state_be_2,3630,73107,Leut,Leut,Leut,Leut,N
belgium_city_3630_3,base.be,base.state_be_2,3630,73107,Mechelen-aan-de-Maas,Mechelen-aan-de-Maas,Mechelen-aan-de-Maas,Mechelen-aan-de-Maas,N
belgium_city_3630_4,base.be,base.state_be_2,3630,73107,Opgrimbie,Opgrimbie,Opgrimbie,Opgrimbie,N
belgium_city_3630_5,base.be,base.state_be_2,3630,73107,Vucht,Vucht,Vucht,Vucht,N
belgium_city_3631,base.be,base.state_be_2,3631,73107,Boorsem,Boorsem,Boorsem,Boorsem,N
belgium_city_3631_1,base.be,base.state_be_2,3631,73107,Uikhoven,Uikhoven,Uikhoven,Uikhoven,N
belgium_city_3640,base.be,base.state_be_2,3640,72018,Kinrooi,Kinrooi,Kinrooi,Kinrooi,N
belgium_city_3640_1,base.be,base.state_be_2,3640,72018,Kessenich,Kessenich,Kessenich,Kessenich,N
belgium_city_3640_2,base.be,base.state_be_2,3640,72018,Molenbeersel,Molenbeersel,Molenbeersel,Molenbeersel,N
belgium_city_3640_3,base.be,base.state_be_2,3640,72018,Ophoven,Ophoven,Ophoven,Ophoven,N
belgium_city_3650,base.be,base.state_be_2,3650,72041,Dilsen-Stokkem,Dilsen-Stokkem,Dilsen-Stokkem,Dilsen-Stokkem,N
belgium_city_3650_1,base.be,base.state_be_2,3650,72041,Elen,Elen,Elen,Elen,N
belgium_city_3650_2,base.be,base.state_be_2,3650,72041,Lanklaar,Lanklaar,Lanklaar,Lanklaar,N
belgium_city_3650_3,base.be,base.state_be_2,3650,72041,Rotem,Rotem,Rotem,Rotem,N
belgium_city_3650_4,base.be,base.state_be_2,3650,72041,Stokkem,Stockheim,Stokkem,Stokkem,N
belgium_city_3660,base.be,base.state_be_2,3660,72042,Oudsbergen,Oudsbergen,Oudsbergen,Oudsbergen,N
belgium_city_3660_1,base.be,base.state_be_2,3660,72042,Gruitrode,Gruitrode,Gruitrode,Gruitrode,N
belgium_city_3660_2,base.be,base.state_be_2,3660,72042,Meeuwen,Meeuwen,Meeuwen,Meeuwen,N
belgium_city_3665,base.be,base.state_be_2,3665,71002,As,As,As,As,N
belgium_city_3668,base.be,base.state_be_2,3668,71002,Niel-bij-As,Niel-lez-As,Niel-bij-As,Niel-bij-As,N
belgium_city_3670,base.be,base.state_be_2,3670,72042,Ellikom,Ellikom,Ellikom,Ellikom,N
belgium_city_3670_1,base.be,base.state_be_2,3670,72042,Gruitrode,Gruitrode,Gruitrode,Gruitrode,N
belgium_city_3670_2,base.be,base.state_be_2,3670,72042,Meeuwen,Meeuwen,Meeuwen,Meeuwen,N
belgium_city_3670_3,base.be,base.state_be_2,3670,72042,Neerglabbeek,Neerglabbeek,Neerglabbeek,Neerglabbeek,N
belgium_city_3670_4,base.be,base.state_be_2,3670,72042,Wijshagen,Wijshagen,Wijshagen,Wijshagen,N
belgium_city_3680,base.be,base.state_be_2,3680,72021,Maaseik,Maaseik,Maaseik,Maaseik,N
belgium_city_3680_1,base.be,base.state_be_2,3680,72021,Neeroeteren,Neeroeteren,Neeroeteren,Neeroeteren,N
belgium_city_3680_2,base.be,base.state_be_2,3680,72021,Opoeteren,Opoeteren,Opoeteren,Opoeteren,N
belgium_city_3690,base.be,base.state_be_2,3690,71067,Zutendaal,Zutendaal,Zutendaal,Zutendaal,N
belgium_city_3700,base.be,base.state_be_2,3700,73111,Tongeren,Tongres,Tongeren,Tongeren,N
belgium_city_3700_1,base.be,base.state_be_2,3700,73111,Berg,Berg,Berg,Berg,N
belgium_city_3700_2,base.be,base.state_be_2,3700,73111,Diets-Heur,Heur-le-Tixhe,Diets-Heur,Diets-Heur,N
belgium_city_3700_3,base.be,base.state_be_2,3700,73111,Henis,Henis,Henis,Henis,N
belgium_city_3700_4,base.be,base.state_be_2,3700,73111,Mal,Malle,Mal,Mal,N
belgium_city_3700_5,base.be,base.state_be_2,3700,73111,Neerrepen,Neerrepen,Neerrepen,Neerrepen,N
belgium_city_3700_6,base.be,base.state_be_2,3700,73111,Overrepen,Overrepen,Overrepen,Overrepen,N
belgium_city_3700_7,base.be,base.state_be_2,3700,73111,Piringen,Piringen,Piringen,Piringen,N
belgium_city_3700_8,base.be,base.state_be_2,3700,73111,Riksingen,Riksingen,Riksingen,Riksingen,N
belgium_city_3700_9,base.be,base.state_be_2,3700,73111,Rutten,Russon,Rutten,Rutten,N
belgium_city_3700_10,base.be,base.state_be_2,3700,73111,Sluizen,Sluizen,Sluizen,Sluizen,N
belgium_city_3700_11,base.be,base.state_be_2,3700,73111,Vreren,Freren,Vreren,Vreren,N
belgium_city_3700_12,base.be,base.state_be_2,3700,73111,Widooie,Widoye,Widooie,Widooie,N
belgium_city_3717,base.be,base.state_be_2,3717,73028,Herstappe,Herstappe,Herstappe,Herstappe,N
belgium_city_3720,base.be,base.state_be_2,3720,71016,Genk,Genk,Genk,Genk,N
belgium_city_3730,base.be,base.state_be_2,3730,73110,Hoeselt,Hoeselt,Hoeselt,Hoeselt,N
belgium_city_3730_1,base.be,base.state_be_2,3730,73110,Romershoven,Romershoven,Romershoven,Romershoven,N
belgium_city_3730_2,base.be,base.state_be_2,3730,73110,Schalkhoven,Schalkhoven,Schalkhoven,Schalkhoven,N
belgium_city_3730_3,base.be,base.state_be_2,3730,73110,Sint-Huibrechts-Hern,Hern-Saint-Hubert,Sint-Huibrechts-Hern,Sint-Huibrechts-Hern,N
belgium_city_3730_4,base.be,base.state_be_2,3730,73110,Werm,Werm,Werm,Werm,N
belgium_city_3740,base.be,base.state_be_2,3740,73110,Bilzen,Bilzen,Bilzen,Bilzen,N
belgium_city_3740_1,base.be,base.state_be_2,3740,73110,Beverst,Beverst,Beverst,Beverst,N
belgium_city_3740_2,base.be,base.state_be_2,3740,73110,Eigenbilzen,Eigenbilzen,Eigenbilzen,Eigenbilzen,N
belgium_city_3740_3,base.be,base.state_be_2,3740,73110,Grote-Spouwen,Grand-Spauwen,Grote-Spouwen,Grote-Spouwen,N
belgium_city_3740_4,base.be,base.state_be_2,3740,73110,Heerewaarden,Heerewaarden,Heerewaarden,Heerewaarden,N
belgium_city_3740_5,base.be,base.state_be_2,3740,73110,Kleine-Spouwen,Petit-Spauwen,Kleine-Spouwen,Kleine-Spouwen,N
belgium_city_3740_6,base.be,base.state_be_2,3740,73110,Martenslinde,Martenslinde,Martenslinde,Martenslinde,N
belgium_city_3740_7,base.be,base.state_be_2,3740,73110,Mopertingen,Mopertingen,Mopertingen,Mopertingen,N
belgium_city_3740_8,base.be,base.state_be_2,3740,73110,Munsterbilzen,Munsterbilzen,Munsterbilzen,Munsterbilzen,N
belgium_city_3740_9,base.be,base.state_be_2,3740,73110,Rijkhoven,Rijkhoven,Rijkhoven,Rijkhoven,N
belgium_city_3740_10,base.be,base.state_be_2,3740,73110,Rosmeer,Rosmeer,Rosmeer,Rosmeer,N
belgium_city_3740_11,base.be,base.state_be_2,3740,73110,Waltwilder,Waltwilder,Waltwilder,Waltwilder,N
belgium_city_3742,base.be,base.state_be_2,3742,73110,Hoelbeek,Hoelbeek,Hoelbeek,Hoelbeek,N
belgium_city_3770,base.be,base.state_be_2,3770,73066,Riemst,Riemst,Riemst,Riemst,N
belgium_city_3770_1,base.be,base.state_be_2,3770,73066,Genoelselderen,Genoelselderen,Genoelselderen,Genoelselderen,N
belgium_city_3770_2,base.be,base.state_be_2,3770,73066,Herderen,Herderen,Herderen,Herderen,N
belgium_city_3770_3,base.be,base.state_be_2,3770,73066,Kanne,Canne,Kanne,Kanne,N
belgium_city_3770_4,base.be,base.state_be_2,3770,73066,Membruggen,Membruggen,Membruggen,Membruggen,N
belgium_city_3770_5,base.be,base.state_be_2,3770,73066,Millen,Millen,Millen,Millen,N
belgium_city_3770_6,base.be,base.state_be_2,3770,73066,Val-Meer,Val-Meer,Val-Meer,Val-Meer,N
belgium_city_3770_7,base.be,base.state_be_2,3770,73066,Vlijtingen,Vlijtingen,Vlijtingen,Vlijtingen,N
belgium_city_3770_8,base.be,base.state_be_2,3770,73066,Vroenhoven,Vroenhoven,Vroenhoven,Vroenhoven,N
belgium_city_3770_9,base.be,base.state_be_2,3770,73066,Zichen-Zussen-Bolder,Zichen-Zussen-Bolder,Zichen-Zussen-Bolder,Zichen-Zussen-Bolder,N
belgium_city_3790,base.be,base.state_be_2,3790,73109,Fourons,Fourons,Voeren,Fourons,N
belgium_city_3790_1,base.be,base.state_be_2,3790,73109,Moelingen,Mouland,Moelingen,Moelingen,N
belgium_city_3790_2,base.be,base.state_be_2,3790,73109,Remersdaal,Rémersdael,Remersdaal,Remersdaal,N
belgium_city_3790_3,base.be,base.state_be_2,3790,73109,'s Gravenvoeren,Fouron-le-Comte,'s Gravenvoeren,'s Gravenvoeren,N
belgium_city_3791,base.be,base.state_be_2,3791,73109,Sint-Pieters-Voeren,Fouron-Saint-Pierre,Sint-Pieters-Voeren,Sint-Pieters-Voeren,N
belgium_city_3792,base.be,base.state_be_2,3792,73109,Sint-Martens-Voeren,Fouron-Saint-Martin,Sint-Martens-Voeren,Sint-Martens-Voeren,N
belgium_city_3793,base.be,base.state_be_2,3793,73109,Teuven,Teuven,Teuven,Teuven,N
belgium_city_3800,base.be,base.state_be_2,3800,71053,Sint-Truiden,Saint-Trond,Sint-Truiden,Sint-Truiden,N
belgium_city_3800_1,base.be,base.state_be_2,3800,71053,Brustem,Brustem,Brustem,Brustem,N
belgium_city_3800_2,base.be,base.state_be_2,3800,71053,Duras,Duras,Duras,Duras,N
belgium_city_3800_3,base.be,base.state_be_2,3800,71053,Engelmanshoven,Engelmanshoven,Engelmanshoven,Engelmanshoven,N
belgium_city_3800_4,base.be,base.state_be_2,3800,71053,Gelinden,Gelinden,Gelinden,Gelinden,N
belgium_city_3800_5,base.be,base.state_be_2,3800,71053,Gorsem,Gorsem,Gorsem,Gorsem,N
belgium_city_3800_6,base.be,base.state_be_2,3800,71053,Groot-Gelmen,Grande-Jamine,Groot-Gelmen,Groot-Gelmen,N
belgium_city_3800_7,base.be,base.state_be_2,3800,71053,Halmaal,Halmaal,Halmaal,Halmaal,N
belgium_city_3800_8,base.be,base.state_be_2,3800,71053,Kerkom-bij-Sint-Truiden,Kerkom-près-Saint-Trond,Kerkom-bij-Sint-Truiden,Kerkom-bij-Sint-Truiden,N
belgium_city_3800_9,base.be,base.state_be_2,3800,71053,Ordingen,Ordingen,Ordingen,Ordingen,N
belgium_city_3800_10,base.be,base.state_be_2,3800,71053,Runkelen,Runkelen,Runkelen,Runkelen,N
belgium_city_3800_11,base.be,base.state_be_2,3800,71053,Velm,Velm,Velm,Velm,N
belgium_city_3800_12,base.be,base.state_be_2,3800,71053,Wilderen,Wilderen,Wilderen,Wilderen,N
belgium_city_3800_13,base.be,base.state_be_2,3800,71053,Zepperen,Zepperen,Zepperen,Zepperen,N
belgium_city_3830,base.be,base.state_be_2,3830,73098,Wellen,Wellen,Wellen,Wellen,N
belgium_city_3830_1,base.be,base.state_be_2,3830,73098,Berlingen,Berlingen,Berlingen,Berlingen,N
belgium_city_3830_2,base.be,base.state_be_2,3830,73098,Herten,Herten,Herten,Herten,N
belgium_city_3830_3,base.be,base.state_be_2,3830,73098,Ulbeek,Ulbeek,Ulbeek,Ulbeek,N
belgium_city_3850,base.be,base.state_be_2,3850,71045,Nieuwerkerken,Nieuwerkerken,Nieuwerkerken,Nieuwerkerken,N
belgium_city_3850_1,base.be,base.state_be_2,3850,71045,Binderveld,Binderveld,Binderveld,Binderveld,N
belgium_city_3850_2,base.be,base.state_be_2,3850,71045,Kozen,Kozen,Kozen,Kozen,N
belgium_city_3850_3,base.be,base.state_be_2,3850,71045,Wijer,Wijer,Wijer,Wijer,N
belgium_city_3870,base.be,base.state_be_2,3870,73022,Heers,Heers,Heers,Heers,N
belgium_city_3870_1,base.be,base.state_be_2,3870,73022,Batsheers,Bas-Heers,Batsheers,Batsheers,N
belgium_city_3870_2,base.be,base.state_be_2,3870,73022,Gutschoven,Gutschoven,Gutschoven,Gutschoven,N
belgium_city_3870_3,base.be,base.state_be_2,3870,73022,Heks,Hex,Heks,Heks,N
belgium_city_3870_4,base.be,base.state_be_2,3870,73022,Horpmaal,Horpmaal,Horpmaal,Horpmaal,N
belgium_city_3870_5,base.be,base.state_be_2,3870,73022,Klein-Gelmen,Petite-Jamine,Klein-Gelmen,Klein-Gelmen,N
belgium_city_3870_6,base.be,base.state_be_2,3870,73022,Mechelen-Bovelingen,Marlinne,Mechelen-Bovelingen,Mechelen-Bovelingen,N
belgium_city_3870_7,base.be,base.state_be_2,3870,73022,Mettekoven,Mettekoven,Mettekoven,Mettekoven,N
belgium_city_3870_8,base.be,base.state_be_2,3870,73022,Opheers,Opheers,Opheers,Opheers,N
belgium_city_3870_9,base.be,base.state_be_2,3870,73022,Vechmaal,Vechmaal,Vechmaal,Vechmaal,N
belgium_city_3870_10,base.be,base.state_be_2,3870,73022,Veulen,Fologne,Veulen,Veulen,N
belgium_city_3890,base.be,base.state_be_2,3890,71017,Gingelom,Gingelom,Gingelom,Gingelom,N
belgium_city_3890_1,base.be,base.state_be_2,3890,71017,Borlo,Borlo,Borlo,Borlo,N
belgium_city_3890_2,base.be,base.state_be_2,3890,71017,Buvingen,Buvingen,Buvingen,Buvingen,N
belgium_city_3890_3,base.be,base.state_be_2,3890,71017,Jeuk,Goyer,Jeuk,Jeuk,N
belgium_city_3890_4,base.be,base.state_be_2,3890,71017,Montenaken,Montenaken,Montenaken,Montenaken,N
belgium_city_3890_5,base.be,base.state_be_2,3890,71017,Niel-bij-Sint-Truiden,Niel-lez-Saint-Trond,Niel-bij-Sint-Truiden,Niel-bij-Sint-Truiden,N
belgium_city_3890_6,base.be,base.state_be_2,3890,71017,Vorsen,Fresin,Vorsen,Vorsen,N
belgium_city_3891,base.be,base.state_be_2,3891,71017,Mielen-boven-Aalst,Mielen-boven-Aalst,Mielen-boven-Aalst,Mielen-boven-Aalst,N
belgium_city_3891_1,base.be,base.state_be_2,3891,71017,Muizen,Muizen,Muizen,Muizen,N
belgium_city_3900,base.be,base.state_be_2,3900,72043,Pelt,Pelt,Pelt,Pelt,N
belgium_city_3900_1,base.be,base.state_be_2,3900,72043,Overpelt,Overpelt,Overpelt,Overpelt,N
belgium_city_3910,base.be,base.state_be_2,3910,72043,Neerpelt,Neerpelt,Neerpelt,Neerpelt,N
belgium_city_3910_1,base.be,base.state_be_2,3910,72043,Sint-Huibrechts-Lille,Lille-Saint-Hubert,Sint-Huibrechts-Lille,Sint-Huibrechts-Lille,N
belgium_city_3920,base.be,base.state_be_2,3920,72020,Lommel,Lommel,Lommel,Lommel,N
belgium_city_3930,base.be,base.state_be_2,3930,72037,Hamont-Achel,Hamont-Achel,Hamont-Achel,Hamont-Achel,N
belgium_city_3930_1,base.be,base.state_be_2,3930,72037,Hamont,Hamont,Hamont,Hamont,N
belgium_city_3930_2,base.be,base.state_be_2,3930,72037,Achel,Achel,Achel,Achel,N
belgium_city_3940,base.be,base.state_be_2,3940,72038,Hechtel-Eksel,Hechtel-Eksel,Hechtel-Eksel,Hechtel-Eksel,N
belgium_city_3940_1,base.be,base.state_be_2,3940,72038,Hechtel,Hechtel,Hechtel,Hechtel,N
belgium_city_3941,base.be,base.state_be_2,3941,72038,Eksel,Eksel,Eksel,Eksel,N
belgium_city_3950,base.be,base.state_be_2,3950,72003,Bocholt,Bocholt,Bocholt,Bocholt,N
belgium_city_3950_1,base.be,base.state_be_2,3950,72003,Kaulille,Kaulille,Kaulille,Kaulille,N
belgium_city_3950_2,base.be,base.state_be_2,3950,72003,Reppel,Reppel,Reppel,Reppel,N
belgium_city_3960,base.be,base.state_be_2,3960,72004,Bree,Bree,Bree,Bree,N
belgium_city_3960_1,base.be,base.state_be_2,3960,72004,Beek,Beek,Beek,Beek,N
belgium_city_3960_2,base.be,base.state_be_2,3960,72004,Gerdingen,Gerdingen,Gerdingen,Gerdingen,N
belgium_city_3960_3,base.be,base.state_be_2,3960,72004,Opitter,Opitter,Opitter,Opitter,N
belgium_city_3960_4,base.be,base.state_be_2,3960,72004,Tongerlo,Tongerlo,Tongerlo,Tongerlo,N
belgium_city_3970,base.be,base.state_be_2,3970,71034,Leopoldsburg,Bourg-Léopold,Leopoldsburg,Leopoldsburg,N
belgium_city_3971,base.be,base.state_be_2,3971,71034,Heppen,Heppen,Heppen,Heppen,N
belgium_city_3980,base.be,base.state_be_2,3980,71071,Tessenderlo-Ham,Tessenderlo-Ham,Tessenderlo-Ham,Tessenderlo-Ham,N
belgium_city_3980_1,base.be,base.state_be_2,3980,71071,Tessenderlo,Tessenderlo,Tessenderlo,Tessenderlo,N
belgium_city_3980_2,base.be,base.state_be_2,3980,71071,Kwaadmechelen,Kwaadmechelen,Kwaadmechelen,Kwaadmechelen,N
belgium_city_3980_3,base.be,base.state_be_2,3980,71071,Oostham,Oostham,Oostham,Oostham,N
belgium_city_3990,base.be,base.state_be_2,3990,72030,Peer,Peer,Peer,Peer,N
belgium_city_3990_1,base.be,base.state_be_2,3990,72030,Grote-Brogel,Grote-Brogel,Grote-Brogel,Grote-Brogel,N
belgium_city_3990_2,base.be,base.state_be_2,3990,72030,Kleine-Brogel,Kleine-Brogel,Kleine-Brogel,Kleine-Brogel,N
belgium_city_3990_3,base.be,base.state_be_2,3990,72030,Wijchmaal,Wijchmaal,Wijchmaal,Wijchmaal,N
belgium_city_4000,base.be,base.state_be_8,4000,62063,Liege,Liège,Luik,Lüttich,F
belgium_city_4000_1,base.be,base.state_be_8,4000,62063,Glain,Glain,Glain,Glain,F
belgium_city_4000_2,base.be,base.state_be_8,4000,62063,Rocourt,Rocourt,Rocourt,Rocourt,F
belgium_city_4020,base.be,base.state_be_8,4020,62063,Liege,Liège,Luik,Lüttich,F
belgium_city_4020_1,base.be,base.state_be_8,4020,62063,Bressoux,Bressoux,Bressoux,Bressoux,F
belgium_city_4020_2,base.be,base.state_be_8,4020,62063,Jupille-sur-Meuse,Jupille-sur-Meuse,Jupille-sur-Meuse,Jupille-sur-Meuse,F
belgium_city_4020_3,base.be,base.state_be_8,4020,62063,Wandre,Wandre,Wandre,Wandre,F
belgium_city_4030,base.be,base.state_be_8,4030,62063,Grivegnée,Grivegnée,Grivegnée,Grivegnée,F
belgium_city_4031,base.be,base.state_be_8,4031,62063,Angleur,Angleur,Angleur,Angleur,F
belgium_city_4032,base.be,base.state_be_8,4032,62063,Chênée,Chênée,Chênée,Chênée,F
belgium_city_4040,base.be,base.state_be_8,4040,62051,Herstal,Herstal,Herstal,Herstal,F
belgium_city_4041,base.be,base.state_be_8,4041,62051,Milmort,Milmort,Milmort,Milmort,F
belgium_city_4041_1,base.be,base.state_be_8,4041,62051,Vottem,Vottem,Vottem,Vottem,F
belgium_city_4050,base.be,base.state_be_8,4050,62022,Chaudfontaine,Chaudfontaine,Chaudfontaine,Chaudfontaine,F
belgium_city_4051,base.be,base.state_be_8,4051,62022,Vaux-sous-Chèvremont,Vaux-sous-Chèvremont,Vaux-sous-Chèvremont,Vaux-sous-Chèvremont,F
belgium_city_4052,base.be,base.state_be_8,4052,62022,Beaufays,Beaufays,Beaufays,Beaufays,F
belgium_city_4053,base.be,base.state_be_8,4053,62022,Embourg,Embourg,Embourg,Embourg,F
belgium_city_4100,base.be,base.state_be_8,4100,62096,Seraing,Seraing,Seraing,Seraing,F
belgium_city_4101,base.be,base.state_be_8,4101,62096,Jemeppe-sur-Meuse,Jemeppe-sur-Meuse,Jemeppe-sur-Meuse,Jemeppe-sur-Meuse,F
belgium_city_4102,base.be,base.state_be_8,4102,62096,Ougrée,Ougrée,Ougrée,Ougrée,F
belgium_city_4102_1,base.be,base.state_be_8,4102,62096,Boncelles,Boncelles,Boncelles,Boncelles,F
belgium_city_4120,base.be,base.state_be_8,4120,62121,Neupré,Neupré,Neupré,Neupré,F
belgium_city_4120_1,base.be,base.state_be_8,4120,62121,Ehein,Ehein,Ehein,Ehein,F
belgium_city_4121,base.be,base.state_be_8,4121,62121,Neuville-en-Condroz,Neuville-en-Condroz,Neuville-en-Condroz,Neuville-en-Condroz,F
belgium_city_4122,base.be,base.state_be_8,4122,62121,Plainevaux,Plainevaux,Plainevaux,Plainevaux,F
belgium_city_4122_1,base.be,base.state_be_8,4122,62121,Rotheux-Rimière,Rotheux-Rimière,Rotheux-Rimière,Rotheux-Rimière,F
belgium_city_4130,base.be,base.state_be_8,4130,62032,Esneux,Esneux,Esneux,Esneux,F
belgium_city_4130_1,base.be,base.state_be_8,4130,62032,Tilff,Tilff,Tilff,Tilff,F
belgium_city_4140,base.be,base.state_be_8,4140,62100,Sprimont,Sprimont,Sprimont,Sprimont,F
belgium_city_4140_1,base.be,base.state_be_8,4140,62100,Dolembreux,Dolembreux,Dolembreux,Dolembreux,F
belgium_city_4140_2,base.be,base.state_be_8,4140,62100,Gomzé-Andoumont,Gomzé-Andoumont,Gomzé-Andoumont,Gomzé-Andoumont,F
belgium_city_4140_3,base.be,base.state_be_8,4140,62100,Rouvreux,Rouvreux,Rouvreux,Rouvreux,F
belgium_city_4141,base.be,base.state_be_8,4141,62100,Louveigné,Louveigné,Louveigné,Louveigné,F
belgium_city_4160,base.be,base.state_be_8,4160,61079,Anthisnes,Anthisnes,Anthisnes,Anthisnes,F
belgium_city_4161,base.be,base.state_be_8,4161,61079,Villers-aux-Tours,Villers-aux-Tours,Villers-aux-Tours,Villers-aux-Tours,F
belgium_city_4162,base.be,base.state_be_8,4162,61079,Tavier,Tavier,Tavier,Tavier,F
belgium_city_4163,base.be,base.state_be_8,4163,61079,Hody,Hody,Hody,Hody,F
belgium_city_4170,base.be,base.state_be_8,4170,62026,Comblain-au-Pont,Comblain-au-Pont,Comblain-au-Pont,Comblain-au-Pont,F
belgium_city_4171,base.be,base.state_be_8,4171,62026,Poulseur,Poulseur,Poulseur,Poulseur,F
belgium_city_4180,base.be,base.state_be_8,4180,61024,Hamoir,Hamoir,Hamoir,Hamoir,F
belgium_city_4180_1,base.be,base.state_be_8,4180,61024,Comblain-Fairon,Comblain-Fairon,Comblain-Fairon,Comblain-Fairon,F
belgium_city_4181,base.be,base.state_be_8,4181,61024,Filot,Filot,Filot,Filot,F
belgium_city_4190,base.be,base.state_be_8,4190,61019,Ferrières,Ferrières,Ferrières,Ferrières,F
belgium_city_4190_1,base.be,base.state_be_8,4190,61019,My,My,My,My,F
belgium_city_4190_2,base.be,base.state_be_8,4190,61019,Vieuxville,Vieuxville,Vieuxville,Vieuxville,F
belgium_city_4190_3,base.be,base.state_be_8,4190,61019,Werbomont,Werbomont,Werbomont,Werbomont,F
belgium_city_4190_4,base.be,base.state_be_8,4190,61019,Xhoris,Xhoris,Xhoris,Xhoris,F
belgium_city_4210,base.be,base.state_be_8,4210,61010,Burdinne,Burdinne,Burdinne,Burdinne,F
belgium_city_4210_1,base.be,base.state_be_8,4210,61010,Hannêche,Hannêche,Hannêche,Hannêche,F
belgium_city_4210_2,base.be,base.state_be_8,4210,61010,Lamontzée,Lamontzée,Lamontzée,Lamontzée,F
belgium_city_4210_3,base.be,base.state_be_8,4210,61010,Marneffe,Marneffe,Marneffe,Marneffe,F
belgium_city_4210_4,base.be,base.state_be_8,4210,61010,Oteppe,Oteppe,Oteppe,Oteppe,F
belgium_city_4217,base.be,base.state_be_8,4217,61028,Héron,Héron,Héron,Héron,F
belgium_city_4217_1,base.be,base.state_be_8,4217,61028,Lavoir,Lavoir,Lavoir,Lavoir,F
belgium_city_4217_2,base.be,base.state_be_8,4217,61028,Waret-l'Évêque,Waret-l'Évêque,Waret-l'Évêque,Waret-l'Évêque,F
belgium_city_4218,base.be,base.state_be_8,4218,61028,Couthuin,Couthuin,Couthuin,Couthuin,F
belgium_city_4219,base.be,base.state_be_8,4219,64075,Wasseiges,Wasseiges,Wasseiges,Wasseiges,F
belgium_city_4219_1,base.be,base.state_be_8,4219,64075,Acosse,Acosse,Acosse,Acosse,F
belgium_city_4219_2,base.be,base.state_be_8,4219,64075,Ambresin,Ambresin,Ambresin,Ambresin,F
belgium_city_4219_3,base.be,base.state_be_8,4219,64075,Meeffe,Meeffe,Meeffe,Meeffe,F
belgium_city_4250,base.be,base.state_be_8,4250,64029,Geer,Geer,Geer,Geer,F
belgium_city_4250_1,base.be,base.state_be_8,4250,64029,Boëlhe,Boëlhe,Boëlhe,Boëlhe,F
belgium_city_4250_2,base.be,base.state_be_8,4250,64029,Hollogne-sur-Geer,Hollogne-sur-Geer,Hollogne-sur-Geer,Hollogne-sur-Geer,F
belgium_city_4250_3,base.be,base.state_be_8,4250,64029,Lens-sur-Geer,Lens-sur-Geer,Lens-sur-Geer,Lens-sur-Geer,F
belgium_city_4250_4,base.be,base.state_be_8,4250,64029,Omal,Omal,Omal,Omal,F
belgium_city_4252,base.be,base.state_be_8,4252,64029,Darion,Darion,Darion,Darion,F
belgium_city_4254,base.be,base.state_be_8,4254,64029,Ligney,Ligney,Ligney,Ligney,F
belgium_city_4257,base.be,base.state_be_8,4257,64008,Berloz,Berloz,Berloz,Berloz,F
belgium_city_4257_1,base.be,base.state_be_8,4257,64008,Corswarem,Corswarem,Korsworm,Corswarem,F
belgium_city_4257_2,base.be,base.state_be_8,4257,64008,Rosoux-Crenwick,Rosoux-Crenwick,Roost-Krenwijk,Rosoux-Crenwick,F
belgium_city_4260,base.be,base.state_be_8,4260,64015,Braives,Braives,Braives,Braives,F
belgium_city_4260_1,base.be,base.state_be_8,4260,64015,Avennes,Avennes,Avennes,Avennes,F
belgium_city_4260_2,base.be,base.state_be_8,4260,64015,Ciplet,Ciplet,Ciplet,Ciplet,F
belgium_city_4260_3,base.be,base.state_be_8,4260,64015,Fallais,Fallais,Fallais,Fallais,F
belgium_city_4260_4,base.be,base.state_be_8,4260,64015,Fumal,Fumal,Fumal,Fumal,F
belgium_city_4260_5,base.be,base.state_be_8,4260,64015,Ville-en-Hesbaye,Ville-en-Hesbaye,Ville-en-Hesbaye,Ville-en-Hesbaye,F
belgium_city_4261,base.be,base.state_be_8,4261,64015,Latinne,Latinne,Latinne,Latinne,F
belgium_city_4263,base.be,base.state_be_8,4263,64015,Tourinne,Tourinne,Tourinne,Tourinne,F
belgium_city_4280,base.be,base.state_be_8,4280,64034,Hannut,Hannut,Hannuit,Hannut,F
belgium_city_4280_1,base.be,base.state_be_8,4280,64034,Abolens,Abolens,Abolens,Abolens,F
belgium_city_4280_2,base.be,base.state_be_8,4280,64034,Avennes,Avennes,Avennes,Avennes,F
belgium_city_4280_3,base.be,base.state_be_8,4280,64034,Bertrée,Bertrée,Bertrée,Bertrée,F
belgium_city_4280_4,base.be,base.state_be_8,4280,64034,Blehen,Blehen,Blehen,Blehen,F
belgium_city_4280_5,base.be,base.state_be_8,4280,64034,Cras-Avernas,Cras-Avernas,Cras-Avernas,Cras-Avernas,F
belgium_city_4280_6,base.be,base.state_be_8,4280,64034,Crehen,Crehen,Crehen,Crehen,F
belgium_city_4280_7,base.be,base.state_be_8,4280,64034,Grand-Hallet,Grand-Hallet,Grand-Hallet,Grand-Hallet,F
belgium_city_4280_8,base.be,base.state_be_8,4280,64034,Lens-Saint-Remy,Lens-Saint-Remy,Lens-Saint-Remy,Lens-Saint-Remy,F
belgium_city_4280_9,base.be,base.state_be_8,4280,64034,Merdorp,Merdorp,Merdorp,Merdorp,F
belgium_city_4280_10,base.be,base.state_be_8,4280,64034,Moxhe,Moxhe,Moxhe,Moxhe,F
belgium_city_4280_11,base.be,base.state_be_8,4280,64034,Petit-Hallet,Petit-Hallet,Petit-Hallet,Petit-Hallet,F
belgium_city_4280_12,base.be,base.state_be_8,4280,64034,Poucet,Poucet,Poucet,Poucet,F
belgium_city_4280_13,base.be,base.state_be_8,4280,64034,Thisnes,Thisnes,Thisnes,Thisnes,F
belgium_city_4280_14,base.be,base.state_be_8,4280,64034,Villers-le-Peuplier,Villers-le-Peuplier,Villers-le-Peuplier,Villers-le-Peuplier,F
belgium_city_4280_15,base.be,base.state_be_8,4280,64034,Wansin,Wansin,Wansin,Wansin,F
belgium_city_4287,base.be,base.state_be_8,4287,64047,Lincent,Lincent,Lijsem,Lincent,F
belgium_city_4287_1,base.be,base.state_be_8,4287,64047,Pellaines,Pellaines,Pellen,Pellaines,F
belgium_city_4287_2,base.be,base.state_be_8,4287,64047,Racour,Racour,Raatshoven,Racour,F
belgium_city_4300,base.be,base.state_be_8,4300,64074,Waremme,Waremme,Borgworm,Waremme,F
belgium_city_4300_1,base.be,base.state_be_8,4300,64074,Bettincourt,Bettincourt,Bettenhoven,Bettincourt,F
belgium_city_4300_2,base.be,base.state_be_8,4300,64074,Bleret,Bleret,Bleret,Bleret,F
belgium_city_4300_3,base.be,base.state_be_8,4300,64074,Lantremange,Lantremange,Lantremange,Lantremange,F
belgium_city_4300_4,base.be,base.state_be_8,4300,64074,Oleye,Oleye,Lieiek,Oleye,F
belgium_city_4317,base.be,base.state_be_8,4317,64076,Faimes,Faimes,Faimes,Faimes,F
belgium_city_4317_1,base.be,base.state_be_8,4317,64076,Celles,Celles,Celles,Celles,F
belgium_city_4317_2,base.be,base.state_be_8,4317,64076,Ereffe,Ereffe,Ereffe,Ereffe,F
belgium_city_4317_3,base.be,base.state_be_8,4317,64076,Les Waleffes,Les Waleffes,Les Waleffes,Les Waleffes,F
belgium_city_4317_4,base.be,base.state_be_8,4317,64076,Viemme,Viemme,Viemme,Viemme,F
belgium_city_4340,base.be,base.state_be_8,4340,62006,Awans,Awans,Awans,Awans,F
belgium_city_4340_1,base.be,base.state_be_8,4340,62006,Fooz,Fooz,Fooz,Fooz,F
belgium_city_4340_2,base.be,base.state_be_8,4340,62006,Hognoul,Hognoul,Hognoul,Hognoul,F
belgium_city_4340_3,base.be,base.state_be_8,4340,62006,Villers-l'Évêque,Villers-l'Évêque,Villers-l'Évêque,Villers-l'Évêque,F
belgium_city_4342,base.be,base.state_be_8,4342,62006,Othée,Othée,Elch,Othée,F
belgium_city_4347,base.be,base.state_be_8,4347,64025,Fexhe-le-Haut-Clocher,Fexhe-le-Haut-Clocher,Fexhe-le-Haut-Clocher,Fexhe-le-Haut-Clocher,F
belgium_city_4347_1,base.be,base.state_be_8,4347,64025,Freloux,Freloux,Freloux,Freloux,F
belgium_city_4347_2,base.be,base.state_be_8,4347,64025,Noville,Noville,Noville,Noville,F
belgium_city_4347_3,base.be,base.state_be_8,4347,64025,Roloux,Roloux,Roloux,Roloux,F
belgium_city_4347_4,base.be,base.state_be_8,4347,64025,Voroux-Goreux,Voroux-Goreux,Voroux-Goreux,Voroux-Goreux,F
belgium_city_4350,base.be,base.state_be_8,4350,64063,Remicourt,Remicourt,Remicourt,Remicourt,F
belgium_city_4350_1,base.be,base.state_be_8,4350,64063,Hodeige,Hodeige,Hodeige,Hodeige,F
belgium_city_4350_2,base.be,base.state_be_8,4350,64063,Lamine,Lamine,Lamine,Lamine,F
belgium_city_4350_3,base.be,base.state_be_8,4350,64063,Momalle,Momalle,Momalle,Momalle,F
belgium_city_4350_4,base.be,base.state_be_8,4350,64063,Pousset,Pousset,Pousset,Pousset,F
belgium_city_4357,base.be,base.state_be_8,4357,64023,Donceel,Donceel,Donceel,Donceel,F
belgium_city_4357_1,base.be,base.state_be_8,4357,64023,Haneffe,Haneffe,Haneffe,Haneffe,F
belgium_city_4357_2,base.be,base.state_be_8,4357,64023,Jeneffe,Jeneffe,Jeneffe,Jeneffe,F
belgium_city_4357_3,base.be,base.state_be_8,4357,64023,Limont,Limont,Limont,Limont,F
belgium_city_4360,base.be,base.state_be_8,4360,64056,Oreye,Oreye,Oerle,Oreye,F
belgium_city_4360_1,base.be,base.state_be_8,4360,64056,Bergilers,Bergilers,Bergilers,Bergilers,F
belgium_city_4360_2,base.be,base.state_be_8,4360,64056,Grandville,Grandville,Grandville,Grandville,F
belgium_city_4360_3,base.be,base.state_be_8,4360,64056,Lens-sur-Geer,Lens-sur-Geer,Lens-sur-Geer,Lens-sur-Geer,F
belgium_city_4360_4,base.be,base.state_be_8,4360,64056,Otrange,Otrange,Wouteringen,Otrange,F
belgium_city_4367,base.be,base.state_be_8,4367,64021,Crisnée,Crisnée,Crisnée,Crisnée,F
belgium_city_4367_1,base.be,base.state_be_8,4367,64021,Fize-le-Marsal,Fize-le-Marsal,Fize-le-Marsal,Fize-le-Marsal,F
belgium_city_4367_2,base.be,base.state_be_8,4367,64021,Kemexhe,Kemexhe,Kemexhe,Kemexhe,F
belgium_city_4367_3,base.be,base.state_be_8,4367,64021,Odeur,Odeur,Odeur,Odeur,F
belgium_city_4367_4,base.be,base.state_be_8,4367,64021,Thys,Thys,Thys,Thys,F
belgium_city_4400,base.be,base.state_be_8,4400,62120,Flémalle,Flémalle,Flémalle,Flémalle,F
belgium_city_4400_1,base.be,base.state_be_8,4400,62120,Awirs,Awirs,Awirs,Awirs,F
belgium_city_4400_2,base.be,base.state_be_8,4400,62120,Chokier,Chokier,Chokier,Chokier,F
belgium_city_4400_3,base.be,base.state_be_8,4400,62120,Gleixhe,Gleixhe,Gleixhe,Gleixhe,F
belgium_city_4400_4,base.be,base.state_be_8,4400,62120,Ivoz-Ramet,Ivoz-Ramet,Ivoz-Ramet,Ivoz-Ramet,F
belgium_city_4400_5,base.be,base.state_be_8,4400,62120,Mons-lez-Liège,Mons-lez-Liège,Mons-lez-Liège,Mons-lez-Liège,F
belgium_city_4420,base.be,base.state_be_8,4420,62093,Saint-Nicolas,Saint-Nicolas,Sint-Nicolaas,Saint-Nicolas,F
belgium_city_4420_1,base.be,base.state_be_8,4420,62093,Montegnée,Montegnée,Montegnée,Montegnée,F
belgium_city_4420_2,base.be,base.state_be_8,4420,62093,Tilleur,Tilleur,Tilleur,Tilleur,F
belgium_city_4430,base.be,base.state_be_8,4430,62003,Ans,Ans,Ans,Ans,F
belgium_city_4431,base.be,base.state_be_8,4431,62003,Loncin,Loncin,Loncin,Loncin,F
belgium_city_4432,base.be,base.state_be_8,4432,62003,Alleur,Alleur,Alleur,Alleur,F
belgium_city_4450,base.be,base.state_be_8,4450,62060,Juprelle,Juprelle,Juprelle,Juprelle,F
belgium_city_4450_1,base.be,base.state_be_8,4450,62060,Lantin,Lantin,Lantin,Lantin,F
belgium_city_4450_2,base.be,base.state_be_8,4450,62060,Slins,Slins,Slins,Slins,F
belgium_city_4451,base.be,base.state_be_8,4451,62060,Voroux-lez-Liers,Voroux-lez-Liers,Voroux-lez-Liers,Voroux-lez-Liers,F
belgium_city_4452,base.be,base.state_be_8,4452,62060,Wihogne,Wihogne,Wihogne,Wihogne,F
belgium_city_4453,base.be,base.state_be_8,4453,62060,Villers-Saint-Siméon,Villers-Saint-Siméon,Villers-Saint-Siméon,Villers-Saint-Siméon,F
belgium_city_4458,base.be,base.state_be_8,4458,62060,Fexhe-Slins,Fexhe-Slins,Fexhe-Slins,Fexhe-Slins,F
belgium_city_4460,base.be,base.state_be_8,4460,62118,Grâce-Hollogne,Grâce-Hollogne,Grâce-Hollogne,Grâce-Hollogne,F
belgium_city_4460_1,base.be,base.state_be_8,4460,62118,Bierset,Bierset,Bierset,Bierset,F
belgium_city_4460_2,base.be,base.state_be_8,4460,62118,Horion-Hozémont,Horion-Hozémont,Horion-Hozémont,Horion-Hozémont,F
belgium_city_4460_3,base.be,base.state_be_8,4460,62118,Velroux,Velroux,Velroux,Velroux,F
belgium_city_4470,base.be,base.state_be_8,4470,64065,Saint-Georges-sur-Meuse,Saint-Georges-sur-Meuse,Sint-Joris-aan-de-Maas,Saint-Georges-sur-Meuse,F
belgium_city_4480,base.be,base.state_be_8,4480,61080,Engis,Engis,Engis,Engis,F
belgium_city_4480_1,base.be,base.state_be_8,4480,61080,Clermont-sous-Huy,Clermont-sous-Huy,Clermont-sous-Huy,Clermont-sous-Huy,F
belgium_city_4480_2,base.be,base.state_be_8,4480,61080,Hermalle-sous-Huy,Hermalle-sous-Huy,Hermalle-sous-Huy,Hermalle-sous-Huy,F
belgium_city_4500,base.be,base.state_be_8,4500,61031,Huy,Huy,Hoei,Huy,F
belgium_city_4500_1,base.be,base.state_be_8,4500,61031,Ben-Ahin,Ben-Ahin,Ben-Ahin,Ben-Ahin,F
belgium_city_4500_2,base.be,base.state_be_8,4500,61031,Tihange,Tihange,Tihange,Tihange,F
belgium_city_4520,base.be,base.state_be_8,4520,61072,Wanze,Wanze,Wanze,Wanze,F
belgium_city_4520_1,base.be,base.state_be_8,4520,61072,Antheit,Antheit,Antheit,Antheit,F
belgium_city_4520_2,base.be,base.state_be_8,4520,61072,Bas-Oha,Bas-Oha,Bas-Oha,Bas-Oha,F
belgium_city_4520_3,base.be,base.state_be_8,4520,61072,Huccorgne,Huccorgne,Huccorgne,Huccorgne,F
belgium_city_4520_4,base.be,base.state_be_8,4520,61072,Moha,Moha,Moha,Moha,F
belgium_city_4520_5,base.be,base.state_be_8,4520,61072,Vinalmont,Vinalmont,Vinalmont,Vinalmont,F
belgium_city_4530,base.be,base.state_be_8,4530,61068,Villers-le-Bouillet,Villers-le-Bouillet,Villers-le-Bouillet,Villers-le-Bouillet,F
belgium_city_4530_1,base.be,base.state_be_8,4530,61068,Fize-Fontaine,Fize-Fontaine,Fize-Fontaine,Fize-Fontaine,F
belgium_city_4530_2,base.be,base.state_be_8,4530,61068,Vaux-et-Borset,Vaux-et-Borset,Vaux-et-Borset,Vaux-et-Borset,F
belgium_city_4530_3,base.be,base.state_be_8,4530,61068,Vieux-Waleffe,Vieux-Waleffe,Vieux-Waleffe,Vieux-Waleffe,F
belgium_city_4530_4,base.be,base.state_be_8,4530,61068,Warnant-Dreye,Warnant-Dreye,Warnant-Dreye,Warnant-Dreye,F
belgium_city_4537,base.be,base.state_be_8,4537,61063,Verlaine,Verlaine,Verlaine,Verlaine,F
belgium_city_4537_1,base.be,base.state_be_8,4537,61063,Bodegnée,Bodegnée,Bodegnée,Bodegnée,F
belgium_city_4537_2,base.be,base.state_be_8,4537,61063,Chapon-Seraing,Chapon-Seraing,Chapon-Seraing,Chapon-Seraing,F
belgium_city_4540,base.be,base.state_be_8,4540,61003,Amay,Amay,Amay,Amay,F
belgium_city_4540_1,base.be,base.state_be_8,4540,61003,Ampsin,Ampsin,Ampsin,Ampsin,F
belgium_city_4540_2,base.be,base.state_be_8,4540,61003,Flône,Flône,Flône,Flône,F
belgium_city_4540_3,base.be,base.state_be_8,4540,61003,Jehay,Jehay,Jehay,Jehay,F
belgium_city_4540_4,base.be,base.state_be_8,4540,61003,Ombret,Ombret,Ombret,Ombret,F
belgium_city_4550,base.be,base.state_be_8,4550,61043,Nandrin,Nandrin,Nandrin,Nandrin,F
belgium_city_4550_1,base.be,base.state_be_8,4550,61043,Saint-Séverin,Saint-Séverin,Saint-Séverin,Saint-Séverin,F
belgium_city_4550_2,base.be,base.state_be_8,4550,61043,Villers-le-Temple,Villers-le-Temple,Villers-le-Temple,Villers-le-Temple,F
belgium_city_4550_3,base.be,base.state_be_8,4550,61043,Yernée-Fraineux,Yernée-Fraineux,Yernée-Fraineux,Yernée-Fraineux,F
belgium_city_4557,base.be,base.state_be_8,4557,61081,Tinlot,Tinlot,Tinlot,Tinlot,F
belgium_city_4557_1,base.be,base.state_be_8,4557,61081,Abée,Abée,Abée,Abée,F
belgium_city_4557_2,base.be,base.state_be_8,4557,61081,Fraiture,Fraiture,Fraiture,Fraiture,F
belgium_city_4557_3,base.be,base.state_be_8,4557,61081,Ramclée,Ramclée,Ramclée,Ramclée,F
belgium_city_4557_4,base.be,base.state_be_8,4557,61081,Seny,Seny,Seny,Seny,F
belgium_city_4557_5,base.be,base.state_be_8,4557,61081,Soheit-Tinlot,Soheit-Tinlot,Soheit-Tinlot,Soheit-Tinlot,F
belgium_city_4560,base.be,base.state_be_8,4560,61015,Clavier,Clavier,Clavier,Clavier,
belgium_city_4560_1,base.be,base.state_be_8,4560,61015,Bois-et-Borsu,Bois-et-Borsu,Bois-et-Borsu,Bois-et-Borsu,
belgium_city_4560_2,base.be,base.state_be_8,4560,61015,Les Avins,Les Avins,Les Avins,Les Avins,
belgium_city_4560_3,base.be,base.state_be_8,4560,61015,Ocquier,Ocquier,Ocquier,Ocquier,
belgium_city_4560_4,base.be,base.state_be_8,4560,61015,Pailhe,Pailhe,Pailhe,Pailhe,
belgium_city_4560_5,base.be,base.state_be_8,4560,61015,Terwagne,Terwagne,Terwagne,Terwagne,
belgium_city_4570,base.be,base.state_be_8,4570,61039,Marchin,Marchin,Marchin,Marchin,F
belgium_city_4570_1,base.be,base.state_be_8,4570,61039,Vyle-et-Tharoul,Vyle-et-Tharoul,Vyle-et-Tharoul,Vyle-et-Tharoul,F
belgium_city_4577,base.be,base.state_be_8,4577,61041,Modave,Modave,Modave,Modave,F
belgium_city_4577_1,base.be,base.state_be_8,4577,61041,Outrelouxhe,Outrelouxhe,Outrelouxhe,Outrelouxhe,F
belgium_city_4577_2,base.be,base.state_be_8,4577,61041,Strée,Strée,Strée,Strée,F
belgium_city_4577_3,base.be,base.state_be_8,4577,61041,Vierset-Barse,Vierset-Barse,Vierset-Barse,Vierset-Barse,F
belgium_city_4590,base.be,base.state_be_8,4590,61048,Ouffet,Ouffet,Ouffet,Ouffet,F
belgium_city_4590_1,base.be,base.state_be_8,4590,61048,Warzée,Warzée,Warzée,Warzée,F
belgium_city_4600,base.be,base.state_be_8,4600,62108,Visé,Visé,Wezet,Visé,F
belgium_city_4600_1,base.be,base.state_be_8,4600,62108,Argenteau,Argenteau,Argenteau,Argenteau,F
belgium_city_4600_2,base.be,base.state_be_8,4600,62108,Cheratte,Cheratte,Cheratte,Cheratte,F
belgium_city_4600_3,base.be,base.state_be_8,4600,62108,Lanaye,Lanaye,Ternaaien,Lanaye,F
belgium_city_4600_4,base.be,base.state_be_8,4600,62108,Lixhe,Lixhe,Lieze,Lixhe,F
belgium_city_4600_5,base.be,base.state_be_8,4600,62108,Richelle,Richelle,Richelle,Richelle,F
belgium_city_4607,base.be,base.state_be_8,4607,62027,Dalhem,Dalhem,Dalhem,Dalhem,F
belgium_city_4607_1,base.be,base.state_be_8,4607,62027,Berneau,Berneau,Berne,Berneau,F
belgium_city_4607_2,base.be,base.state_be_8,4607,62027,Bombaye,Bombaye,Bolbeek,Bombaye,F
belgium_city_4607_3,base.be,base.state_be_8,4607,62027,Feneur,Feneur,Feneur,Feneur,F
belgium_city_4607_4,base.be,base.state_be_8,4607,62027,Mortroux,Mortroux,Mortroux,Mortroux,F
belgium_city_4607_5,base.be,base.state_be_8,4607,62027,Neufchâteau,Neufchâteau,Neufchâteau,Neufchâteau,F
belgium_city_4607_6,base.be,base.state_be_8,4607,62027,Saint-André,Saint-André,Saint-André,Saint-André,F
belgium_city_4607_7,base.be,base.state_be_8,4607,62027,Warsage,Warsage,Weerst,Warsage,F
belgium_city_4608,base.be,base.state_be_8,4608,62027,Warsage,Warsage,Weerst,Warsage,F
belgium_city_4610,base.be,base.state_be_8,4610,62015,Beyne-Heusay,Beyne-Heusay,Beyne-Heusay,Beyne-Heusay,F
belgium_city_4610_1,base.be,base.state_be_8,4610,62015,Bellaire,Bellaire,Bellaire,Bellaire,F
belgium_city_4610_2,base.be,base.state_be_8,4610,62015,Queue-du-Bois,Queue-du-Bois,Queue-du-Bois,Queue-du-Bois,F
belgium_city_4620,base.be,base.state_be_8,4620,62038,Fléron,Fléron,Fléron,Fléron,F
belgium_city_4621,base.be,base.state_be_8,4621,62038,Retinne,Retinne,Retinne,Retinne,F
belgium_city_4623,base.be,base.state_be_8,4623,62038,Magnée,Magnée,Magnée,Magnée,F
belgium_city_4624,base.be,base.state_be_8,4624,62038,Romsée,Romsée,Romsée,Romsée,F
belgium_city_4630,base.be,base.state_be_8,4630,62099,Soumagne,Soumagne,Soumagne,Soumagne,F
belgium_city_4630_1,base.be,base.state_be_8,4630,62099,Ayeneux,Ayeneux,Ayeneux,Ayeneux,F
belgium_city_4630_2,base.be,base.state_be_8,4630,62099,Cérexhe-Heuseux,Cérexhe-Heuseux,Cérexhe-Heuseux,Cérexhe-Heuseux,F
belgium_city_4630_3,base.be,base.state_be_8,4630,62099,Melen,Melen,Melen,Melen,F
belgium_city_4631,base.be,base.state_be_8,4631,62099,Tignée,Tignée,Tignée,Tignée,F
belgium_city_4632,base.be,base.state_be_8,4632,62099,Cérexhe-Heuseux,Cérexhe-Heuseux,Cérexhe-Heuseux,Cérexhe-Heuseux,F
belgium_city_4633,base.be,base.state_be_8,4633,62099,Melen,Melen,Melen,Melen,F
belgium_city_4650,base.be,base.state_be_8,4650,63035,Herve,Herve,Herve,Herve,F
belgium_city_4650_1,base.be,base.state_be_8,4650,63035,Battice,Battice,Battice,Battice,F
belgium_city_4650_2,base.be,base.state_be_8,4650,63035,Chaineux,Chaineux,Chaineux,Chaineux,F
belgium_city_4650_3,base.be,base.state_be_8,4650,63035,Grand-Rechain,Grand-Rechain,Grand-Rechain,Grand-Rechain,F
belgium_city_4650_4,base.be,base.state_be_8,4650,63035,Julémont,Julémont,Julémont,Julémont,F
belgium_city_4651,base.be,base.state_be_8,4651,63035,Battice,Battice,Battice,Battice,F
belgium_city_4652,base.be,base.state_be_8,4652,63035,Xhendelesse,Xhendelesse,Xhendelesse,Xhendelesse,F
belgium_city_4653,base.be,base.state_be_8,4653,63035,Bolland,Bolland,Bolland,Bolland,F
belgium_city_4654,base.be,base.state_be_8,4654,63035,Charneux,Charneux,Charneux,Charneux,F
belgium_city_4670,base.be,base.state_be_8,4670,62119,Blegny,Blegny,Blegny,Blegny,F
belgium_city_4670_1,base.be,base.state_be_8,4670,62119,Mortier,Mortier,Mortier,Mortier,F
belgium_city_4670_2,base.be,base.state_be_8,4670,62119,Trembleur,Trembleur,Trembleur,Trembleur,F
belgium_city_4671,base.be,base.state_be_8,4671,62119,Barchon,Barchon,Barchon,Barchon,F
belgium_city_4671_1,base.be,base.state_be_8,4671,62119,Housse,Housse,Housse,Housse,F
belgium_city_4671_2,base.be,base.state_be_8,4671,62119,Saive,Saive,Saive,Saive,F
belgium_city_4672,base.be,base.state_be_8,4672,62119,Saint-Remy,Saint-Remy,Sint-Remigius,Saint-Remy,F
belgium_city_4680,base.be,base.state_be_8,4680,62079,Oupeye,Oupeye,Oupeye,Oupeye,F
belgium_city_4680_1,base.be,base.state_be_8,4680,62079,Hermée,Hermée,Hermée,Hermée,F
belgium_city_4681,base.be,base.state_be_8,4681,62079,Hermalle-sous-Argenteau,Hermalle-sous-Argenteau,Hermalle-sous-Argenteau,Hermalle-sous-Argenteau,F
belgium_city_4682,base.be,base.state_be_8,4682,62079,Houtain-Saint-Siméon,Houtain-Saint-Siméon,Houtain-Sint-Simeon,Houtain-Saint-Siméon,F
belgium_city_4683,base.be,base.state_be_8,4683,62079,Vivegnis,Vivegnis,Vivegnis,Vivegnis,F
belgium_city_4684,base.be,base.state_be_8,4684,62079,Haccourt,Haccourt,Haccourt,Haccourt,F
belgium_city_4690,base.be,base.state_be_8,4690,62011,Bassenge,Bassenge,Bitsingen,Bassenge,F
belgium_city_4690_1,base.be,base.state_be_8,4690,62011,Bozelingen,Bozelingen,Bozelingen,Bozelingen,F
belgium_city_4690_2,base.be,base.state_be_8,4690,62011,Eben-Emael,Eben-Emael,Eben-Emael,Eben-Emael,F
belgium_city_4690_3,base.be,base.state_be_8,4690,62011,Glons,Glons,Glaaien,Glons,F
belgium_city_4690_4,base.be,base.state_be_8,4690,62011,Roclenge-sur-Geer,Roclenge-sur-Geer,Rukkelingen-aan-de-Jeker,Roclenge-sur-Geer,F
belgium_city_4690_5,base.be,base.state_be_8,4690,62011,Wonck,Wonck,Wonck,Wonck,F
belgium_city_4700,base.be,base.state_be_8,4700,63023,Eupen,Eupen,Eupen,Eupen,D
belgium_city_4701,base.be,base.state_be_8,4701,63023,Kettenis,Kettenis,Kettenis,Kettenis,D
belgium_city_4710,base.be,base.state_be_8,4710,63048,Lontzen,Lontzen,Lontzen,Lontzen,D
belgium_city_4711,base.be,base.state_be_8,4711,63048,Walhorn,Walhorn,Walhorn,Walhorn,D
belgium_city_4720,base.be,base.state_be_8,4720,63040,Kelmis,La Calamine,Kelmis,Kelmis,D
belgium_city_4721,base.be,base.state_be_8,4721,63040,Neu-Moresnet,Neu-Moresnet,Neu-Moresnet,Neu-Moresnet,D
belgium_city_4728,base.be,base.state_be_8,4728,63040,Hergenrath,Hergenrath,Hergenrath,Hergenrath,D
belgium_city_4730,base.be,base.state_be_8,4730,63061,Raeren,Raeren,Raeren,Raeren,D
belgium_city_4731,base.be,base.state_be_8,4731,63061,Eynatten,Eynatten,Eynatten,Eynatten,D
belgium_city_4731_1,base.be,base.state_be_8,4731,63061,Hauset,Hauset,Hauset,Hauset,D
belgium_city_4750,base.be,base.state_be_8,4750,63012,Bütgenbach,Butgenbach,Bütgenbach,Bütgenbach,D
belgium_city_4750_1,base.be,base.state_be_8,4750,63012,Elsenborn,Elsenborn,Elsenborn,Elsenborn,D
belgium_city_4760,base.be,base.state_be_8,4760,63013,Büllingen,Bullange,Büllingen,Büllingen,D
belgium_city_4760_1,base.be,base.state_be_8,4760,63013,Manderfeld,Manderfeld,Manderfeld,Manderfeld,D
belgium_city_4761,base.be,base.state_be_8,4761,63013,Rocherath,Rocherath,Rocherath,Rocherath,D
belgium_city_4770,base.be,base.state_be_8,4770,63001,Amel,Amblève,Amel,Amel,D
belgium_city_4770_1,base.be,base.state_be_8,4770,63001,Meyerode,Meyerode,Meyerode,Meyerode,D
belgium_city_4771,base.be,base.state_be_8,4771,63001,Heppenbach,Heppenbach,Heppenbach,Heppenbach,D
belgium_city_4780,base.be,base.state_be_8,4780,63067,Sankt Vith,Saint-Vith,Sankt Vith,Sankt Vith,D
belgium_city_4780_1,base.be,base.state_be_8,4780,63067,Crombach,Crombach,Crombach,Crombach,D
belgium_city_4780_2,base.be,base.state_be_8,4780,63067,Lommersweiler,Lommersweiler,Lommersweiler,Lommersweiler,D
belgium_city_4780_3,base.be,base.state_be_8,4780,63067,Recht,Recht,Recht,Recht,D
belgium_city_4780_4,base.be,base.state_be_8,4780,63067,Schönberg,Schönberg,Schönberg,Schönberg,D
belgium_city_4790,base.be,base.state_be_8,4790,63087,Burg-Reuland,Burg-Reuland,Burg-Reuland,Burg-Reuland,D
belgium_city_4790_1,base.be,base.state_be_8,4790,63087,Reuland,Reuland,Reuland,Reuland,D
belgium_city_4791,base.be,base.state_be_8,4791,63087,Thommen,Thommen,Thommen,Thommen,D
belgium_city_4800,base.be,base.state_be_8,4800,63079,Verviers,Verviers,Verviers,Verviers,F
belgium_city_4800_1,base.be,base.state_be_8,4800,63079,Ensival,Ensival,Ensival,Ensival,F
belgium_city_4800_2,base.be,base.state_be_8,4800,63079,Lambermont,Lambermont,Lambermont,Lambermont,F
belgium_city_4801,base.be,base.state_be_8,4801,63079,Stembert,Stembert,Stembert,Stembert,F
belgium_city_4802,base.be,base.state_be_8,4802,63079,Heusy,Heusy,Heusy,Heusy,F
belgium_city_4820,base.be,base.state_be_8,4820,63020,Dison,Dison,Dison,Dison,F
belgium_city_4821,base.be,base.state_be_8,4821,63020,Andrimont,Andrimont,Andrimont,Andrimont,F
belgium_city_4830,base.be,base.state_be_8,4830,63046,Limbourg,Limbourg,Limburg,Limburg,F
belgium_city_4831,base.be,base.state_be_8,4831,63046,Bilstain,Bilstain,Bilstain,Bilstain,F
belgium_city_4834,base.be,base.state_be_8,4834,63046,Goé,Goé,Goé,Goé,F
belgium_city_4837,base.be,base.state_be_8,4837,63004,Baelen,Baelen,Balen,Baelen,F
belgium_city_4837_1,base.be,base.state_be_8,4837,63004,Membach,Membach,Membach,Membach,F
belgium_city_4840,base.be,base.state_be_8,4840,63084,Welkenraedt,Welkenraedt,Welkenraedt,Welkenraedt,F
belgium_city_4841,base.be,base.state_be_8,4841,63084,Henri-Chapelle,Henri-Chapelle,Hendrik-Kapelle,Heinrichskapelle,F
belgium_city_4845,base.be,base.state_be_8,4845,63038,Jalhay,Jalhay,Jalhay,Jalhay,F
belgium_city_4845_1,base.be,base.state_be_8,4845,63038,Sart-lez-Spa,Sart-lez-Spa,Sart-lez-Spa,Sart-lez-Spa,F
belgium_city_4850,base.be,base.state_be_8,4850,63088,Plombières,Plombières,Bleiberg,Bleyberg,F
belgium_city_4850_1,base.be,base.state_be_8,4850,63088,Gemmenich,Gemmenich,Gemmenich,Gemmenich,F
belgium_city_4850_2,base.be,base.state_be_8,4850,63088,Hombourg,Hombourg,Homburg,Homburg,F
belgium_city_4850_3,base.be,base.state_be_8,4850,63088,Montzen,Montzen,Montzen,Montzen,F
belgium_city_4850_4,base.be,base.state_be_8,4850,63088,Moresnet,Moresnet,Moresnet,Moresnet,F
belgium_city_4850_5,base.be,base.state_be_8,4850,63088,Sippenaeken,Sippenaeken,Sippenaeken,Sippenaeken,F
belgium_city_4860,base.be,base.state_be_8,4860,63058,Pepinster,Pepinster,Pepinster,Pepinster,F
belgium_city_4860_1,base.be,base.state_be_8,4860,63058,Cornesse,Cornesse,Cornesse,Cornesse,F
belgium_city_4860_2,base.be,base.state_be_8,4860,63058,Wegnez,Wegnez,Wegnez,Wegnez,F
belgium_city_4861,base.be,base.state_be_8,4861,63058,Soiron,Soiron,Soiron,Soiron,F
belgium_city_4870,base.be,base.state_be_8,4870,62122,Trooz,Trooz,Trooz,Trooz,F
belgium_city_4870_1,base.be,base.state_be_8,4870,62122,Forêt,Forêt,Forêt,Forêt,F
belgium_city_4870_2,base.be,base.state_be_8,4870,62122,Fraipont,Fraipont,Fraipont,Fraipont,F
belgium_city_4870_3,base.be,base.state_be_8,4870,62122,Nessonvaux,Nessonvaux,Nessonvaux,Nessonvaux,F
belgium_city_4877,base.be,base.state_be_8,4877,63057,Olne,Olne,Olne,Olne,F
belgium_city_4880,base.be,base.state_be_8,4880,63003,Aubel,Aubel,Aubel,Aubel,F
belgium_city_4890,base.be,base.state_be_8,4890,63089,Thimister-Clermont,Thimister-Clermont,Thimister-Clermont,Thimister-Clermont,F
belgium_city_4890_1,base.be,base.state_be_8,4890,63089,Clermont,Clermont,Clermont,Clermont,F
belgium_city_4900,base.be,base.state_be_8,4900,63072,Spa,Spa,Spa,Spa,F
belgium_city_4900_1,base.be,base.state_be_8,4900,63072,Sart-lez-Spa,Sart-lez-Spa,Sart-lez-Spa,Sart-lez-Spa,F
belgium_city_4910,base.be,base.state_be_8,4910,63076,Theux,Theux,Theux,Theux,F
belgium_city_4910_1,base.be,base.state_be_8,4910,63076,La Reid,La Reid,La Reid,La Reid,F
belgium_city_4910_2,base.be,base.state_be_8,4910,63076,Polleur,Polleur,Polleur,Polleur,F
belgium_city_4920,base.be,base.state_be_8,4920,62009,Aywaille,Aywaille,Aywaille,Aywaille,F
belgium_city_4920_1,base.be,base.state_be_8,4920,62009,Ernonheid,Ernonheid,Ernonheid,Ernonheid,F
belgium_city_4920_2,base.be,base.state_be_8,4920,62009,Harzé,Harzé,Harzé,Harzé,F
belgium_city_4920_3,base.be,base.state_be_8,4920,62009,Sougné-Remouchamps,Sougné-Remouchamps,Sougné-Remouchamps,Sougné-Remouchamps,F
belgium_city_4950,base.be,base.state_be_8,4950,63080,Waimes,Waimes,Weismes,Waimes,F
belgium_city_4950_1,base.be,base.state_be_8,4950,63080,Faymonville,Faymonville,Faymonville,Faymonville,F
belgium_city_4950_2,base.be,base.state_be_8,4950,63080,Robertville,Robertville,Robertville,Robertville,F
belgium_city_4960,base.be,base.state_be_8,4960,63049,Malmedy,Malmedy,Malmedy,Malmedy,F
belgium_city_4960_1,base.be,base.state_be_8,4960,63049,Bellevaux-Ligneuville,Bellevaux-Ligneuville,Bellevaux-Ligneuville,Bellevaux-Ligneuville,F
belgium_city_4960_2,base.be,base.state_be_8,4960,63049,Bévercé,Bévercé,Bévercé,Bévercé,F
belgium_city_4970,base.be,base.state_be_8,4970,63073,Stavelot,Stavelot,Stavelot,Stavelot,F
belgium_city_4970_1,base.be,base.state_be_8,4970,63073,Francorchamps,Francorchamps,Francorchamps,Francorchamps,F
belgium_city_4980,base.be,base.state_be_8,4980,63086,Trois-Ponts,Trois-Ponts,Trois-Ponts,Trois-Ponts,F
belgium_city_4980_1,base.be,base.state_be_8,4980,63086,Basse-Bodeux,Basse-Bodeux,Basse-Bodeux,Basse-Bodeux,F
belgium_city_4980_2,base.be,base.state_be_8,4980,63086,Fosse,Fosse,Fosse,Fosse,F
belgium_city_4983,base.be,base.state_be_8,4983,63086,Basse-Bodeux,Basse-Bodeux,Basse-Bodeux,Basse-Bodeux,F
belgium_city_4987,base.be,base.state_be_8,4987,63075,Stoumont,Stoumont,Stoumont,Stoumont,F
belgium_city_4987_1,base.be,base.state_be_8,4987,63075,Chevron,Chevron,Chevron,Chevron,F
belgium_city_4987_2,base.be,base.state_be_8,4987,63075,La Gleize,La Gleize,La Gleize,La Gleize,F
belgium_city_4987_3,base.be,base.state_be_8,4987,63075,Lorcé,Lorcé,Lorcé,Lorcé,F
belgium_city_4987_4,base.be,base.state_be_8,4987,63075,Rahier,Rahier,Rahier,Rahier,F
belgium_city_4990,base.be,base.state_be_8,4990,63045,Lierneux,Lierneux,Lierneux,Lierneux,F
belgium_city_4990_1,base.be,base.state_be_8,4990,63045,Arbrefontaine,Arbrefontaine,Arbrefontaine,Arbrefontaine,F
belgium_city_4990_2,base.be,base.state_be_8,4990,63045,Bra,Bra,Bra,Bra,F
belgium_city_5000,base.be,base.state_be_10,5000,92094,Namur,Namur,Namen,Namur,F
belgium_city_5000_1,base.be,base.state_be_10,5000,92094,Beez,Beez,Beez,Beez,F
belgium_city_5001,base.be,base.state_be_10,5001,92094,Belgrade,Belgrade,Belgrade,Belgrade,F
belgium_city_5002,base.be,base.state_be_10,5002,92094,Saint-Servais,Saint-Servais,Saint-Servais,Saint-Servais,F
belgium_city_5003,base.be,base.state_be_10,5003,92094,Saint-Marc,Saint-Marc,Saint-Marc,Saint-Marc,F
belgium_city_5004,base.be,base.state_be_10,5004,92094,Bouge,Bouge,Bouge,Bouge,F
belgium_city_5020,base.be,base.state_be_10,5020,92094,Champion,Champion,Champion,Champion,F
belgium_city_5020_1,base.be,base.state_be_10,5020,92094,Flawinne,Flawinne,Flawinne,Flawinne,F
belgium_city_5020_2,base.be,base.state_be_10,5020,92094,Malonne,Malonne,Malonne,Malonne,F
belgium_city_5020_3,base.be,base.state_be_10,5020,92094,Suarlée,Suarlée,Suarlée,Suarlée,F
belgium_city_5020_4,base.be,base.state_be_10,5020,92094,Temploux,Temploux,Temploux,Temploux,F
belgium_city_5020_5,base.be,base.state_be_10,5020,92094,Vedrin,Vedrin,Vedrin,Vedrin,F
belgium_city_5021,base.be,base.state_be_10,5021,92094,Boninne,Boninne,Boninne,Boninne,F
belgium_city_5022,base.be,base.state_be_10,5022,92094,Cognelée,Cognelée,Cognelée,Cognelée,F
belgium_city_5024,base.be,base.state_be_10,5024,92094,Gelbressée,Gelbressée,Gelbressée,Gelbressée,F
belgium_city_5024_1,base.be,base.state_be_10,5024,92094,Marche-les-Dames,Marche-les-Dames,Marche-les-Dames,Marche-les-Dames,F
belgium_city_5030,base.be,base.state_be_10,5030,92142,Gembloux,Gembloux,Gembloers,Gembloux,F
belgium_city_5030_1,base.be,base.state_be_10,5030,92142,Beuzet,Beuzet,Beuzet,Beuzet,F
belgium_city_5030_2,base.be,base.state_be_10,5030,92142,Corroy-le-Château,Corroy-le-Château,Corroy-le-Château,Corroy-le-Château,F
belgium_city_5030_3,base.be,base.state_be_10,5030,92142,Ernage,Ernage,Ernage,Ernage,F
belgium_city_5030_4,base.be,base.state_be_10,5030,92142,Grand-Manil,Grand-Manil,Grand-Manil,Grand-Manil,F
belgium_city_5030_5,base.be,base.state_be_10,5030,92142,Lonzée,Lonzée,Lonzée,Lonzée,F
belgium_city_5030_6,base.be,base.state_be_10,5030,92142,Sauvenière,Sauvenière,Sauvenière,Sauvenière,F
belgium_city_5031,base.be,base.state_be_10,5031,92142,Grand-Leez,Grand-Leez,Grand-Leez,Grand-Leez,F
belgium_city_5032,base.be,base.state_be_10,5032,92142,Bossebière,Bossebière,Bossebière,Bossebière,F
belgium_city_5032_1,base.be,base.state_be_10,5032,92142,Mazy,Mazy,Mazy,Mazy,F
belgium_city_5032_2,base.be,base.state_be_10,5032,92142,Bothey,Bothey,Bothey,Bothey,F
belgium_city_5060,base.be,base.state_be_10,5060,92137,Sambreville,Sambreville,Sambreville,Sambreville,F
belgium_city_5060_1,base.be,base.state_be_10,5060,92137,Arsimont,Arsimont,Arsimont,Arsimont,F
belgium_city_5060_2,base.be,base.state_be_10,5060,92137,Auvelais,Auvelais,Auvelais,Auvelais,F
belgium_city_5060_3,base.be,base.state_be_10,5060,92137,Falisolle,Falisolle,Falisolle,Falisolle,F
belgium_city_5060_4,base.be,base.state_be_10,5060,92137,Keumiée,Keumiée,Keumiée,Keumiée,F
belgium_city_5060_5,base.be,base.state_be_10,5060,92137,Moignelée,Moignelée,Moignelée,Moignelée,F
belgium_city_5060_6,base.be,base.state_be_10,5060,92137,Tamines,Tamines,Tamines,Tamines,F
belgium_city_5060_7,base.be,base.state_be_10,5060,92137,Velaine-sur-Sambre,Velaine-sur-Sambre,Velaine-sur-Sambre,Velaine-sur-Sambre,F
belgium_city_5070,base.be,base.state_be_10,5070,92048,Fosses-la-Ville,Fosses-la-Ville,Fosses-la-Ville,Fosses-la-Ville,F
belgium_city_5070_1,base.be,base.state_be_10,5070,92048,Aisemont,Aisemont,Aisemont,Aisemont,F
belgium_city_5070_2,base.be,base.state_be_10,5070,92048,Le Roux,Le Roux,Le Roux,Le Roux,F
belgium_city_5070_3,base.be,base.state_be_10,5070,92048,Sart-Eustache,Sart-Eustache,Sart-Eustache,Sart-Eustache,F
belgium_city_5070_4,base.be,base.state_be_10,5070,92048,Sart-Saint-Laurent,Sart-Saint-Laurent,Sart-Saint-Laurent,Sart-Saint-Laurent,F
belgium_city_5070_5,base.be,base.state_be_10,5070,92048,Vitrival,Vitrival,Vitrival,Vitrival,F
belgium_city_5080,base.be,base.state_be_10,5080,92141,La Bruyère,La Bruyère,La Bruyère,La Bruyère,F
belgium_city_5080_1,base.be,base.state_be_10,5080,92141,Bovesse,Bovesse,Bovesse,Bovesse,F
belgium_city_5080_2,base.be,base.state_be_10,5080,92141,Emines,Emines,Emines,Emines,F
belgium_city_5080_3,base.be,base.state_be_10,5080,92141,Meux,Meux,Meux,Meux,F
belgium_city_5080_4,base.be,base.state_be_10,5080,92141,Rhisnes,Rhisnes,Rhisnes,Rhisnes,F
belgium_city_5080_5,base.be,base.state_be_10,5080,92141,Villers-lez-Heest,Villers-lez-Heest,Villers-lez-Heest,Villers-lez-Heest,F
belgium_city_5080_6,base.be,base.state_be_10,5080,92141,Warisoulx,Warisoulx,Warisoulx,Warisoulx,F
belgium_city_5081,base.be,base.state_be_10,5081,92141,Meux,Meux,Meux,Meux,F
belgium_city_5081_1,base.be,base.state_be_10,5081,92141,Saint-Denis-Bovesse,Saint-Denis-Bovesse,Saint-Denis-Bovesse,Saint-Denis-Bovesse,F
belgium_city_5100,base.be,base.state_be_10,5100,92094,Dave,Dave,Dave,Dave,F
belgium_city_5100_1,base.be,base.state_be_10,5100,92094,Jambes,Jambes,Jambes,Jambes,F
belgium_city_5100_2,base.be,base.state_be_10,5100,92094,Naninne,Naninne,Naninne,Naninne,F
belgium_city_5100_3,base.be,base.state_be_10,5100,92094,Wépion,Wépion,Wépion,Wépion,F
belgium_city_5100_4,base.be,base.state_be_10,5100,92094,Wierde,Wierde,Wierde,Wierde,F
belgium_city_5101,base.be,base.state_be_10,5101,92094,Erpent,Erpent,Erpent,Erpent,F
belgium_city_5101_1,base.be,base.state_be_10,5101,92094,Loyers,Loyers,Loyers,Loyers,F
belgium_city_5140,base.be,base.state_be_10,5140,92114,Sombreffe,Sombreffe,Sombreffe,Sombreffe,F
belgium_city_5140_1,base.be,base.state_be_10,5140,92114,Boignée,Boignée,Boignée,Boignée,F
belgium_city_5140_2,base.be,base.state_be_10,5140,92114,Ligny,Ligny,Ligny,Ligny,F
belgium_city_5140_3,base.be,base.state_be_10,5140,92114,Tongrinne,Tongrinne,Tongrinne,Tongrinne,F
belgium_city_5150,base.be,base.state_be_10,5150,92045,Floreffe,Floreffe,Floreffe,Floreffe,F
belgium_city_5150_1,base.be,base.state_be_10,5150,92045,Franière,Franière,Franière,Franière,F
belgium_city_5150_2,base.be,base.state_be_10,5150,92045,Soye,Soye,Soye,Soye,F
belgium_city_5150_3,base.be,base.state_be_10,5150,92045,Floreffe,Floreffe,Floreffe,Floreffe,F
belgium_city_5170,base.be,base.state_be_10,5170,92101,Profondeville,Profondeville,Profondeville,Profondeville,F
belgium_city_5170_1,base.be,base.state_be_10,5170,92101,Arbre,Arbre,Arbre,Arbre,F
belgium_city_5170_2,base.be,base.state_be_10,5170,92101,Bois-de-Villers,Bois-de-Villers,Bois-de-Villers,Bois-de-Villers,F
belgium_city_5170_3,base.be,base.state_be_10,5170,92101,Lesve,Lesve,Lesve,Lesve,F
belgium_city_5170_4,base.be,base.state_be_10,5170,92101,Lustin,Lustin,Lustin,Lustin,F
belgium_city_5170_5,base.be,base.state_be_10,5170,92101,Rivière,Rivière,Rivière,Rivière,F
belgium_city_5190,base.be,base.state_be_10,5190,92140,Jemeppe-sur-Sambre,Jemeppe-sur-Sambre,Jemeppe-sur-Sambre,Jemeppe-sur-Sambre,F
belgium_city_5190_1,base.be,base.state_be_10,5190,92140,Balâtre,Balâtre,Balâtre,Balâtre,F
belgium_city_5190_2,base.be,base.state_be_10,5190,92140,Ham-sur-Sambre,Ham-sur-Sambre,Ham-sur-Sambre,Ham-sur-Sambre,F
belgium_city_5190_3,base.be,base.state_be_10,5190,92140,Mornimont,Mornimont,Mornimont,Mornimont,F
belgium_city_5190_4,base.be,base.state_be_10,5190,92140,Moustier-sur-Sambre,Moustier-sur-Sambre,Moustier-sur-Sambre,Moustier-sur-Sambre,F
belgium_city_5190_5,base.be,base.state_be_10,5190,92140,Onoz,Onoz,Onoz,Onoz,F
belgium_city_5190_6,base.be,base.state_be_10,5190,92140,Saint-Martin,Saint-Martin,Saint-Martin,Saint-Martin,F
belgium_city_5190_7,base.be,base.state_be_10,5190,92140,Spy,Spy,Spy,Spy,F
belgium_city_5300,base.be,base.state_be_10,5300,92003,Andenne,Andenne,Andenne,Andenne,F
belgium_city_5300_1,base.be,base.state_be_10,5300,92003,Bonneville,Bonneville,Bonneville,Bonneville,F
belgium_city_5300_2,base.be,base.state_be_10,5300,92003,Coutisse,Coutisse,Coutisse,Coutisse,F
belgium_city_5300_3,base.be,base.state_be_10,5300,92003,Landenne,Landenne,Landenne,Landenne,F
belgium_city_5300_4,base.be,base.state_be_10,5300,92003,Maizeret,Maizeret,Maizeret,Maizeret,F
belgium_city_5300_5,base.be,base.state_be_10,5300,92003,Namêche,Namêche,Namêche,Namêche,F
belgium_city_5300_6,base.be,base.state_be_10,5300,92003,Sclayn,Sclayn,Sclayn,Sclayn,F
belgium_city_5300_7,base.be,base.state_be_10,5300,92003,Seilles,Seilles,Seilles,Seilles,F
belgium_city_5300_8,base.be,base.state_be_10,5300,92003,Thon,Thon,Thon,Thon,F
belgium_city_5300_9,base.be,base.state_be_10,5300,92003,Vezin,Vezin,Vezin,Vezin,F
belgium_city_5310,base.be,base.state_be_10,5310,92035,Éghezée,Éghezée,Éghezée,Éghezée,F
belgium_city_5310_1,base.be,base.state_be_10,5310,92035,Aische-en-Refail,Aische-en-Refail,Aische-en-Refail,Aische-en-Refail,F
belgium_city_5310_2,base.be,base.state_be_10,5310,92035,Bolinne,Bolinne,Bolinne,Bolinne,F
belgium_city_5310_3,base.be,base.state_be_10,5310,92035,Boneffe,Boneffe,Boneffe,Boneffe,F
belgium_city_5310_4,base.be,base.state_be_10,5310,92035,Dhuy,Dhuy,Dhuy,Dhuy,F
belgium_city_5310_5,base.be,base.state_be_10,5310,92035,Hanret,Hanret,Hanret,Hanret,F
belgium_city_5310_6,base.be,base.state_be_10,5310,92035,Leuze,Leuze,Leuze,Leuze,F
belgium_city_5310_7,base.be,base.state_be_10,5310,92035,Liernu,Liernu,Liernu,Liernu,F
belgium_city_5310_8,base.be,base.state_be_10,5310,92035,Longchamps,Longchamps,Longchamps,Longchamps,F
belgium_city_5310_9,base.be,base.state_be_10,5310,92035,Mehaigne,Mehaigne,Mehaigne,Mehaigne,F
belgium_city_5310_10,base.be,base.state_be_10,5310,92035,Noville-sur-Mehaigne,Noville-sur-Mehaigne,Noville-sur-Mehaigne,Noville-sur-Mehaigne,F
belgium_city_5310_11,base.be,base.state_be_10,5310,92035,Saint-Germain,Saint-Germain,Saint-Germain,Saint-Germain,F
belgium_city_5310_12,base.be,base.state_be_10,5310,92035,Taviers,Taviers,Taviers,Taviers,F
belgium_city_5310_13,base.be,base.state_be_10,5310,92035,Upigny,Upigny,Upigny,Upigny,F
belgium_city_5310_14,base.be,base.state_be_10,5310,92035,Waret-la-Chaussée,Waret-la-Chaussée,Waret-la-Chaussée,Waret-la-Chaussée,F
belgium_city_5330,base.be,base.state_be_10,5330,91011,Assesse,Assesse,Assesse,Assesse,
belgium_city_5330_1,base.be,base.state_be_10,5330,91011,Maillen,Maillen,Maillen,Maillen,
belgium_city_5330_2,base.be,base.state_be_10,5330,91011,Sart-Bernard,Sart-Bernard,Sart-Bernard,Sart-Bernard,
belgium_city_5332,base.be,base.state_be_10,5332,91011,Crupet,Crupet,Crupet,Crupet,
belgium_city_5333,base.be,base.state_be_10,5333,91011,Sorinne-la-Longue,Sorinne-la-Longue,Sorinne-la-Longue,Sorinne-la-Longue,
belgium_city_5334,base.be,base.state_be_10,5334,91011,Florée,Florée,Florée,Florée,
belgium_city_5336,base.be,base.state_be_10,5336,91011,Courrière,Courrière,Courrière,Courrière,
belgium_city_5340,base.be,base.state_be_10,5340,92054,Gesves,Gesves,Gesves,Gesves,F
belgium_city_5340_1,base.be,base.state_be_10,5340,92054,Faulx-les-Tombes,Faulx-les-Tombes,Faulx-les-Tombes,Faulx-les-Tombes,F
belgium_city_5340_2,base.be,base.state_be_10,5340,92054,Haltinne,Haltinne,Haltinne,Haltinne,F
belgium_city_5340_3,base.be,base.state_be_10,5340,92054,Mozet,Mozet,Mozet,Mozet,F
belgium_city_5340_4,base.be,base.state_be_10,5340,92054,Sorée,Sorée,Sorée,Sorée,F
belgium_city_5350,base.be,base.state_be_10,5350,92097,Ohey,Ohey,Ohey,Ohey,F
belgium_city_5350_1,base.be,base.state_be_10,5350,92097,Evelette,Evelette,Evelette,Evelette,F
belgium_city_5350_2,base.be,base.state_be_10,5350,92097,Goesnes,Goesnes,Goesnes,Goesnes,F
belgium_city_5350_3,base.be,base.state_be_10,5350,92097,Haillot,Haillot,Haillot,Haillot,F
belgium_city_5350_4,base.be,base.state_be_10,5350,92097,Jallet,Jallet,Jallet,Jallet,F
belgium_city_5350_5,base.be,base.state_be_10,5350,92097,Perwez,Perwez,Perwijs,Perwez,F
belgium_city_5360,base.be,base.state_be_10,5360,91059,Hamois,Hamois,Hamois,Hamois,F
belgium_city_5360_1,base.be,base.state_be_10,5360,91059,Achet,Achet,Achet,Achet,F
belgium_city_5360_2,base.be,base.state_be_10,5360,91059,Emptinne,Emptinne,Emptinne,Emptinne,F
belgium_city_5361,base.be,base.state_be_10,5361,91059,Mohiville,Mohiville,Mohiville,Mohiville,F
belgium_city_5362,base.be,base.state_be_10,5362,91059,Scy,Scy,Scy,Scy,F
belgium_city_5363,base.be,base.state_be_10,5363,91059,Natoye,Natoye,Natoye,Natoye,F
belgium_city_5364,base.be,base.state_be_10,5364,91059,Schaltin,Schaltin,Schaltin,Schaltin,F
belgium_city_5370,base.be,base.state_be_10,5370,91065,Havelange,Havelange,Havelange,Havelange,
belgium_city_5370_1,base.be,base.state_be_10,5370,91065,Barvaux-Condroz,Barvaux-Condroz,Barvaux-Condroz,Barvaux-Condroz,
belgium_city_5370_2,base.be,base.state_be_10,5370,91065,Flostoy,Flostoy,Flostoy,Flostoy,
belgium_city_5370_3,base.be,base.state_be_10,5370,91065,Jeneffe,Jeneffe,Jeneffe,Jeneffe,
belgium_city_5370_4,base.be,base.state_be_10,5370,91065,Maffe,Maffe,Maffe,Maffe,
belgium_city_5370_5,base.be,base.state_be_10,5370,91065,Méan,Méan,Méan,Méan,
belgium_city_5370_6,base.be,base.state_be_10,5370,91065,Miécret,Miécret,Miécret,Miécret,
belgium_city_5370_7,base.be,base.state_be_10,5370,91065,Porcheresse,Porcheresse,Porcheresse,Porcheresse,
belgium_city_5370_8,base.be,base.state_be_10,5370,91065,Verlée,Verlée,Verlée,Verlée,
belgium_city_5377,base.be,base.state_be_10,5377,91120,Somme-Leuze,Somme-Leuze,Somme-Leuze,Somme-Leuze,F
belgium_city_5377_1,base.be,base.state_be_10,5377,91120,Baillonville,Baillonville,Baillonville,Baillonville,F
belgium_city_5377_2,base.be,base.state_be_10,5377,91120,Bonsin,Bonsin,Bonsin,Bonsin,F
belgium_city_5377_3,base.be,base.state_be_10,5377,91120,Heure,Heure,Heure,Heure,F
belgium_city_5377_4,base.be,base.state_be_10,5377,91120,Hogne,Hogne,Hogne,Hogne,F
belgium_city_5377_5,base.be,base.state_be_10,5377,91120,Nettinne,Nettinne,Nettinne,Nettinne,F
belgium_city_5377_6,base.be,base.state_be_10,5377,91120,Noiseux,Noiseux,Noiseux,Noiseux,F
belgium_city_5377_7,base.be,base.state_be_10,5377,91120,Sinsin,Sinsin,Sinsin,Sinsin,F
belgium_city_5377_8,base.be,base.state_be_10,5377,91120,Waillet,Waillet,Waillet,Waillet,F
belgium_city_5380,base.be,base.state_be_10,5380,92138,Fernelmont,Fernelmont,Fernelmont,Fernelmont,F
belgium_city_5380_1,base.be,base.state_be_10,5380,92138,Bierwart,Bierwart,Bierwart,Bierwart,F
belgium_city_5380_2,base.be,base.state_be_10,5380,92138,Cortil-Wodon,Cortil-Wodon,Cortil-Wodon,Cortil-Wodon,F
belgium_city_5380_3,base.be,base.state_be_10,5380,92138,Forville,Forville,Forville,Forville,F
belgium_city_5380_4,base.be,base.state_be_10,5380,92138,Franc-Waret,Franc-Waret,Franc-Waret,Franc-Waret,F
belgium_city_5380_5,base.be,base.state_be_10,5380,92138,Hemptinne,Hemptinne,Hemptinne,Hemptinne,F
belgium_city_5380_6,base.be,base.state_be_10,5380,92138,Hingeon,Hingeon,Hingeon,Hingeon,F
belgium_city_5380_7,base.be,base.state_be_10,5380,92138,Marchovelette,Marchovelette,Marchovelette,Marchovelette,F
belgium_city_5380_8,base.be,base.state_be_10,5380,92138,Noville-les-Bois,Noville-les-Bois,Noville-les-Bois,Noville-les-Bois,F
belgium_city_5380_9,base.be,base.state_be_10,5380,92138,Pontillas,Pontillas,Pontillas,Pontillas,F
belgium_city_5380_10,base.be,base.state_be_10,5380,92138,Tillier,Tillier,Tillier,Tillier,F
belgium_city_5500,base.be,base.state_be_10,5500,91034,Dinant,Dinant,Dinant,Dinant,F
belgium_city_5500_1,base.be,base.state_be_10,5500,91034,Anseremme,Anseremme,Anseremme,Anseremme,F
belgium_city_5500_2,base.be,base.state_be_10,5500,91034,Bouvignes-sur-Meuse,Bouvignes-sur-Meuse,Bouvignes-sur-Meuse,Bouvignes-sur-Meuse,F
belgium_city_5500_3,base.be,base.state_be_10,5500,91034,Dréhance,Dréhance,Dréhance,Dréhance,F
belgium_city_5500_4,base.be,base.state_be_10,5500,91034,Falmagne,Falmagne,Falmagne,Falmagne,F
belgium_city_5500_5,base.be,base.state_be_10,5500,91034,Falmignoul,Falmignoul,Falmignoul,Falmignoul,F
belgium_city_5500_6,base.be,base.state_be_10,5500,91034,Furfooz,Furfooz,Furfooz,Furfooz,F
belgium_city_5500_7,base.be,base.state_be_10,5500,91034,Lisogne,Lisogne,Lisogne,Lisogne,F
belgium_city_5500_8,base.be,base.state_be_10,5500,91034,Sorinnes,Sorinnes,Sorinnes,Sorinnes,F
belgium_city_5500_9,base.be,base.state_be_10,5500,91034,Thynes,Thynes,Thynes,Thynes,F
belgium_city_5501,base.be,base.state_be_10,5501,91034,Adzeux,Adzeux,Adzeux,Adzeux,F
belgium_city_5502,base.be,base.state_be_10,5502,91034,Bouvignes-sur-Meuse,Bouvignes-sur-Meuse,Bouvignes-sur-Meuse,Bouvignes-sur-Meuse,F
belgium_city_5520,base.be,base.state_be_10,5520,91103,Onhaye,Onhaye,Onhaye,Onhaye,F
belgium_city_5520_1,base.be,base.state_be_10,5520,91103,Anthée,Anthée,Anthée,Anthée,F
belgium_city_5521,base.be,base.state_be_10,5521,91103,Serville,Serville,Serville,Serville,F
belgium_city_5522,base.be,base.state_be_10,5522,91103,Falaën,Falaën,Falaën,Falaën,F
belgium_city_5523,base.be,base.state_be_10,5523,91103,Sommière,Sommière,Sommière,Sommière,F
belgium_city_5524,base.be,base.state_be_10,5524,91103,Gerin,Gerin,Gerin,Gerin,F
belgium_city_5530,base.be,base.state_be_10,5530,91141,Yvoir,Yvoir,Yvoir,Yvoir,F
belgium_city_5530_1,base.be,base.state_be_10,5530,91141,Dorinne,Dorinne,Dorinne,Dorinne,F
belgium_city_5530_2,base.be,base.state_be_10,5530,91141,Durnal,Durnal,Durnal,Durnal,F
belgium_city_5530_3,base.be,base.state_be_10,5530,91141,Evrehailles,Evrehailles,Evrehailles,Evrehailles,F
belgium_city_5530_4,base.be,base.state_be_10,5530,91141,Godinne,Godinne,Godinne,Godinne,F
belgium_city_5530_5,base.be,base.state_be_10,5530,91141,Houx,Houx,Houx,Houx,F
belgium_city_5530_6,base.be,base.state_be_10,5530,91141,Mont,Mont,Mont,Mont,F
belgium_city_5530_7,base.be,base.state_be_10,5530,91141,Purnode,Purnode,Purnode,Purnode,F
belgium_city_5530_8,base.be,base.state_be_10,5530,91141,Spontin,Spontin,Spontin,Spontin,F
belgium_city_5537,base.be,base.state_be_10,5537,91005,Anhée,Anhée,Anhée,Anhée,F
belgium_city_5537_1,base.be,base.state_be_10,5537,91005,Annevoie-Rouillon,Annevoie-Rouillon,Annevoie-Rouillon,Annevoie-Rouillon,F
belgium_city_5537_2,base.be,base.state_be_10,5537,91005,Bioul,Bioul,Bioul,Bioul,F
belgium_city_5537_3,base.be,base.state_be_10,5537,91005,Denée,Denée,Denée,Denée,F
belgium_city_5537_4,base.be,base.state_be_10,5537,91005,Haut-le-Wastia,Haut-le-Wastia,Haut-le-Wastia,Haut-le-Wastia,F
belgium_city_5537_5,base.be,base.state_be_10,5537,91005,Sosoye,Sosoye,Sosoye,Sosoye,F
belgium_city_5537_6,base.be,base.state_be_10,5537,91005,Warnant,Warnant,Warnant,Warnant,F
belgium_city_5540,base.be,base.state_be_10,5540,91064,Hastière,Hastière,Hastière,Hastière,F
belgium_city_5540_1,base.be,base.state_be_10,5540,91064,Hastière-Lavaux,Hastière-Lavaux,Hastière-Lavaux,Hastière-Lavaux,F
belgium_city_5540_2,base.be,base.state_be_10,5540,91064,Hermeton-sur-Meuse,Hermeton-sur-Meuse,Hermeton-sur-Meuse,Hermeton-sur-Meuse,F
belgium_city_5541,base.be,base.state_be_10,5541,91064,Hastière-par-Delà,Hastière-par-Delà,Hastière-par-Delà,Hastière-par-Delà,F
belgium_city_5542,base.be,base.state_be_10,5542,91064,Blaimont,Blaimont,Blaimont,Blaimont,F
belgium_city_5543,base.be,base.state_be_10,5543,91064,Heer,Heer,Heer,Heer,F
belgium_city_5544,base.be,base.state_be_10,5544,91064,Agimont,Agimont,Agimont,Agimont,F
belgium_city_5550,base.be,base.state_be_10,5550,91135,Vresse-sur-Semois,Vresse-sur-Semois,Vresse-sur-Semois,Vresse-sur-Semois,
belgium_city_5550_1,base.be,base.state_be_10,5550,91135,Alle,Alle,Alle,Alle,
belgium_city_5550_2,base.be,base.state_be_10,5550,91135,Bagimont,Bagimont,Bagimont,Bagimont,
belgium_city_5550_3,base.be,base.state_be_10,5550,91135,Bohan,Bohan,Bohan,Bohan,
belgium_city_5550_4,base.be,base.state_be_10,5550,91135,Chairière,Chairière,Chairière,Chairière,
belgium_city_5550_5,base.be,base.state_be_10,5550,91135,Laforêt,Laforêt,Laforêt,Laforêt,
belgium_city_5550_6,base.be,base.state_be_10,5550,91135,Membre,Membre,Membre,Membre,
belgium_city_5550_7,base.be,base.state_be_10,5550,91135,Mouzaive,Mouzaive,Mouzaive,Mouzaive,
belgium_city_5550_8,base.be,base.state_be_10,5550,91135,Nafraiture,Nafraiture,Nafraiture,Nafraiture,
belgium_city_5550_9,base.be,base.state_be_10,5550,91135,Pussemange,Pussemange,Pussemange,Pussemange,
belgium_city_5550_10,base.be,base.state_be_10,5550,91135,Sugny,Sugny,Sugny,Sugny,
belgium_city_5555,base.be,base.state_be_10,5555,91015,Bièvre,Bièvre,Bièvre,Bièvre,F
belgium_city_5555_1,base.be,base.state_be_10,5555,91015,Baillamont,Baillamont,Baillamont,Baillamont,F
belgium_city_5555_2,base.be,base.state_be_10,5555,91015,Bellefontaine,Bellefontaine,Bellefontaine,Bellefontaine,F
belgium_city_5555_3,base.be,base.state_be_10,5555,91015,Cornimont,Cornimont,Cornimont,Cornimont,F
belgium_city_5555_4,base.be,base.state_be_10,5555,91015,Graide,Graide,Graide,Graide,F
belgium_city_5555_5,base.be,base.state_be_10,5555,91015,Gros-Fays,Gros-Fays,Gros-Fays,Gros-Fays,F
belgium_city_5555_6,base.be,base.state_be_10,5555,91015,Monceau-en-Ardenne,Monceau-en-Ardenne,Monceau-en-Ardenne,Monceau-en-Ardenne,F
belgium_city_5555_7,base.be,base.state_be_10,5555,91015,Naomé,Naomé,Naomé,Naomé,F
belgium_city_5555_8,base.be,base.state_be_10,5555,91015,Oizy,Oizy,Oizy,Oizy,F
belgium_city_5560,base.be,base.state_be_10,5560,91072,Houyet,Houyet,Houyet,Houyet,F
belgium_city_5560_1,base.be,base.state_be_10,5560,91072,Ciergnon,Ciergnon,Ciergnon,Ciergnon,F
belgium_city_5560_2,base.be,base.state_be_10,5560,91072,Finnevaux,Finnevaux,Finnevaux,Finnevaux,F
belgium_city_5560_3,base.be,base.state_be_10,5560,91072,Hulsonniaux,Hulsonniaux,Hulsonniaux,Hulsonniaux,F
belgium_city_5560_4,base.be,base.state_be_10,5560,91072,Mesnil-Eglise,Mesnil-Eglise,Mesnil-Eglise,Mesnil-Eglise,F
belgium_city_5560_5,base.be,base.state_be_10,5560,91072,Mesnil-Saint-Blaise,Mesnil-Saint-Blaise,Mesnil-Saint-Blaise,Mesnil-Saint-Blaise,F
belgium_city_5561,base.be,base.state_be_10,5561,91072,Celles,Celles,Celles,Celles,F
belgium_city_5562,base.be,base.state_be_10,5562,91072,Custinne,Custinne,Custinne,Custinne,F
belgium_city_5563,base.be,base.state_be_10,5563,91072,Hour,Hour,Hour,Hour,F
belgium_city_5564,base.be,base.state_be_10,5564,91072,Wanlin,Wanlin,Wanlin,Wanlin,F
belgium_city_5570,base.be,base.state_be_10,5570,91013,Beauraing,Beauraing,Beauraing,Beauraing,F
belgium_city_5570_1,base.be,base.state_be_10,5570,91013,Baronville,Baronville,Baronville,Baronville,F
belgium_city_5570_2,base.be,base.state_be_10,5570,91013,Dion,Dion,Dion,Dion,F
belgium_city_5570_3,base.be,base.state_be_10,5570,91013,Felenne,Felenne,Felenne,Felenne,F
belgium_city_5570_4,base.be,base.state_be_10,5570,91013,Feschaux,Feschaux,Feschaux,Feschaux,F
belgium_city_5570_5,base.be,base.state_be_10,5570,91013,Honnay,Honnay,Honnay,Honnay,F
belgium_city_5570_6,base.be,base.state_be_10,5570,91013,Javingue,Javingue,Javingue,Javingue,F
belgium_city_5570_7,base.be,base.state_be_10,5570,91013,Martouzin-Neuville,Martouzin-Neuville,Martouzin-Neuville,Martouzin-Neuville,F
belgium_city_5570_8,base.be,base.state_be_10,5570,91013,Pondrôme,Pondrôme,Pondrôme,Pondrôme,F
belgium_city_5570_9,base.be,base.state_be_10,5570,91013,Vonêche,Vonêche,Vonêche,Vonêche,F
belgium_city_5570_10,base.be,base.state_be_10,5570,91013,Wancennes,Wancennes,Wancennes,Wancennes,F
belgium_city_5570_11,base.be,base.state_be_10,5570,91013,Winenne,Winenne,Winenne,Winenne,F
belgium_city_5571,base.be,base.state_be_10,5571,91013,Focant,Focant,Focant,Focant,F
belgium_city_5572,base.be,base.state_be_10,5572,91013,Snevremont,Snevremont,Snevremont,Snevremont,F
belgium_city_5573,base.be,base.state_be_10,5573,91013,Martouzin-Neuville,Martouzin-Neuville,Martouzin-Neuville,Martouzin-Neuville,F
belgium_city_5574,base.be,base.state_be_10,5574,91013,Wiesme,Wiesme,Wiesme,Wiesme,F
belgium_city_5575,base.be,base.state_be_10,5575,91054,Gedinne,Gedinne,Gedinne,Gedinne,F
belgium_city_5575_1,base.be,base.state_be_10,5575,91054,Bourseigne-Neuve,Bourseigne-Neuve,Bourseigne-Neuve,Bourseigne-Neuve,F
belgium_city_5575_2,base.be,base.state_be_10,5575,91054,Bourseigne-Vieille,Bourseigne-Vieille,Bourseigne-Vieille,Bourseigne-Vieille,F
belgium_city_5575_3,base.be,base.state_be_10,5575,91054,Houdremont,Houdremont,Houdremont,Houdremont,F
belgium_city_5575_4,base.be,base.state_be_10,5575,91054,Louette-Saint-Denis,Louette-Saint-Denis,Louette-Saint-Denis,Louette-Saint-Denis,F
belgium_city_5575_5,base.be,base.state_be_10,5575,91054,Louette-Saint-Pierre,Louette-Saint-Pierre,Louette-Saint-Pierre,Louette-Saint-Pierre,F
belgium_city_5575_6,base.be,base.state_be_10,5575,91054,Malvoisin,Malvoisin,Malvoisin,Malvoisin,F
belgium_city_5575_7,base.be,base.state_be_10,5575,91054,Patignies,Patignies,Patignies,Patignies,F
belgium_city_5575_8,base.be,base.state_be_10,5575,91054,Rienne,Rienne,Rienne,Rienne,F
belgium_city_5575_9,base.be,base.state_be_10,5575,91054,Sart-Custinne,Sart-Custinne,Sart-Custinne,Sart-Custinne,F
belgium_city_5575_10,base.be,base.state_be_10,5575,91054,Vencimont,Vencimont,Vencimont,Vencimont,F
belgium_city_5575_11,base.be,base.state_be_10,5575,91054,Willerzie,Willerzie,Willerzie,Willerzie,F
belgium_city_5580,base.be,base.state_be_10,5580,91114,Rochefort,Rochefort,Rochefort,Rochefort,F
belgium_city_5580_1,base.be,base.state_be_10,5580,91114,Ave-et-Auffe,Ave-et-Auffe,Ave-et-Auffe,Ave-et-Auffe,F
belgium_city_5580_2,base.be,base.state_be_10,5580,91114,Buissonville,Buissonville,Buissonville,Buissonville,F
belgium_city_5580_3,base.be,base.state_be_10,5580,91114,Eprave,Eprave,Eprave,Eprave,F
belgium_city_5580_4,base.be,base.state_be_10,5580,91114,Han-sur-Lesse,Han-sur-Lesse,Han-sur-Lesse,Han-sur-Lesse,F
belgium_city_5580_5,base.be,base.state_be_10,5580,91114,Jemelle,Jemelle,Jemelle,Jemelle,F
belgium_city_5580_6,base.be,base.state_be_10,5580,91114,Lavaux-Sainte-Anne,Lavaux-Sainte-Anne,Lavaux-Sainte-Anne,Lavaux-Sainte-Anne,F
belgium_city_5580_7,base.be,base.state_be_10,5580,91114,Lessive,Lessive,Lessive,Lessive,F
belgium_city_5580_8,base.be,base.state_be_10,5580,91114,Mont-Gauthier,Mont-Gauthier,Mont-Gauthier,Mont-Gauthier,F
belgium_city_5580_9,base.be,base.state_be_10,5580,91114,Villers-sur-Lesse,Villers-sur-Lesse,Villers-sur-Lesse,Villers-sur-Lesse,F
belgium_city_5580_10,base.be,base.state_be_10,5580,91114,Wavreille,Wavreille,Wavreille,Wavreille,F
belgium_city_5590,base.be,base.state_be_10,5590,91030,Ciney,Ciney,Ciney,Ciney,F
belgium_city_5590_1,base.be,base.state_be_10,5590,91030,Achêne,Achêne,Achêne,Achêne,F
belgium_city_5590_2,base.be,base.state_be_10,5590,91030,Braibant,Braibant,Braibant,Braibant,F
belgium_city_5590_3,base.be,base.state_be_10,5590,91030,Chevetogne,Chevetogne,Chevetogne,Chevetogne,F
belgium_city_5590_4,base.be,base.state_be_10,5590,91030,Conneux,Conneux,Conneux,Conneux,F
belgium_city_5590_5,base.be,base.state_be_10,5590,91030,Leignon,Leignon,Leignon,Leignon,F
belgium_city_5590_6,base.be,base.state_be_10,5590,91030,Pessoux,Pessoux,Pessoux,Pessoux,F
belgium_city_5590_7,base.be,base.state_be_10,5590,91030,Serinchamps,Serinchamps,Serinchamps,Serinchamps,F
belgium_city_5590_8,base.be,base.state_be_10,5590,91030,Sovet,Sovet,Sovet,Sovet,F
belgium_city_5600,base.be,base.state_be_10,5600,93056,Philippeville,Philippeville,Philippeville,Philippeville,F
belgium_city_5600_1,base.be,base.state_be_10,5600,93056,Fagnolle,Fagnolle,Fagnolle,Fagnolle,F
belgium_city_5600_2,base.be,base.state_be_10,5600,93056,Franchimont,Franchimont,Franchimont,Franchimont,F
belgium_city_5600_3,base.be,base.state_be_10,5600,93056,Jamagne,Jamagne,Jamagne,Jamagne,F
belgium_city_5600_4,base.be,base.state_be_10,5600,93056,Jamiolle,Jamiolle,Jamiolle,Jamiolle,F
belgium_city_5600_5,base.be,base.state_be_10,5600,93056,Merlemont,Merlemont,Merlemont,Merlemont,F
belgium_city_5600_6,base.be,base.state_be_10,5600,93056,Neuville,Neuville,Neuville,Neuville,F
belgium_city_5600_7,base.be,base.state_be_10,5600,93056,Omezée,Omezée,Omezée,Omezée,F
belgium_city_5600_8,base.be,base.state_be_10,5600,93056,Roly,Roly,Roly,Roly,F
belgium_city_5600_9,base.be,base.state_be_10,5600,93056,Romedenne,Romedenne,Romedenne,Romedenne,F
belgium_city_5600_10,base.be,base.state_be_10,5600,93056,Samart,Samart,Samart,Samart,F
belgium_city_5600_11,base.be,base.state_be_10,5600,93056,Sart-en-Fagne,Sart-en-Fagne,Sart-en-Fagne,Sart-en-Fagne,F
belgium_city_5600_12,base.be,base.state_be_10,5600,93056,Surice,Surice,Surice,Surice,F
belgium_city_5600_13,base.be,base.state_be_10,5600,93056,Villers-en-Fagne,Villers-en-Fagne,Villers-en-Fagne,Villers-en-Fagne,F
belgium_city_5600_14,base.be,base.state_be_10,5600,93056,Villers-le-Gambon,Villers-le-Gambon,Villers-le-Gambon,Villers-le-Gambon,F
belgium_city_5600_15,base.be,base.state_be_10,5600,93056,Vodecée,Vodecée,Vodecée,Vodecée,F
belgium_city_5620,base.be,base.state_be_10,5620,93022,Florennes,Florennes,Florennes,Florennes,F
belgium_city_5620_1,base.be,base.state_be_10,5620,93022,Corenne,Corenne,Corenne,Corenne,F
belgium_city_5620_2,base.be,base.state_be_10,5620,93022,Flavion,Flavion,Flavion,Flavion,F
belgium_city_5620_3,base.be,base.state_be_10,5620,93022,Hanzinelle,Hanzinelle,Hanzinelle,Hanzinelle,F
belgium_city_5620_4,base.be,base.state_be_10,5620,93022,Hanzinne,Hanzinne,Hanzinne,Hanzinne,F
belgium_city_5620_5,base.be,base.state_be_10,5620,93022,Hemptinne,Hemptinne,Hemptinne,Hemptinne,F
belgium_city_5620_6,base.be,base.state_be_10,5620,93022,Morialmé,Morialmé,Morialmé,Morialmé,F
belgium_city_5620_7,base.be,base.state_be_10,5620,93022,Morfée,Morfée,Morfée,Morfée,F
belgium_city_5620_8,base.be,base.state_be_10,5620,93022,Rosée,Rosée,Rosée,Rosée,F
belgium_city_5620_9,base.be,base.state_be_10,5620,93022,Saint-Aubin,Saint-Aubin,Sint-Albinus,Saint-Aubin,F
belgium_city_5620_10,base.be,base.state_be_10,5620,93022,Thayet,Thayet,Thayet,Thayet,F
belgium_city_5621,base.be,base.state_be_10,5621,93022,Hanzinelle,Hanzinelle,Hanzinelle,Hanzinelle,F
belgium_city_5630,base.be,base.state_be_10,5630,93010,Cerfontaine,Cerfontaine,Cerfontaine,Cerfontaine,F
belgium_city_5630_1,base.be,base.state_be_10,5630,93010,Daussois,Daussois,Daussois,Daussois,F
belgium_city_5630_2,base.be,base.state_be_10,5630,93010,Senzeille,Senzeille,Senzeille,Senzeille,F
belgium_city_5630_3,base.be,base.state_be_10,5630,93010,Silenrieux,Silenrieux,Silenrieux,Silenrieux,F
belgium_city_5630_4,base.be,base.state_be_10,5630,93010,Soumelee,Soumelee,Soumelee,Soumelee,F
belgium_city_5630_5,base.be,base.state_be_10,5630,93010,Villers-deux-Églises,Villers-deux-Églises,Villers-deux-Églises,Villers-deux-Églises,F
belgium_city_5640,base.be,base.state_be_10,5640,92087,Mettet,Mettet,Mettet,Mettet,F
belgium_city_5640_1,base.be,base.state_be_10,5640,92087,Biesme,Biesme,Biesme,Biesme,F
belgium_city_5640_2,base.be,base.state_be_10,5640,92087,Biesmerée,Biesmerée,Biesmerée,Biesmerée,F
belgium_city_5640_3,base.be,base.state_be_10,5640,92087,Ermeton-sur-Biert,Ermeton-sur-Biert,Ermeton-sur-Biert,Ermeton-sur-Biert,F
belgium_city_5640_4,base.be,base.state_be_10,5640,92087,Furnaux,Furnaux,Furnaux,Furnaux,F
belgium_city_5640_5,base.be,base.state_be_10,5640,92087,Graux,Graux,Graux,Graux,F
belgium_city_5640_6,base.be,base.state_be_10,5640,92087,Oret,Oret,Oret,Oret,F
belgium_city_5640_7,base.be,base.state_be_10,5640,92087,Saint-Gérard,Saint-Gérard,Sint-Geraard,Saint-Gérard,F
belgium_city_5640_8,base.be,base.state_be_10,5640,92087,Stave,Stave,Stave,Stave,F
belgium_city_5644,base.be,base.state_be_10,5644,92087,Ermeton-sur-Biert,Ermeton-sur-Biert,Ermeton-sur-Biert,Ermeton-sur-Biert,F
belgium_city_5646,base.be,base.state_be_10,5646,92087,Stave,Stave,Stave,Stave,F
belgium_city_5650,base.be,base.state_be_10,5650,93088,Walcourt,Walcourt,Walcourt,Walcourt,F
belgium_city_5650_1,base.be,base.state_be_10,5650,93088,Berzée,Berzée,Berzée,Berzée,F
belgium_city_5650_2,base.be,base.state_be_10,5650,93088,Castillon,Castillon,Castillon,Castillon,F
belgium_city_5650_3,base.be,base.state_be_10,5650,93088,Chastrès,Chastrès,Chastrès,Chastrès,F
belgium_city_5650_4,base.be,base.state_be_10,5650,93088,Clermont,Clermont,Clermont,Clermont,F
belgium_city_5650_5,base.be,base.state_be_10,5650,93088,Fontenelle,Fontenelle,Fontenelle,Fontenelle,F
belgium_city_5650_6,base.be,base.state_be_10,5650,93088,Fraire,Fraire,Fraire,Fraire,F
belgium_city_5650_7,base.be,base.state_be_10,5650,93088,Gourdinne,Gourdinne,Gourdinne,Gourdinne,F
belgium_city_5650_8,base.be,base.state_be_10,5650,93088,Laneffe,Laneffe,Laneffe,Laneffe,F
belgium_city_5650_9,base.be,base.state_be_10,5650,93088,Morialmé,Morialmé,Morialmé,Morialmé,F
belgium_city_5650_10,base.be,base.state_be_10,5650,93088,Pry,Pry,Pry,Pry,F
belgium_city_5650_11,base.be,base.state_be_10,5650,93088,Rognée,Rognée,Rognée,Rognée,F
belgium_city_5650_12,base.be,base.state_be_10,5650,93088,Somzée,Somzée,Somzée,Somzée,F
belgium_city_5650_13,base.be,base.state_be_10,5650,93088,Tarcienne,Tarcienne,Tarcienne,Tarcienne,F
belgium_city_5650_14,base.be,base.state_be_10,5650,93088,Thy-le-Château,Thy-le-Château,Thy-le-Château,Thy-le-Château,F
belgium_city_5650_15,base.be,base.state_be_10,5650,93088,Vogenée,Vogenée,Vogenée,Vogenée,F
belgium_city_5650_16,base.be,base.state_be_10,5650,93088,Yves-Gomezée,Yves-Gomezée,Yves-Gomezée,Yves-Gomezée,F
belgium_city_5660,base.be,base.state_be_10,5660,93014,Couvin,Couvin,Couvin,Couvin,F
belgium_city_5660_1,base.be,base.state_be_10,5660,93014,Aublain,Aublain,Aublain,Aublain,F
belgium_city_5660_2,base.be,base.state_be_10,5660,93014,Boussu-en-Fagne,Boussu-en-Fagne,Boussu-en-Fagne,Boussu-en-Fagne,F
belgium_city_5660_3,base.be,base.state_be_10,5660,93014,Brûly,Brûly,Brûly,Brûly,F
belgium_city_5660_4,base.be,base.state_be_10,5660,93014,Brûly-de-Pesche,Brûly-de-Pesche,Brûly-de-Pesche,Brûly-de-Pesche,F
belgium_city_5660_5,base.be,base.state_be_10,5660,93014,Cul-des-Sarts,Cul-des-Sarts,Cul-des-Sarts,Cul-des-Sarts,F
belgium_city_5660_6,base.be,base.state_be_10,5660,93014,Dailly,Dailly,Dailly,Dailly,F
belgium_city_5660_7,base.be,base.state_be_10,5660,93014,Frasnes-lez-Couvin,Frasnes-lez-Couvin,Frasnes-lez-Couvin,Frasnes-lez-Couvin,F
belgium_city_5660_8,base.be,base.state_be_10,5660,93014,Gonrieux,Gonrieux,Gonrieux,Gonrieux,F
belgium_city_5660_9,base.be,base.state_be_10,5660,93014,Mariembourg,Mariembourg,Mariembourg,Mariembourg,F
belgium_city_5660_10,base.be,base.state_be_10,5660,93014,Pesche,Pesche,Pesche,Pesche,F
belgium_city_5660_11,base.be,base.state_be_10,5660,93014,Petigny,Petigny,Petigny,Petigny,F
belgium_city_5660_12,base.be,base.state_be_10,5660,93014,Petite-Chapelle,Petite-Chapelle,Petite-Chapelle,Petite-Chapelle,F
belgium_city_5660_13,base.be,base.state_be_10,5660,93014,Presgaux,Presgaux,Presgaux,Presgaux,F
belgium_city_5670,base.be,base.state_be_10,5670,93090,Viroinval,Viroinval,Viroinval,Viroinval,F
belgium_city_5670_1,base.be,base.state_be_10,5670,93090,Dourbes,Dourbes,Dourbes,Dourbes,F
belgium_city_5670_2,base.be,base.state_be_10,5670,93090,Le Mesnil,Le Mesnil,Le Mesnil,Le Mesnil,F
belgium_city_5670_3,base.be,base.state_be_10,5670,93090,Mazée,Mazée,Mazée,Mazée,F
belgium_city_5670_4,base.be,base.state_be_10,5670,93090,Nismes,Nismes,Nismes,Nismes,F
belgium_city_5670_5,base.be,base.state_be_10,5670,93090,Oignies-en-Thiérache,Oignies-en-Thiérache,Oignies-en-Thiérache,Oignies-en-Thiérache,F
belgium_city_5670_6,base.be,base.state_be_10,5670,93090,Olloy-sur-Viroin,Olloy-sur-Viroin,Olloy-sur-Viroin,Olloy-sur-Viroin,F
belgium_city_5670_7,base.be,base.state_be_10,5670,93090,Treignes,Treignes,Treignes,Treignes,F
belgium_city_5670_8,base.be,base.state_be_10,5670,93090,Vierves-sur-Viroin,Vierves-sur-Viroin,Vierves-sur-Viroin,Vierves-sur-Viroin,F
belgium_city_5680,base.be,base.state_be_10,5680,93018,Doische,Doische,Doische,Doische,F
belgium_city_5680_1,base.be,base.state_be_10,5680,93018,Gimnée,Gimnée,Gimnée,Gimnée,F
belgium_city_5680_2,base.be,base.state_be_10,5680,93018,Gochenée,Gochenée,Gochenée,Gochenée,F
belgium_city_5680_3,base.be,base.state_be_10,5680,93018,Matagne-la-Grande,Matagne-la-Grande,Matagne-la-Grande,Matagne-la-Grande,F
belgium_city_5680_4,base.be,base.state_be_10,5680,93018,Matagne-la-Petite,Matagne-la-Petite,Matagne-la-Petite,Matagne-la-Petite,F
belgium_city_5680_5,base.be,base.state_be_10,5680,93018,Niverlée,Niverlée,Niverlée,Niverlée,F
belgium_city_5680_6,base.be,base.state_be_10,5680,93018,Omezée,Omezée,Omezée,Omezée,F
belgium_city_5680_7,base.be,base.state_be_10,5680,93018,Romerée,Romerée,Romerée,Romerée,F
belgium_city_5680_8,base.be,base.state_be_10,5680,93018,Soulme,Soulme,Soulme,Soulme,F
belgium_city_5680_9,base.be,base.state_be_10,5680,93018,Vaucelles,Vaucelles,Vaucelles,Vaucelles,F
belgium_city_5680_10,base.be,base.state_be_10,5680,93018,Vodelée,Vodelée,Vodelée,Vodelée,F
belgium_city_6000,base.be,base.state_be_7,6000,52011,Charleroi,Charleroi,Charleroi,Charleroi,F
belgium_city_6001,base.be,base.state_be_7,6001,52011,Marcinelle,Marcinelle,Marcinelle,Marcinelle,F
belgium_city_6010,base.be,base.state_be_7,6010,52011,Couillet,Couillet,Couillet,Couillet,F
belgium_city_6020,base.be,base.state_be_7,6020,52011,Dampremy,Dampremy,Dampremy,Dampremy,F
belgium_city_6030,base.be,base.state_be_7,6030,52011,Marchienne-au-Pont,Marchienne-au-Pont,Marchienne-au-Pont,Marchienne-au-Pont,F
belgium_city_6030_1,base.be,base.state_be_7,6030,52011,Goutroux,Goutroux,Goutroux,Goutroux,F
belgium_city_6031,base.be,base.state_be_7,6031,52011,Monceau-sur-Sambre,Monceau-sur-Sambre,Monceau-sur-Sambre,Monceau-sur-Sambre,F
belgium_city_6032,base.be,base.state_be_7,6032,52011,Mont-sur-Marchienne,Mont-sur-Marchienne,Mont-sur-Marchienne,Mont-sur-Marchienne,F
belgium_city_6040,base.be,base.state_be_7,6040,52011,Jumet,Jumet,Jumet,Jumet,F
belgium_city_6041,base.be,base.state_be_7,6041,52011,Gosselies,Gosselies,Gosselies,Gosselies,F
belgium_city_6042,base.be,base.state_be_7,6042,52011,Lodelinsart,Lodelinsart,Lodelinsart,Lodelinsart,F
belgium_city_6043,base.be,base.state_be_7,6043,52011,Ransart,Ransart,Ransart,Ransart,F
belgium_city_6044,base.be,base.state_be_7,6044,52011,Roux,Roux,Roux,Roux,F
belgium_city_6060,base.be,base.state_be_7,6060,52011,Gilly,Gilly,Gilly,Gilly,F
belgium_city_6061,base.be,base.state_be_7,6061,52011,Montignies-sur-Sambre,Montignies-sur-Sambre,Montignies-sur-Sambre,Montignies-sur-Sambre,F
belgium_city_6110,base.be,base.state_be_7,6110,52048,Montigny-le-Tilleul,Montigny-le-Tilleul,Montigny-le-Tilleul,Montigny-le-Tilleul,F
belgium_city_6111,base.be,base.state_be_7,6111,52048,Landelies,Landelies,Landelies,Landelies,F
belgium_city_6120,base.be,base.state_be_7,6120,56086,Ham-sur-Heure-Nalinnes,Ham-sur-Heure-Nalinnes,Ham-sur-Heure-Nalinnes,Ham-sur-Heure-Nalinnes,F
belgium_city_6120_1,base.be,base.state_be_7,6120,56086,Cour-sur-Heure,Cour-sur-Heure,Cour-sur-Heure,Cour-sur-Heure,F
belgium_city_6120_2,base.be,base.state_be_7,6120,56086,Jamioulx,Jamioulx,Jamioulx,Jamioulx,F
belgium_city_6120_3,base.be,base.state_be_7,6120,56086,Marbaix-la-Tour,Marbaix-la-Tour,Marbaix-la-Tour,Marbaix-la-Tour,F
belgium_city_6120_4,base.be,base.state_be_7,6120,56086,Nalinnes,Nalinnes,Nalinnes,Nalinnes,F
belgium_city_6140,base.be,base.state_be_7,6140,52022,Fontaine-l'Évêque,Fontaine-l'Évêque,Fontaine-l'Évêque,Fontaine-l'Évêque,F
belgium_city_6141,base.be,base.state_be_7,6141,52022,Forchies-la-Marche,Forchies-la-Marche,Forchies-la-Marche,Forchies-la-Marche,F
belgium_city_6142,base.be,base.state_be_7,6142,52022,Leernes,Leernes,Leernes,Leernes,F
belgium_city_6150,base.be,base.state_be_7,6150,56001,Anderlues,Anderlues,Anderlues,Anderlues,F
belgium_city_6180,base.be,base.state_be_7,6180,52015,Courcelles,Courcelles,Courcelles,Courcelles,F
belgium_city_6181,base.be,base.state_be_7,6181,52015,Gouy-lez-Piéton,Gouy-lez-Piéton,Gouy-lez-Piéton,Gouy-lez-Piéton,F
belgium_city_6182,base.be,base.state_be_7,6182,52015,Souvret,Souvret,Souvret,Souvret,F
belgium_city_6183,base.be,base.state_be_7,6183,52015,Trazegnies,Trazegnies,Trazegnies,Trazegnies,F
belgium_city_6200,base.be,base.state_be_7,6200,52012,Châtelet,Châtelet,Châtelet,Châtelet,F
belgium_city_6200_1,base.be,base.state_be_7,6200,52012,Bouffioulx,Bouffioulx,Bouffioulx,Bouffioulx,F
belgium_city_6200_2,base.be,base.state_be_7,6200,52012,Châtelineau,Châtelineau,Châtelineau,Châtelineau,F
belgium_city_6210,base.be,base.state_be_7,6210,52075,Les Bons Villers,Les Bons Villers,Les Bons Villers,Les Bons Villers,F
belgium_city_6210_1,base.be,base.state_be_7,6210,52075,Frasnes-lez-Gosselies,Frasnes-lez-Gosselies,Frasnes-lez-Gosselies,Frasnes-lez-Gosselies,F
belgium_city_6210_2,base.be,base.state_be_7,6210,52075,Mellet,Mellet,Mellet,Mellet,F
belgium_city_6210_3,base.be,base.state_be_7,6210,52075,Reves,Reves,Reves,Reves,F
belgium_city_6210_4,base.be,base.state_be_7,6210,52075,Villers-Perwin,Villers-Perwin,Villers-Perwin,Villers-Perwin,F
belgium_city_6210_5,base.be,base.state_be_7,6210,52075,Wayaux,Wayaux,Wayaux,Wayaux,F
belgium_city_6220,base.be,base.state_be_7,6220,52021,Fleurus,Fleurus,Fleurus,Fleurus,F
belgium_city_6220_1,base.be,base.state_be_7,6220,52021,Heppignies,Heppignies,Heppignies,Heppignies,F
belgium_city_6220_2,base.be,base.state_be_7,6220,52021,Lambusart,Lambusart,Lambusart,Lambusart,F
belgium_city_6220_3,base.be,base.state_be_7,6220,52021,Wangenie,Wangenie,Wangenie,Wangenie,F
belgium_city_6221,base.be,base.state_be_7,6221,52021,Brye,Brye,Brye,Brye,F
belgium_city_6222,base.be,base.state_be_7,6222,52021,Wanfercée-Baulet,Wanfercée-Baulet,Wanfercée-Baulet,Wanfercée-Baulet,F
belgium_city_6223,base.be,base.state_be_7,6223,52021,Wagnelée,Wagnelée,Wagnelée,Wagnelée,F
belgium_city_6224,base.be,base.state_be_7,6224,52021,Wanfercée-Baulet,Wanfercée-Baulet,Wanfercée-Baulet,Wanfercée-Baulet,F
belgium_city_6230,base.be,base.state_be_7,6230,52055,Pont-à-Celles,Pont-à-Celles,Pont-à-Celles,Pont-à-Celles,F
belgium_city_6230_1,base.be,base.state_be_7,6230,52055,Buzet,Buzet,Buzet,Buzet,F
belgium_city_6230_2,base.be,base.state_be_7,6230,52055,Obaix,Obaix,Obaix,Obaix,F
belgium_city_6230_3,base.be,base.state_be_7,6230,52055,Thiméon,Thiméon,Thiméon,Thiméon,F
belgium_city_6230_4,base.be,base.state_be_7,6230,52055,Viesville,Viesville,Viesville,Viesville,F
belgium_city_6238,base.be,base.state_be_7,6238,52055,Luttre,Luttre,Luttre,Luttre,F
belgium_city_6238_1,base.be,base.state_be_7,6238,52055,Liberchies,Liberchies,Liberchies,Liberchies,F
belgium_city_6240,base.be,base.state_be_7,6240,52018,Farciennes,Farciennes,Farciennes,Farciennes,F
belgium_city_6240_1,base.be,base.state_be_7,6240,52018,Pironchamps,Pironchamps,Pironchamps,Pironchamps,F
belgium_city_6250,base.be,base.state_be_7,6250,52074,Aiseau-Presles,Aiseau-Presles,Aiseau-Presles,Aiseau-Presles,F
belgium_city_6250_1,base.be,base.state_be_7,6250,52074,Aiseau,Aiseau,Aiseau,Aiseau,F
belgium_city_6250_2,base.be,base.state_be_7,6250,52074,Pont-de-Loup,Pont-de-Loup,Pont-de-Loup,Pont-de-Loup,F
belgium_city_6250_3,base.be,base.state_be_7,6250,52074,Presles,Presles,Presles,Presles,F
belgium_city_6250_4,base.be,base.state_be_7,6250,52074,Roselies,Roselies,Roselies,Roselies,F
belgium_city_6280,base.be,base.state_be_7,6280,52025,Gerpinnes,Gerpinnes,Gerpinnes,Gerpinnes,F
belgium_city_6280_1,base.be,base.state_be_7,6280,52025,Acoz,Acoz,Acoz,Acoz,F
belgium_city_6280_2,base.be,base.state_be_7,6280,52025,Gougnies,Gougnies,Gougnies,Gougnies,F
belgium_city_6280_3,base.be,base.state_be_7,6280,52025,Joncret,Joncret,Joncret,Joncret,F
belgium_city_6280_4,base.be,base.state_be_7,6280,52025,Loverval,Loverval,Loverval,Loverval,F
belgium_city_6280_5,base.be,base.state_be_7,6280,52025,Villers-Poterie,Villers-Poterie,Villers-Poterie,Villers-Poterie,F
belgium_city_6440,base.be,base.state_be_7,6440,56029,Froidchapelle,Froidchapelle,Froidchapelle,Froidchapelle,F
belgium_city_6440_1,base.be,base.state_be_7,6440,56029,Boussu-lez-Walcourt,Boussu-lez-Walcourt,Boussu-lez-Walcourt,Boussu-lez-Walcourt,F
belgium_city_6440_2,base.be,base.state_be_7,6440,56029,Fourbechies,Fourbechies,Fourbechies,Fourbechies,F
belgium_city_6440_3,base.be,base.state_be_7,6440,56029,Vergnies,Vergnies,Vergnies,Vergnies,F
belgium_city_6441,base.be,base.state_be_7,6441,56029,Erpion,Erpion,Erpion,Erpion,F
belgium_city_6460,base.be,base.state_be_7,6460,56016,Chimay,Chimay,Chimay,Chimay,F
belgium_city_6460_1,base.be,base.state_be_7,6460,56016,Baileux,Baileux,Baileux,Baileux,F
belgium_city_6460_2,base.be,base.state_be_7,6460,56016,Bailièvre,Bailièvre,Bailièvre,Bailièvre,F
belgium_city_6460_3,base.be,base.state_be_7,6460,56016,Bourlers,Bourlers,Bourlers,Bourlers,F
belgium_city_6460_4,base.be,base.state_be_7,6460,56016,Forges,Forges,Forges,Forges,F
belgium_city_6460_5,base.be,base.state_be_7,6460,56016,L'Escaillère,L'Escaillère,L'Escaillère,L'Escaillère,F
belgium_city_6460_6,base.be,base.state_be_7,6460,56016,Lompret,Lompret,Lompret,Lompret,F
belgium_city_6460_7,base.be,base.state_be_7,6460,56016,Rièzes,Rièzes,Rièzes,Rièzes,F
belgium_city_6460_8,base.be,base.state_be_7,6460,56016,Robechies,Robechies,Robechies,Robechies,F
belgium_city_6460_9,base.be,base.state_be_7,6460,56016,Salles,Salles,Salles,Salles,F
belgium_city_6460_10,base.be,base.state_be_7,6460,56016,Villers-la-Tour,Villers-la-Tour,Villers-la-Tour,Villers-la-Tour,F
belgium_city_6460_11,base.be,base.state_be_7,6460,56016,Virelles,Virelles,Virelles,Virelles,F
belgium_city_6461,base.be,base.state_be_7,6461,56016,Virelles,Virelles,Virelles,Virelles,F
belgium_city_6462,base.be,base.state_be_7,6462,56016,Baileux,Baileux,Baileux,Baileux,F
belgium_city_6463,base.be,base.state_be_7,6463,56016,Lompret,Lompret,Lompret,Lompret,F
belgium_city_6464,base.be,base.state_be_7,6464,56016,Rièzes,Rièzes,Rièzes,Rièzes,F
belgium_city_6464_1,base.be,base.state_be_7,6464,56016,L'Escaillère,L'Escaillère,L'Escaillère,L'Escaillère,F
belgium_city_6470,base.be,base.state_be_7,6470,56088,Sivry-Rance,Sivry-Rance,Sivry-Rance,Sivry-Rance,F
belgium_city_6470_1,base.be,base.state_be_7,6470,56088,Grandrieu,Grandrieu,Grandrieu,Grandrieu,F
belgium_city_6470_2,base.be,base.state_be_7,6470,56088,Montignies-sur-Roc,Montignies-sur-Roc,Montignies-sur-Roc,Montignies-sur-Roc,F
belgium_city_6470_3,base.be,base.state_be_7,6470,56088,Rance,Rance,Rance,Rance,F
belgium_city_6470_4,base.be,base.state_be_7,6470,56088,Sivry,Sivry,Sivry,Sivry,F
belgium_city_6500,base.be,base.state_be_7,6500,56005,Beaumont,Beaumont,Beaumont,Beaumont,F
belgium_city_6500_1,base.be,base.state_be_7,6500,56005,Barbençon,Barbençon,Barbençon,Barbençon,F
belgium_city_6500_2,base.be,base.state_be_7,6500,56005,Leugnies,Leugnies,Leugnies,Leugnies,F
belgium_city_6500_3,base.be,base.state_be_7,6500,56005,Leval-Chaudeville,Leval-Chaudeville,Leval-Chaudeville,Leval-Chaudeville,F
belgium_city_6500_4,base.be,base.state_be_7,6500,56005,Renlies,Renlies,Renlies,Renlies,F
belgium_city_6500_5,base.be,base.state_be_7,6500,56005,Solre-Saint-Géry,Solre-Saint-Géry,Solre-Saint-Géry,Solre-Saint-Géry,F
belgium_city_6500_6,base.be,base.state_be_7,6500,56005,Thirimont,Thirimont,Thirimont,Thirimont,F
belgium_city_6511,base.be,base.state_be_7,6511,56005,Strée,Strée,Strée,Strée,F
belgium_city_6530,base.be,base.state_be_7,6530,56078,Thuin,Thuin,Thuin,Thuin,F
belgium_city_6530_1,base.be,base.state_be_7,6530,56078,Leers-et-Fosteau,Leers-et-Fosteau,Leers-et-Fosteau,Leers-et-Fosteau,F
belgium_city_6531,base.be,base.state_be_7,6531,56078,Biesme-sous-Thuin,Biesme-sous-Thuin,Biesme-sous-Thuin,Biesme-sous-Thuin,F
belgium_city_6532,base.be,base.state_be_7,6532,56078,Ragnies,Ragnies,Ragnies,Ragnies,F
belgium_city_6533,base.be,base.state_be_7,6533,56078,Biercée,Biercée,Biercée,Biercée,F
belgium_city_6534,base.be,base.state_be_7,6534,56078,Gozée,Gozée,Gozée,Gozée,F
belgium_city_6536,base.be,base.state_be_7,6536,56078,Donstiennes,Donstiennes,Donstiennes,Donstiennes,F
belgium_city_6536_1,base.be,base.state_be_7,6536,56078,Thuillies,Thuillies,Thuillies,Thuillies,F
belgium_city_6540,base.be,base.state_be_7,6540,56044,Lobbes,Lobbes,Lobbes,Lobbes,F
belgium_city_6540_1,base.be,base.state_be_7,6540,56044,Bienne-lez-Happart,Bienne-lez-Happart,Bienne-lez-Happart,Bienne-lez-Happart,F
belgium_city_6540_2,base.be,base.state_be_7,6540,56044,Mont-Sainte-Geneviève,Mont-Sainte-Geneviève,Mont-Sainte-Geneviève,Mont-Sainte-Geneviève,F
belgium_city_6542,base.be,base.state_be_7,6542,56044,Sars-la-Buissière,Sars-la-Buissière,Sars-la-Buissière,Sars-la-Buissière,F
belgium_city_6560,base.be,base.state_be_7,6560,56022,Erquelinnes,Erquelinnes,Erquelinnes,Erquelinnes,F
belgium_city_6560_1,base.be,base.state_be_7,6560,56022,Bersillies-l'Abbaye,Bersillies-l'Abbaye,Bersillies-l'Abbaye,Bersillies-l'Abbaye,F
belgium_city_6560_2,base.be,base.state_be_7,6560,56022,Grand-Reng,Grand-Reng,Grand-Reng,Grand-Reng,F
belgium_city_6560_3,base.be,base.state_be_7,6560,56022,Hantes-Wihéries,Hantes-Wihéries,Hantes-Wihéries,Hantes-Wihéries,F
belgium_city_6560_4,base.be,base.state_be_7,6560,56022,Montignies-Saint-Christophe,Montignies-Saint-Christophe,Montignies-Saint-Christophe,Montignies-Saint-Christophe,F
belgium_city_6560_5,base.be,base.state_be_7,6560,56022,Solre-sur-Sambre,Solre-sur-Sambre,Solre-sur-Sambre,Solre-sur-Sambre,F
belgium_city_6567,base.be,base.state_be_7,6567,56049,Merbes-le-Château,Merbes-le-Château,Merbes-le-Château,Merbes-le-Château,F
belgium_city_6567_1,base.be,base.state_be_7,6567,56049,Fontaine-Valmont,Fontaine-Valmont,Fontaine-Valmont,Fontaine-Valmont,F
belgium_city_6567_2,base.be,base.state_be_7,6567,56049,Labuissière,Labuissière,Labuissière,Labuissière,F
belgium_city_6567_3,base.be,base.state_be_7,6567,56049,Merbes-Sainte-Marie,Merbes-Sainte-Marie,Merbes-Sainte-Marie,Merbes-Sainte-Marie,F
belgium_city_6590,base.be,base.state_be_7,6590,56051,Momignies,Momignies,Momignies,Momignies,F
belgium_city_6590_1,base.be,base.state_be_7,6590,56051,Beauwelz,Beauwelz,Beauwelz,Beauwelz,F
belgium_city_6590_2,base.be,base.state_be_7,6590,56051,Forge-Philippe,Forge-Philippe,Forge-Philippe,Forge-Philippe,F
belgium_city_6590_3,base.be,base.state_be_7,6590,56051,Macon,Macon,Macon,Macon,F
belgium_city_6590_4,base.be,base.state_be_7,6590,56051,Monceau-Imbrechies,Monceau-Imbrechies,Monceau-Imbrechies,Monceau-Imbrechies,F
belgium_city_6590_5,base.be,base.state_be_7,6590,56051,Seloignes,Seloignes,Seloignes,Seloignes,F
belgium_city_6591,base.be,base.state_be_7,6591,56051,Macon,Macon,Macon,Macon,F
belgium_city_6592,base.be,base.state_be_7,6592,56051,Seloignes,Seloignes,Seloignes,Seloignes,F
belgium_city_6593,base.be,base.state_be_7,6593,56051,Forge-Philippe,Forge-Philippe,Forge-Philippe,Forge-Philippe,F
belgium_city_6594,base.be,base.state_be_7,6594,56051,Beauwelz,Beauwelz,Beauwelz,Beauwelz,F
belgium_city_6596,base.be,base.state_be_7,6596,56051,Forge-Philippe,Forge-Philippe,Forge-Philippe,Forge-Philippe,F
belgium_city_6600,base.be,base.state_be_9,6600,82039,Bastogne,Bastogne,Bastenaken,Bastogne,F
belgium_city_6600_1,base.be,base.state_be_9,6600,82039,Noville,Noville,Noville,Noville,F
belgium_city_6600_2,base.be,base.state_be_9,6600,82039,Villers-la-Bonne-Eau,Villers-la-Bonne-Eau,Villers-la-Bonne-Eau,Villers-la-Bonne-Eau,F
belgium_city_6600_3,base.be,base.state_be_9,6600,82039,Wardin,Wardin,Wardin,Wardin,F
belgium_city_6630,base.be,base.state_be_9,6630,81013,Martelange,Martelange,Martelingen,Martelange,F
belgium_city_6637,base.be,base.state_be_9,6637,82009,Fauvillers,Fauvillers,Fauvillers,Fauvillers,F
belgium_city_6637_1,base.be,base.state_be_9,6637,82009,Hollange,Hollange,Hollange,Hollange,F
belgium_city_6637_2,base.be,base.state_be_9,6637,82009,Tintange,Tintange,Tintange,Tintange,F
belgium_city_6640,base.be,base.state_be_9,6640,82036,Vaux-sur-Sûre,Vaux-sur-Sûre,Vaux-sur-Sûre,Vaux-sur-Sûre,F
belgium_city_6640_1,base.be,base.state_be_9,6640,82036,Hompré,Hompré,Hompré,Hompré,F
belgium_city_6640_2,base.be,base.state_be_9,6640,82036,Juseret,Juseret,Juseret,Juseret,F
belgium_city_6640_3,base.be,base.state_be_9,6640,82036,Morhet,Morhet,Morhet,Morhet,F
belgium_city_6640_4,base.be,base.state_be_9,6640,82036,Nives,Nives,Nives,Nives,F
belgium_city_6640_5,base.be,base.state_be_9,6640,82036,Sibret,Sibret,Sibret,Sibret,F
belgium_city_6640_6,base.be,base.state_be_9,6640,82036,Vance,Vance,Vance,Vance,F
belgium_city_6660,base.be,base.state_be_9,6660,82014,Houffalize,Houffalize,Houffalize,Houffalize,F
belgium_city_6660_1,base.be,base.state_be_9,6660,82014,Mabompré,Mabompré,Mabompré,Mabompré,F
belgium_city_6661,base.be,base.state_be_9,6661,82014,Mont,Mont,Mont,Mont,F
belgium_city_6661_1,base.be,base.state_be_9,6661,82014,Tailles,Tailles,Tailles,Tailles,F
belgium_city_6662,base.be,base.state_be_9,6662,82014,Tavigny,Tavigny,Tavigny,Tavigny,F
belgium_city_6663,base.be,base.state_be_9,6663,82014,Mabompré,Mabompré,Mabompré,Mabompré,F
belgium_city_6666,base.be,base.state_be_9,6666,82014,Wibrin,Wibrin,Wibrin,Wibrin,F
belgium_city_6670,base.be,base.state_be_9,6670,82037,Gouvy,Gouvy,Gouvy,Gouvy,F
belgium_city_6670_1,base.be,base.state_be_9,6670,82037,Limerlé,Limerlé,Limerlé,Limerlé,F
belgium_city_6671,base.be,base.state_be_9,6671,82037,Bovigny,Bovigny,Bovigny,Bovigny,F
belgium_city_6672,base.be,base.state_be_9,6672,82037,Beho,Beho,Beho,Beho,F
belgium_city_6673,base.be,base.state_be_9,6673,82037,Cherain,Cherain,Cherain,Cherain,F
belgium_city_6674,base.be,base.state_be_9,6674,82037,Montleban,Montleban,Montleban,Montleban,F
belgium_city_6680,base.be,base.state_be_9,6680,82038,Sainte-Ode,Sainte-Ode,Sainte-Ode,Sainte-Ode,F
belgium_city_6680_1,base.be,base.state_be_9,6680,82038,Amberloup,Amberloup,Amberloup,Amberloup,F
belgium_city_6680_2,base.be,base.state_be_9,6680,82038,Lavacherie,Lavacherie,Lavacherie,Lavacherie,F
belgium_city_6680_3,base.be,base.state_be_9,6680,82038,Tillet,Tillet,Tillet,Tillet,F
belgium_city_6681,base.be,base.state_be_9,6681,82038,Lavacherie,Lavacherie,Lavacherie,Lavacherie,F
belgium_city_6690,base.be,base.state_be_9,6690,82032,Vielsalm,Vielsalm,Vielsalm,Vielsalm,F
belgium_city_6690_1,base.be,base.state_be_9,6690,82032,Bihain,Bihain,Bihain,Bihain,F
belgium_city_6690_2,base.be,base.state_be_9,6690,82032,Petit-Thier,Petit-Thier,Petit-Thier,Petit-Thier,F
belgium_city_6692,base.be,base.state_be_9,6692,82032,Petit-Thier,Petit-Thier,Petit-Thier,Petit-Thier,F
belgium_city_6698,base.be,base.state_be_9,6698,82032,Grand-Halleux,Grand-Halleux,Grand-Halleux,Grand-Halleux,F
belgium_city_6700,base.be,base.state_be_9,6700,81001,Arlon,Arlon,Aarlen,Arel,F
belgium_city_6700_1,base.be,base.state_be_9,6700,81001,Autelbas,Autelbas,Niederelter,Autelbas,F
belgium_city_6700_2,base.be,base.state_be_9,6700,81001,Bonnert,Bonnert,Bonnert,Bonnert,F
belgium_city_6700_3,base.be,base.state_be_9,6700,81001,Guirsch,Guirsch,Guirsch,Guirsch,F
belgium_city_6700_4,base.be,base.state_be_9,6700,81001,Heinsch,Heinsch,Heinsch,Heinsch,F
belgium_city_6700_5,base.be,base.state_be_9,6700,81001,Toernich,Toernich,Toernich,Toernich,F
belgium_city_6717,base.be,base.state_be_9,6717,81003,Attert,Attert,Attert,Attert,F
belgium_city_6717_1,base.be,base.state_be_9,6717,81003,Nobressart,Nobressart,Nobressart,Nobressart,F
belgium_city_6717_2,base.be,base.state_be_9,6717,81003,Notomb,Notomb,Notomb,Notomb,F
belgium_city_6717_3,base.be,base.state_be_9,6717,81003,Thiaumont,Thiaumont,Thiaumont,Thiaumont,F
belgium_city_6717_4,base.be,base.state_be_9,6717,81003,Tontelange,Tontelange,Tontelange,Tontelange,F
belgium_city_6720,base.be,base.state_be_9,6720,85046,Habay,Habay,Habay,Habay,F
belgium_city_6720_1,base.be,base.state_be_9,6720,85046,Habay-la-Neuve,Habay-la-Neuve,Habay-la-Neuve,Habay-la-Neuve,F
belgium_city_6720_2,base.be,base.state_be_9,6720,85046,Habay-la-Vieille,Habay-la-Vieille,Habay-la-Vieille,Habay-la-Vieille,F
belgium_city_6720_3,base.be,base.state_be_9,6720,85046,Hachy,Hachy,Hachy,Hachy,F
belgium_city_6720_4,base.be,base.state_be_9,6720,85046,Anlier,Anlier,Anlier,Anlier,F
belgium_city_6721,base.be,base.state_be_9,6721,85046,Anlier,Anlier,Anlier,Anlier,F
belgium_city_6723,base.be,base.state_be_9,6723,85046,Habay-la-Vieille,Habay-la-Vieille,Habay-la-Vieille,Habay-la-Vieille,F
belgium_city_6724,base.be,base.state_be_9,6724,85046,Rulles,Rulles,Rulles,Rulles,F
belgium_city_6730,base.be,base.state_be_9,6730,85039,Tintigny,Tintigny,Tintigny,Tintigny,F
belgium_city_6730_1,base.be,base.state_be_9,6730,85039,Bellefontaine,Bellefontaine,Bellefontaine,Bellefontaine,F
belgium_city_6730_2,base.be,base.state_be_9,6730,85039,Rossignol,Rossignol,Rossignol,Rossignol,F
belgium_city_6730_3,base.be,base.state_be_9,6730,85039,Saint-Vincent,Saint-Vincent,Saint-Vincent,Saint-Vincent,F
belgium_city_6740,base.be,base.state_be_9,6740,85009,Étalle,Étalle,Étalle,Étalle,F
belgium_city_6740_1,base.be,base.state_be_9,6740,85009,Buzenol,Buzenol,Buzenol,Buzenol,F
belgium_city_6740_2,base.be,base.state_be_9,6740,85009,Chantemelle,Chantemelle,Chantemelle,Chantemelle,F
belgium_city_6740_3,base.be,base.state_be_9,6740,85009,Sainte-Marie-sur-Semois,Sainte-Marie-sur-Semois,Sainte-Marie-sur-Semois,Sainte-Marie-sur-Semois,F
belgium_city_6740_4,base.be,base.state_be_9,6740,85009,Vance,Vance,Vance,Vance,F
belgium_city_6740_5,base.be,base.state_be_9,6740,85009,Villers-sur-Semois,Villers-sur-Semois,Villers-sur-Semois,Villers-sur-Semois,F
belgium_city_6747,base.be,base.state_be_9,6747,85034,Saint-Léger,Saint-Léger,Saint-Léger,Saint-Léger,F
belgium_city_6747_1,base.be,base.state_be_9,6747,85034,Chatillon,Chatillon,Chatillon,Chatillon,F
belgium_city_6747_2,base.be,base.state_be_9,6747,85034,Meix-le-Tige,Meix-le-Tige,Meix-le-Tige,Meix-le-Tige,F
belgium_city_6750,base.be,base.state_be_9,6750,85026,Musson,Musson,Musson,Musson,F
belgium_city_6750_1,base.be,base.state_be_9,6750,85026,Mussy-la-Ville,Mussy-la-Ville,Mussy-la-Ville,Mussy-la-Ville,F
belgium_city_6760,base.be,base.state_be_9,6760,85045,Virton,Virton,Virton,Virton,F
belgium_city_6760_1,base.be,base.state_be_9,6760,85045,Bleid,Bleid,Bleid,Bleid,F
belgium_city_6760_2,base.be,base.state_be_9,6760,85045,Ethe,Ethe,Ethe,Ethe,F
belgium_city_6760_3,base.be,base.state_be_9,6760,85045,Latour,Latour,Latour,Latour,F
belgium_city_6760_4,base.be,base.state_be_9,6760,85045,Ruette,Ruette,Ruette,Ruette,F
belgium_city_6760_5,base.be,base.state_be_9,6760,85045,Saint-Mard,Saint-Mard,Saint-Mard,Saint-Mard,F
belgium_city_6761,base.be,base.state_be_9,6761,85045,Latour,Latour,Latour,Latour,F
belgium_city_6762,base.be,base.state_be_9,6762,85045,Saint-Mard,Saint-Mard,Saint-Mard,Saint-Mard,F
belgium_city_6767,base.be,base.state_be_9,6767,85047,Rouvroy,Rouvroy,Rouvroy,Rouvroy,F
belgium_city_6767_1,base.be,base.state_be_9,6767,85047,Dampicourt,Dampicourt,Dampicourt,Dampicourt,F
belgium_city_6767_2,base.be,base.state_be_9,6767,85047,Harnoncourt,Harnoncourt,Harnoncourt,Harnoncourt,F
belgium_city_6767_3,base.be,base.state_be_9,6767,85047,Lamorteau,Lamorteau,Lamorteau,Lamorteau,F
belgium_city_6767_4,base.be,base.state_be_9,6767,85047,Torgny,Torgny,Torgny,Torgny,F
belgium_city_6769,base.be,base.state_be_9,6769,85024,Meix-devant-Virton,Meix-devant-Virton,Meix-devant-Virton,Meix-devant-Virton,F
belgium_city_6769_1,base.be,base.state_be_9,6769,85024,Gérouville,Gérouville,Gérouville,Gérouville,F
belgium_city_6769_2,base.be,base.state_be_9,6769,85024,Robelmont,Robelmont,Robelmont,Robelmont,F
belgium_city_6769_3,base.be,base.state_be_9,6769,85024,Sommethonne,Sommethonne,Sommethonne,Sommethonne,F
belgium_city_6769_4,base.be,base.state_be_9,6769,85024,Villers-la-Loue,Villers-la-Loue,Villers-la-Loue,Villers-la-Loue,F
belgium_city_6780,base.be,base.state_be_9,6780,81015,Messancy,Messancy,Messancy,Messancy,F
belgium_city_6780_1,base.be,base.state_be_9,6780,81015,Habergy,Habergy,Habergy,Habergy,F
belgium_city_6780_2,base.be,base.state_be_9,6780,81015,Sélange,Sélange,Sélange,Sélange,F
belgium_city_6780_3,base.be,base.state_be_9,6780,81015,Wolkrange,Wolkrange,Wolkrange,Wolkrange,F
belgium_city_6781,base.be,base.state_be_9,6781,81015,Sélange,Sélange,Sélange,Sélange,F
belgium_city_6782,base.be,base.state_be_9,6782,81015,Habergy,Habergy,Habergy,Habergy,F
belgium_city_6790,base.be,base.state_be_9,6790,81004,Aubange,Aubange,Aubange,Aubange,F
belgium_city_6790_1,base.be,base.state_be_9,6790,81004,Athus,Athus,Athus,Athus,F
belgium_city_6791,base.be,base.state_be_9,6791,81004,Athus,Athus,Athus,Athus,F
belgium_city_6792,base.be,base.state_be_9,6792,81004,Halanzy,Halanzy,Halanzy,Halanzy,F
belgium_city_6792_1,base.be,base.state_be_9,6792,81004,Rachecourt,Rachecourt,Rachecourt,Rachecourt,F
belgium_city_6800,base.be,base.state_be_9,6800,84077,Libramont-Chevigny,Libramont-Chevigny,Libramont-Chevigny,Libramont-Chevigny,F
belgium_city_6800_1,base.be,base.state_be_9,6800,84077,Bras,Bras,Bras,Bras,F
belgium_city_6800_2,base.be,base.state_be_9,6800,84077,Freux,Freux,Freux,Freux,F
belgium_city_6800_3,base.be,base.state_be_9,6800,84077,Moircy,Moircy,Moircy,Moircy,F
belgium_city_6800_4,base.be,base.state_be_9,6800,84077,Recogne,Recogne,Recogne,Recogne,F
belgium_city_6800_5,base.be,base.state_be_9,6800,84077,Remagne,Remagne,Remagne,Remagne,F
belgium_city_6800_6,base.be,base.state_be_9,6800,84077,Sainte-Marie-Chevigny,Sainte-Marie-Chevigny,Sainte-Marie-Chevigny,Sainte-Marie-Chevigny,F
belgium_city_6800_7,base.be,base.state_be_9,6800,84077,Saint-Pierre,Saint-Pierre,Sint-Pieter,Saint-Pierre,F
belgium_city_6810,base.be,base.state_be_9,6810,85007,Chiny,Chiny,Chiny,Chiny,F
belgium_city_6810_1,base.be,base.state_be_9,6810,85007,Izel,Izel,Izel,Izel,F
belgium_city_6810_2,base.be,base.state_be_9,6810,85007,Jamoigne,Jamoigne,Jamoigne,Jamoigne,F
belgium_city_6811,base.be,base.state_be_9,6811,85007,Les Bulles,Les Bulles,Les Bulles,Les Bulles,F
belgium_city_6812,base.be,base.state_be_9,6812,85007,Suxy,Suxy,Suxy,Suxy,F
belgium_city_6813,base.be,base.state_be_9,6813,85007,Termes,Termes,Termes,Termes,F
belgium_city_6820,base.be,base.state_be_9,6820,85011,Florenville,Florenville,Florenville,Florenville,F
belgium_city_6820_1,base.be,base.state_be_9,6820,85011,Chassepierre,Chassepierre,Chassepierre,Chassepierre,F
belgium_city_6820_2,base.be,base.state_be_9,6820,85011,Fontenoille,Fontenoille,Fontenoille,Fontenoille,F
belgium_city_6820_3,base.be,base.state_be_9,6820,85011,Muno,Muno,Muno,Muno,F
belgium_city_6820_4,base.be,base.state_be_9,6820,85011,Sainte-Cécile,Sainte-Cécile,Sainte-Cécile,Sainte-Cécile,F
belgium_city_6820_5,base.be,base.state_be_9,6820,85011,Villers-devant-Orval,Villers-devant-Orval,Villers-devant-Orval,Villers-devant-Orval,F
belgium_city_6821,base.be,base.state_be_9,6821,85011,Muno,Muno,Muno,Muno,F
belgium_city_6823,base.be,base.state_be_9,6823,85011,Villers-devant-Orval,Villers-devant-Orval,Villers-devant-Orval,Villers-devant-Orval,F
belgium_city_6824,base.be,base.state_be_9,6824,85011,Chassepierre,Chassepierre,Chassepierre,Chassepierre,F
belgium_city_6830,base.be,base.state_be_9,6830,84010,Bouillon,Bouillon,Bouillon,Bouillon,F
belgium_city_6830_1,base.be,base.state_be_9,6830,84010,Bellevaux,Bellevaux,Bellevaux,Bellevaux,F
belgium_city_6830_2,base.be,base.state_be_9,6830,84010,Corbion,Corbion,Corbion,Corbion,F
belgium_city_6830_3,base.be,base.state_be_9,6830,84010,Dohan,Dohan,Dohan,Dohan,F
belgium_city_6830_4,base.be,base.state_be_9,6830,84010,Les Hayons,Les Hayons,Les Hayons,Les Hayons,F
belgium_city_6830_5,base.be,base.state_be_9,6830,84010,Noirefontaine,Noirefontaine,Noirefontaine,Noirefontaine,F
belgium_city_6830_6,base.be,base.state_be_9,6830,84010,Poupehan,Poupehan,Poupehan,Poupehan,F
belgium_city_6830_7,base.be,base.state_be_9,6830,84010,Rochehaut,Rochehaut,Rochehaut,Rochehaut,F
belgium_city_6830_8,base.be,base.state_be_9,6830,84010,Sensenruth,Sensenruth,Sensenruth,Sensenruth,F
belgium_city_6830_9,base.be,base.state_be_9,6830,84010,Ucimont,Ucimont,Ucimont,Ucimont,F
belgium_city_6830_10,base.be,base.state_be_9,6830,84010,Vivy,Vivy,Vivy,Vivy,F
belgium_city_6831,base.be,base.state_be_9,6831,84010,Noirefontaine,Noirefontaine,Noirefontaine,Noirefontaine,F
belgium_city_6832,base.be,base.state_be_9,6832,84010,Sensenruth,Sensenruth,Sensenruth,Sensenruth,F
belgium_city_6833,base.be,base.state_be_9,6833,84010,Ucimont,Ucimont,Ucimont,Ucimont,F
belgium_city_6833_1,base.be,base.state_be_9,6833,84010,Vivy,Vivy,Vivy,Vivy,F
belgium_city_6834,base.be,base.state_be_9,6834,84010,Bellevaux,Bellevaux,Bellevaux,Bellevaux,F
belgium_city_6836,base.be,base.state_be_9,6836,84010,Rochehaut,Rochehaut,Rochehaut,Rochehaut,F
belgium_city_6838,base.be,base.state_be_9,6838,84010,Corbion,Corbion,Corbion,Corbion,F
belgium_city_6840,base.be,base.state_be_9,6840,84043,Neufchâteau,Neufchâteau,Neufchâteau,Neufchâteau,F
belgium_city_6840_1,base.be,base.state_be_9,6840,84043,Grandvoir,Grandvoir,Grandvoir,Grandvoir,F
belgium_city_6840_2,base.be,base.state_be_9,6840,84043,Grapfontaine,Grapfontaine,Grapfontaine,Grapfontaine,F
belgium_city_6840_3,base.be,base.state_be_9,6840,84043,Hamipré,Hamipré,Hamipré,Hamipré,F
belgium_city_6840_4,base.be,base.state_be_9,6840,84043,Longlier,Longlier,Longlier,Longlier,F
belgium_city_6840_5,base.be,base.state_be_9,6840,84043,Tournay,Tournay,Tournay,Tournay,F
belgium_city_6850,base.be,base.state_be_9,6850,84050,Paliseul,Paliseul,Paliseul,Paliseul,F
belgium_city_6850_1,base.be,base.state_be_9,6850,84050,Carlsbourg,Carlsbourg,Carlsbourg,Carlsbourg,F
belgium_city_6850_2,base.be,base.state_be_9,6850,84050,Fays-les-Veneurs,Fays-les-Veneurs,Fays-les-Veneurs,Fays-les-Veneurs,F
belgium_city_6850_3,base.be,base.state_be_9,6850,84050,Framont,Framont,Framont,Framont,F
belgium_city_6850_4,base.be,base.state_be_9,6850,84050,Maissin,Maissin,Maissin,Maissin,F
belgium_city_6850_5,base.be,base.state_be_9,6850,84050,Nollevaux,Nollevaux,Nollevaux,Nollevaux,F
belgium_city_6850_6,base.be,base.state_be_9,6850,84050,Offagne,Offagne,Offagne,Offagne,F
belgium_city_6850_7,base.be,base.state_be_9,6850,84050,Opont,Opont,Opont,Opont,F
belgium_city_6851,base.be,base.state_be_9,6851,84050,Nollevaux,Nollevaux,Nollevaux,Nollevaux,F
belgium_city_6852,base.be,base.state_be_9,6852,84050,Maissin,Maissin,Maissin,Maissin,F
belgium_city_6852_1,base.be,base.state_be_9,6852,84050,Opont,Opont,Opont,Opont,F
belgium_city_6853,base.be,base.state_be_9,6853,84050,Carlsbourg,Carlsbourg,Carlsbourg,Carlsbourg,F
belgium_city_6856,base.be,base.state_be_9,6856,84050,Fays-les-Veneurs,Fays-les-Veneurs,Fays-les-Veneurs,Fays-les-Veneurs,F
belgium_city_6860,base.be,base.state_be_9,6860,84031,Léglise,Léglise,Léglise,Léglise,
belgium_city_6860_1,base.be,base.state_be_9,6860,84031,Assenois,Assenois,Assenois,Assenois,
belgium_city_6860_2,base.be,base.state_be_9,6860,84031,Ebly,Ebly,Ebly,Ebly,
belgium_city_6860_3,base.be,base.state_be_9,6860,84031,Mellier,Mellier,Mellier,Mellier,
belgium_city_6860_4,base.be,base.state_be_9,6860,84031,Witry,Witry,Witry,Witry,
belgium_city_6870,base.be,base.state_be_9,6870,84059,Saint-Hubert,Saint-Hubert,Sint-Hubertus,Saint-Hubert,F
belgium_city_6870_1,base.be,base.state_be_9,6870,84059,Arville,Arville,Arville,Arville,F
belgium_city_6870_2,base.be,base.state_be_9,6870,84059,Awenne,Awenne,Awenne,Awenne,F
belgium_city_6870_3,base.be,base.state_be_9,6870,84059,Hatrival,Hatrival,Hatrival,Hatrival,F
belgium_city_6870_4,base.be,base.state_be_9,6870,84059,Mirwart,Mirwart,Mirwart,Mirwart,F
belgium_city_6870_5,base.be,base.state_be_9,6870,84059,Vesqueville,Vesqueville,Vesqueville,Vesqueville,F
belgium_city_6880,base.be,base.state_be_9,6880,84009,Bertrix,Bertrix,Bertrix,Bertrix,F
belgium_city_6880_1,base.be,base.state_be_9,6880,84009,Auby-sur-Semois,Auby-sur-Semois,Auby-sur-Semois,Auby-sur-Semois,F
belgium_city_6880_2,base.be,base.state_be_9,6880,84009,Cugnon,Cugnon,Cugnon,Cugnon,F
belgium_city_6880_3,base.be,base.state_be_9,6880,84009,Jehonville,Jehonville,Jehonville,Jehonville,F
belgium_city_6880_4,base.be,base.state_be_9,6880,84009,Orgeo,Orgeo,Orgeo,Orgeo,F
belgium_city_6887,base.be,base.state_be_9,6887,84029,Herbeumont,Herbeumont,Herbeumont,Herbeumont,F
belgium_city_6887_1,base.be,base.state_be_9,6887,84029,Saint-Médard,Saint-Médard,Sint-Medardus,Saint-Médard,F
belgium_city_6887_2,base.be,base.state_be_9,6887,84029,Straimont,Straimont,Straimont,Straimont,F
belgium_city_6890,base.be,base.state_be_9,6890,84035,Libin,Libin,Libin,Libin,F
belgium_city_6890_1,base.be,base.state_be_9,6890,84035,Anloy,Anloy,Anloy,Anloy,F
belgium_city_6890_2,base.be,base.state_be_9,6890,84035,Ochamps,Ochamps,Ochamps,Ochamps,F
belgium_city_6890_3,base.be,base.state_be_9,6890,84035,Redu,Redu,Redu,Redu,F
belgium_city_6890_4,base.be,base.state_be_9,6890,84035,Smuid,Smuid,Smuid,Smuid,F
belgium_city_6890_5,base.be,base.state_be_9,6890,84035,Transinne,Transinne,Transinne,Transinne,F
belgium_city_6890_6,base.be,base.state_be_9,6890,84035,Villance,Villance,Villance,Villance,F
belgium_city_6900,base.be,base.state_be_9,6900,83034,Marche-en-Famenne,Marche-en-Famenne,Marche-en-Famenne,Marche-en-Famenne,F
belgium_city_6900_1,base.be,base.state_be_9,6900,83034,Aye,Aye,Aye,Aye,F
belgium_city_6900_2,base.be,base.state_be_9,6900,83034,Hargimont,Hargimont,Hargimont,Hargimont,F
belgium_city_6900_3,base.be,base.state_be_9,6900,83034,Humain,Humain,Humain,Humain,F
belgium_city_6900_4,base.be,base.state_be_9,6900,83034,On,On,On,On,F
belgium_city_6900_5,base.be,base.state_be_9,6900,83034,Waha,Waha,Waha,Waha,F
belgium_city_6920,base.be,base.state_be_9,6920,84075,Wellin,Wellin,Wellin,Wellin,F
belgium_city_6920_1,base.be,base.state_be_9,6920,84075,Chanly,Chanly,Chanly,Chanly,F
belgium_city_6920_2,base.be,base.state_be_9,6920,84075,Halma,Halma,Halma,Halma,F
belgium_city_6920_3,base.be,base.state_be_9,6920,84075,Lomprez,Lomprez,Lomprez,Lomprez,F
belgium_city_6920_4,base.be,base.state_be_9,6920,84075,Sohier,Sohier,Sohier,Sohier,F
belgium_city_6927,base.be,base.state_be_9,6927,84068,Tellin,Tellin,Tellin,Tellin,F
belgium_city_6927_1,base.be,base.state_be_9,6927,84068,Bure,Bure,Bure,Bure,F
belgium_city_6927_2,base.be,base.state_be_9,6927,84068,Grupont,Grupont,Grupont,Grupont,F
belgium_city_6927_3,base.be,base.state_be_9,6927,84068,Resteigne,Resteigne,Resteigne,Resteigne,F
belgium_city_6929,base.be,base.state_be_9,6929,84016,Daverdisse,Daverdisse,Daverdisse,Daverdisse,F
belgium_city_6929_1,base.be,base.state_be_9,6929,84016,Gembes,Gembes,Gembes,Gembes,F
belgium_city_6929_2,base.be,base.state_be_9,6929,84016,Haut-Fays,Haut-Fays,Haut-Fays,Haut-Fays,F
belgium_city_6929_3,base.be,base.state_be_9,6929,84016,Porcheresse,Porcheresse,Porcheresse,Porcheresse,F
belgium_city_6940,base.be,base.state_be_9,6940,83012,Durbuy,Durbuy,Durbuy,Durbuy,F
belgium_city_6940_1,base.be,base.state_be_9,6940,83012,Barvaux,Barvaux,Barvaux,Barvaux,F
belgium_city_6940_2,base.be,base.state_be_9,6940,83012,Grandhan,Grandhan,Grandhan,Grandhan,F
belgium_city_6940_3,base.be,base.state_be_9,6940,83012,Septon,Septon,Septon,Septon,F
belgium_city_6940_4,base.be,base.state_be_9,6940,83012,Wéris,Wéris,Wéris,Wéris,F
belgium_city_6941,base.be,base.state_be_9,6941,83012,Bende,Bende,Bende,Bende,F
belgium_city_6941_1,base.be,base.state_be_9,6941,83012,Bomal-sur-Ourthe,Bomal-sur-Ourthe,Bomal-sur-Ourthe,Bomal-sur-Ourthe,F
belgium_city_6941_2,base.be,base.state_be_9,6941,83012,Borlon,Borlon,Borlon,Borlon,F
belgium_city_6941_3,base.be,base.state_be_9,6941,83012,Heyd,Heyd,Heyd,Heyd,F
belgium_city_6941_4,base.be,base.state_be_9,6941,83012,Izier,Izier,Izier,Izier,F
belgium_city_6941_5,base.be,base.state_be_9,6941,83012,Tohogne,Tohogne,Tohogne,Tohogne,F
belgium_city_6941_6,base.be,base.state_be_9,6941,83012,Villers-Sainte-Gertrude,Villers-Sainte-Gertrude,Villers-Sainte-Gertrude,Villers-Sainte-Gertrude,F
belgium_city_6950,base.be,base.state_be_9,6950,83040,Nassogne,Nassogne,Nassogne,Nassogne,F
belgium_city_6950_1,base.be,base.state_be_9,6950,83040,Ambly,Ambly,Ambly,Ambly,F
belgium_city_6950_2,base.be,base.state_be_9,6950,83040,Bande,Bande,Bande,Bande,F
belgium_city_6950_3,base.be,base.state_be_9,6950,83040,Forrières,Forrières,Forrières,Forrières,F
belgium_city_6950_4,base.be,base.state_be_9,6950,83040,Grune,Grune,Grune,Grune,F
belgium_city_6950_5,base.be,base.state_be_9,6950,83040,Harsin,Harsin,Harsin,Harsin,F
belgium_city_6950_6,base.be,base.state_be_9,6950,83040,Lesterny,Lesterny,Lesterny,Lesterny,F
belgium_city_6950_7,base.be,base.state_be_9,6950,83040,Masbourg,Masbourg,Masbourg,Masbourg,F
belgium_city_6951,base.be,base.state_be_9,6951,83040,Bande,Bande,Bande,Bande,F
belgium_city_6952,base.be,base.state_be_9,6952,83040,Grune,Grune,Grune,Grune,F
belgium_city_6953,base.be,base.state_be_9,6953,83040,Forrières,Forrières,Forrières,Forrières,F
belgium_city_6953_1,base.be,base.state_be_9,6953,83040,Lesterny,Lesterny,Lesterny,Lesterny,F
belgium_city_6953_2,base.be,base.state_be_9,6953,83040,Masbourg,Masbourg,Masbourg,Masbourg,F
belgium_city_6960,base.be,base.state_be_9,6960,83055,Manhay,Manhay,Manhay,Manhay,F
belgium_city_6960_1,base.be,base.state_be_9,6960,83055,Dochamps,Dochamps,Dochamps,Dochamps,F
belgium_city_6960_2,base.be,base.state_be_9,6960,83055,Grandmenil,Grandmenil,Grandmenil,Grandmenil,F
belgium_city_6960_3,base.be,base.state_be_9,6960,83055,Harre,Harre,Harre,Harre,F
belgium_city_6960_4,base.be,base.state_be_9,6960,83055,Malempré,Malempré,Malempré,Malempré,F
belgium_city_6960_5,base.be,base.state_be_9,6960,83055,Odeigne,Odeigne,Odeigne,Odeigne,F
belgium_city_6960_6,base.be,base.state_be_9,6960,83055,Vaux-Chavanne,Vaux-Chavanne,Vaux-Chavanne,Vaux-Chavanne,F
belgium_city_6970,base.be,base.state_be_9,6970,83049,Tenneville,Tenneville,Tenneville,Tenneville,F
belgium_city_6970_1,base.be,base.state_be_9,6970,83049,Champlon,Champlon,Champlon,Champlon,F
belgium_city_6970_2,base.be,base.state_be_9,6970,83049,Erneuville,Erneuville,Erneuville,Erneuville,F
belgium_city_6971,base.be,base.state_be_9,6971,83049,Champlon,Champlon,Champlon,Champlon,F
belgium_city_6972,base.be,base.state_be_9,6972,83049,Erneuville,Erneuville,Erneuville,Erneuville,F
belgium_city_6980,base.be,base.state_be_9,6980,83031,La Roche-en-Ardenne,La Roche-en-Ardenne,La Roche-en-Ardenne,La Roche-en-Ardenne,F
belgium_city_6980_1,base.be,base.state_be_9,6980,83031,Beausaint,Beausaint,Beausaint,Beausaint,F
belgium_city_6980_2,base.be,base.state_be_9,6980,83031,Halleux,Halleux,Halleux,Halleux,F
belgium_city_6980_3,base.be,base.state_be_9,6980,83031,Ortho,Ortho,Ortho,Ortho,F
belgium_city_6980_4,base.be,base.state_be_9,6980,83031,Samrée,Samrée,Samrée,Samrée,F
belgium_city_6982,base.be,base.state_be_9,6982,83031,Samrée,Samrée,Samrée,Samrée,F
belgium_city_6983,base.be,base.state_be_9,6983,83031,Ortho,Ortho,Ortho,Ortho,F
belgium_city_6984,base.be,base.state_be_9,6984,83031,Halleux,Halleux,Halleux,Halleux,F
belgium_city_6986,base.be,base.state_be_9,6986,83031,Beausaint,Beausaint,Beausaint,Beausaint,F
belgium_city_6987,base.be,base.state_be_9,6987,83044,Rendeux,Rendeux,Rendeux,Rendeux,F
belgium_city_6987_1,base.be,base.state_be_9,6987,83044,Beffe,Beffe,Beffe,Beffe,F
belgium_city_6987_2,base.be,base.state_be_9,6987,83044,Hodister,Hodister,Hodister,Hodister,F
belgium_city_6987_3,base.be,base.state_be_9,6987,83044,Marcourt,Marcourt,Marcourt,Marcourt,F
belgium_city_6990,base.be,base.state_be_9,6990,83028,Hotton,Hotton,Hotton,Hotton,F
belgium_city_6990_1,base.be,base.state_be_9,6990,83028,Fronville,Fronville,Fronville,Fronville,F
belgium_city_6990_2,base.be,base.state_be_9,6990,83028,Hampteau,Hampteau,Hampteau,Hampteau,F
belgium_city_6990_3,base.be,base.state_be_9,6990,83028,Marenne,Marenne,Marenne,Marenne,F
belgium_city_6997,base.be,base.state_be_9,6997,83013,Erezée,Erezée,Erezée,Erezée,F
belgium_city_6997_1,base.be,base.state_be_9,6997,83013,Amonines,Amonines,Amonines,Amonines,F
belgium_city_6997_2,base.be,base.state_be_9,6997,83013,Mormont,Mormont,Mormont,Mormont,F
belgium_city_6997_3,base.be,base.state_be_9,6997,83013,Soy,Soy,Soy,Soy,F
belgium_city_7000,base.be,base.state_be_7,7000,53053,Mons,Mons,Bergen,Mons,F
belgium_city_7011,base.be,base.state_be_7,7011,53053,Ghlin,Ghlin,Ghlin,Ghlin,F
belgium_city_7012,base.be,base.state_be_7,7012,53053,Jemappes,Jemappes,Jemappes,Jemappes,F
belgium_city_7012_1,base.be,base.state_be_7,7012,53053,Flénu,Flénu,Flénu,Flénu,F
belgium_city_7020,base.be,base.state_be_7,7020,53053,Maisières,Maisières,Maisières,Maisières,F
belgium_city_7021,base.be,base.state_be_7,7021,53053,Havré,Havré,Havré,Havré,F
belgium_city_7022,base.be,base.state_be_7,7022,53053,Hyon,Hyon,Hyon,Hyon,F
belgium_city_7022_1,base.be,base.state_be_7,7022,53053,Ciply,Ciply,Ciply,Ciply,F
belgium_city_7022_2,base.be,base.state_be_7,7022,53053,Harmignies,Harmignies,Harmignies,Harmignies,F
belgium_city_7022_3,base.be,base.state_be_7,7022,53053,Harveng,Harveng,Harveng,Harveng,F
belgium_city_7022_4,base.be,base.state_be_7,7022,53053,Mesvin,Mesvin,Mesvin,Mesvin,F
belgium_city_7022_5,base.be,base.state_be_7,7022,53053,Nouvelles,Nouvelles,Nouvelles,Nouvelles,F
belgium_city_7022_6,base.be,base.state_be_7,7022,53053,Spiennes,Spiennes,Spiennes,Spiennes,F
belgium_city_7022_7,base.be,base.state_be_7,7022,53053,Villers-Saint-Ghislain,Villers-Saint-Ghislain,Villers-Sint-Gelein,Villers-Saint-Ghislain,F
belgium_city_7030,base.be,base.state_be_7,7030,53053,Saint-Symphorien,Saint-Symphorien,Sint-Symphoriaan,Saint-Symphorien,F
belgium_city_7031,base.be,base.state_be_7,7031,53053,Villers-Saint-Ghislain,Villers-Saint-Ghislain,Villers-Sint-Gelein,Villers-Saint-Ghislain,F
belgium_city_7032,base.be,base.state_be_7,7032,53053,Spiennes,Spiennes,Spiennes,Spiennes,F
belgium_city_7033,base.be,base.state_be_7,7033,53053,Cuesmes,Cuesmes,Kwames,Cuesmes,F
belgium_city_7034,base.be,base.state_be_7,7034,53053,Obourg,Obourg,Oburg,Obourg,F
belgium_city_7034_1,base.be,base.state_be_7,7034,53053,Saint-Denis,Saint-Denis,Sint-Denijs,Saint-Denis,F
belgium_city_7040,base.be,base.state_be_7,7040,53084,Quévy,Quévy,Quévy,Quévy,F
belgium_city_7040_1,base.be,base.state_be_7,7040,53084,Asquillies,Asquillies,Asquillies,Asquillies,F
belgium_city_7040_2,base.be,base.state_be_7,7040,53084,Bougnies,Bougnies,Bougnies,Bougnies,F
belgium_city_7040_3,base.be,base.state_be_7,7040,53084,Givry,Givry,Givry,Givry,F
belgium_city_7040_4,base.be,base.state_be_7,7040,53084,Gœgnies-Chaussée,Gœgnies-Chaussée,Gœgnies-Chaussée,Gœgnies-Chaussée,F
belgium_city_7040_5,base.be,base.state_be_7,7040,53084,Havay,Havay,Havay,Havay,F
belgium_city_7041,base.be,base.state_be_7,7041,53084,Havay,Havay,Havay,Havay,F
belgium_city_7041_1,base.be,base.state_be_7,7041,53084,Quévy-le-Grand,Quévy-le-Grand,Quévy-le-Grand,Quévy-le-Grand,F
belgium_city_7041_2,base.be,base.state_be_7,7041,53084,Quévy-le-Petit,Quévy-le-Petit,Quévy-le-Petit,Quévy-le-Petit,F
belgium_city_7050,base.be,base.state_be_7,7050,53044,Jurbise,Jurbise,Jurbeke,Jurbise,F
belgium_city_7050_1,base.be,base.state_be_7,7050,53044,Erbaut,Erbaut,Erbaut,Erbaut,F
belgium_city_7050_2,base.be,base.state_be_7,7050,53044,Erbisœul,Erbisœul,Erbisœul,Erbisœul,F
belgium_city_7050_3,base.be,base.state_be_7,7050,53044,Herchies,Herchies,Herchies,Herchies,F
belgium_city_7050_4,base.be,base.state_be_7,7050,53044,Masnuy-Saint-Jean,Masnuy-Saint-Jean,Masnuy-Sint-Jan,Masnuy-Saint-Jean,F
belgium_city_7050_5,base.be,base.state_be_7,7050,53044,Masnuy-Saint-Pierre,Masnuy-Saint-Pierre,Masnuy-Sint-Pieter,Masnuy-Saint-Pierre,F
belgium_city_7060,base.be,base.state_be_7,7060,55040,Soignies,Soignies,Zinnik,Soignies,F
belgium_city_7060_1,base.be,base.state_be_7,7060,55040,Horrues,Horrues,Horrues,Horrues,F
belgium_city_7061,base.be,base.state_be_7,7061,55040,Casteau,Casteau,Casteau,Casteau,F
belgium_city_7062,base.be,base.state_be_7,7062,55040,Naast,Naast,Naast,Naast,F
belgium_city_7063,base.be,base.state_be_7,7063,55040,Chaussée-Notre-Dame-Louvignies,Chaussée-Notre-Dame-Louvignies,Chaussée-Notre-Dame-Louvignies,Chaussée-Notre-Dame-Louvignies,F
belgium_city_7063_1,base.be,base.state_be_7,7063,55040,Neufvilles,Neufvilles,Neufvilles,Neufvilles,F
belgium_city_7070,base.be,base.state_be_7,7070,55035,Le Rœulx,Le Rœulx,Le Rœulx,Le Rœulx,F
belgium_city_7070_1,base.be,base.state_be_7,7070,55035,Gottignies,Gottignies,Gottignies,Gottignies,F
belgium_city_7070_2,base.be,base.state_be_7,7070,55035,Mignault,Mignault,Mignault,Mignault,F
belgium_city_7070_3,base.be,base.state_be_7,7070,55035,Thieu,Thieu,Thieu,Thieu,F
belgium_city_7070_4,base.be,base.state_be_7,7070,55035,Ville-sur-Haine,Ville-sur-Haine,Ville-sur-Haine,Ville-sur-Haine,F
belgium_city_7080,base.be,base.state_be_7,7080,53028,Frameries,Frameries,Frameries,Frameries,F
belgium_city_7080_1,base.be,base.state_be_7,7080,53028,Eugies,Eugies,Eugies,Eugies,F
belgium_city_7080_2,base.be,base.state_be_7,7080,53028,La Bouverie,La Bouverie,La Bouverie,La Bouverie,F
belgium_city_7080_3,base.be,base.state_be_7,7080,53028,Noirchain,Noirchain,Noirchain,Noirchain,F
belgium_city_7080_4,base.be,base.state_be_7,7080,53028,Sars-la-Bruyère,Sars-la-Bruyère,Sars-la-Bruyère,Sars-la-Bruyère,F
belgium_city_7090,base.be,base.state_be_7,7090,55004,Braine-le-Comte,Braine-le-Comte,'s-Gravenbrakel,Braine-le-Comte,F
belgium_city_7090_1,base.be,base.state_be_7,7090,55004,Hennuyères,Hennuyères,Hennuyères,Hennuyères,F
belgium_city_7090_2,base.be,base.state_be_7,7090,55004,Henripont,Henripont,Henripont,Henripont,F
belgium_city_7090_3,base.be,base.state_be_7,7090,55004,Petit-Rœulx-lez-Braine,Petit-Rœulx-lez-Braine,Petit-Rœulx-lez-Braine,Petit-Rœulx-lez-Braine,F
belgium_city_7090_4,base.be,base.state_be_7,7090,55004,Ronquières,Ronquières,Ronquières,Ronquières,F
belgium_city_7090_5,base.be,base.state_be_7,7090,55004,Steenkerque,Steenkerque,Steenkerke,Steenkerque,F
belgium_city_7100,base.be,base.state_be_7,7100,58001,La Louvière,La Louvière,La Louvière,La Louvière,F
belgium_city_7100_1,base.be,base.state_be_7,7100,58001,Haine-Saint-Paul,Haine-Saint-Paul,Haine-Sint-Paulus,Haine-Saint-Paul,F
belgium_city_7100_2,base.be,base.state_be_7,7100,58001,Haine-Saint-Pierre,Haine-Saint-Pierre,Haine-Sint-Pieter,Haine-Saint-Pierre,F
belgium_city_7100_3,base.be,base.state_be_7,7100,58001,Saint-Vaast,Saint-Vaast,Sint-Vaast,Saint-Vaast,F
belgium_city_7100_4,base.be,base.state_be_7,7100,58001,Trivières,Trivières,Trivières,Trivières,F
belgium_city_7110,base.be,base.state_be_7,7110,58001,Boussoit,Boussoit,Boussoit,Boussoit,F
belgium_city_7110_1,base.be,base.state_be_7,7110,58001,Houdeng-Aimeries,Houdeng-Aimeries,Houdeng-Aimeries,Houdeng-Aimeries,F
belgium_city_7110_2,base.be,base.state_be_7,7110,58001,Houdeng-Gœgnies,Houdeng-Gœgnies,Houdeng-Gœgnies,Houdeng-Gœgnies,F
belgium_city_7110_3,base.be,base.state_be_7,7110,58001,Maurage,Maurage,Maurage,Maurage,F
belgium_city_7110_4,base.be,base.state_be_7,7110,58001,Strépy-Bracquegnies,Strépy-Bracquegnies,Strépy-Bracquegnies,Strépy-Bracquegnies,F
belgium_city_7120,base.be,base.state_be_7,7120,58003,Estinnes,Estinnes,Estinnes,Estinnes,F
belgium_city_7120_1,base.be,base.state_be_7,7120,58003,Estinnes-au-Mont,Estinnes-au-Mont,Estinnes-au-Mont,Estinnes-au-Mont,F
belgium_city_7120_2,base.be,base.state_be_7,7120,58003,Estinnes-au-Val,Estinnes-au-Val,Estinnes-au-Val,Estinnes-au-Val,F
belgium_city_7120_3,base.be,base.state_be_7,7120,58003,Fauroeulx,Fauroeulx,Fauroeulx,Fauroeulx,F
belgium_city_7120_4,base.be,base.state_be_7,7120,58003,Haulchin,Haulchin,Haulchin,Haulchin,F
belgium_city_7120_5,base.be,base.state_be_7,7120,58003,Peissant,Peissant,Peissant,Peissant,F
belgium_city_7120_6,base.be,base.state_be_7,7120,58003,Rouveroy,Rouveroy,Rouveroy,Rouveroy,F
belgium_city_7120_7,base.be,base.state_be_7,7120,58003,Vellereille-les-Brayeux,Vellereille-les-Brayeux,Vellereille-les-Brayeux,Vellereille-les-Brayeux,F
belgium_city_7120_8,base.be,base.state_be_7,7120,58003,Vellereille-le-Sec,Vellereille-le-Sec,Vellereille-le-Sec,Vellereille-le-Sec,F
belgium_city_7130,base.be,base.state_be_7,7130,58002,Binche,Binche,Binche,Binche,F
belgium_city_7130_1,base.be,base.state_be_7,7130,58002,Bray,Bray,Bray,Bray,F
belgium_city_7131,base.be,base.state_be_7,7131,58002,Waudrez,Waudrez,Waudrez,Waudrez,F
belgium_city_7133,base.be,base.state_be_7,7133,58002,Buvrinnes,Buvrinnes,Buvrinnes,Buvrinnes,F
belgium_city_7134,base.be,base.state_be_7,7134,58002,Epinois,Epinois,Epinois,Epinois,F
belgium_city_7134_1,base.be,base.state_be_7,7134,58002,Levallois,Levallois,Levallois,Levallois,F
belgium_city_7134_2,base.be,base.state_be_7,7134,58002,Ressaix,Ressaix,Ressaix,Ressaix,F
belgium_city_7140,base.be,base.state_be_7,7140,58004,Morlanwelz,Morlanwelz,Morlanwelz,Morlanwelz,F
belgium_city_7140_1,base.be,base.state_be_7,7140,58004,Morlanwelz-Mariemont,Morlanwelz-Mariemont,Morlanwelz-Mariemont,Morlanwelz-Mariemont,F
belgium_city_7141,base.be,base.state_be_7,7141,58004,Carnières,Carnières,Carnières,Carnières,F
belgium_city_7141_1,base.be,base.state_be_7,7141,58004,Mont-Sainte-Aldegonde,Mont-Sainte-Aldegonde,Mont-Sainte-Aldegonde,Mont-Sainte-Aldegonde,F
belgium_city_7160,base.be,base.state_be_7,7160,52010,Chapelle-lez-Herlaimont,Chapelle-lez-Herlaimont,Chapelle-lez-Herlaimont,Chapelle-lez-Herlaimont,F
belgium_city_7160_1,base.be,base.state_be_7,7160,52010,Godarville,Godarville,Godarville,Godarville,F
belgium_city_7160_2,base.be,base.state_be_7,7160,52010,Piéton,Piéton,Piéton,Piéton,F
belgium_city_7170,base.be,base.state_be_7,7170,55086,Manage,Manage,Manage,Manage,F
belgium_city_7170_1,base.be,base.state_be_7,7170,55086,Bellecourt,Bellecourt,Bellecourt,Bellecourt,F
belgium_city_7170_2,base.be,base.state_be_7,7170,55086,Bois-d'Haine,Bois-d'Haine,Bois-d'Haine,Bois-d'Haine,F
belgium_city_7170_3,base.be,base.state_be_7,7170,55086,Fayt-lez-Manage,Fayt-lez-Manage,Fayt-lez-Manage,Fayt-lez-Manage,F
belgium_city_7170_4,base.be,base.state_be_7,7170,55086,La Hestre,La Hestre,La Hestre,La Hestre,F
belgium_city_7180,base.be,base.state_be_7,7180,55085,Seneffe,Seneffe,Seneffe,Seneffe,F
belgium_city_7181,base.be,base.state_be_7,7181,55085,Arquennes,Arquennes,Arkene,Arquennes,F
belgium_city_7181_1,base.be,base.state_be_7,7181,55085,Familleureux,Familleureux,Familleureux,Familleureux,F
belgium_city_7181_2,base.be,base.state_be_7,7181,55085,Feluy,Feluy,Feluy,Feluy,F
belgium_city_7181_3,base.be,base.state_be_7,7181,55085,Petit-Rœulx-lez-Nivelles,Petit-Rœulx-lez-Nivelles,Petit-Rœulx-lez-Nivelles,Petit-Rœulx-lez-Nivelles,F
belgium_city_7190,base.be,base.state_be_7,7190,55050,Écaussinnes,Écaussinnes,Écaussinnes,Écaussinnes,F
belgium_city_7190_1,base.be,base.state_be_7,7190,55050,Écaussinnes-d'Enghien,Écaussinnes-d'Enghien,Écaussinnes-d'Enghien,Écaussinnes-d'Enghien,F
belgium_city_7190_2,base.be,base.state_be_7,7190,55050,Écaussinnes-Lalaing,Écaussinnes-Lalaing,Écaussinnes-Lalaing,Écaussinnes-Lalaing,F
belgium_city_7191,base.be,base.state_be_7,7191,55050,Marche-lez-Écaussinnes,Marche-lez-Écaussinnes,Marche-lez-Écaussinnes,Marche-lez-Écaussinnes,F
belgium_city_7300,base.be,base.state_be_7,7300,53014,Boussu,Boussu,Boussu,Boussu,F
belgium_city_7301,base.be,base.state_be_7,7301,53014,Hornu,Hornu,Hornu,Hornu,F
belgium_city_7320,base.be,base.state_be_7,7320,51009,Bernissart,Bernissart,Bernissart,Bernissart,F
belgium_city_7321,base.be,base.state_be_7,7321,51009,Blaton,Blaton,Blaton,Blaton,F
belgium_city_7322,base.be,base.state_be_7,7322,51009,Harchies,Harchies,Harchies,Harchies,F
belgium_city_7322_1,base.be,base.state_be_7,7322,51009,Ville-Pommeroeul,Ville-Pommeroeul,Ville-Pommeroeul,Ville-Pommeroeul,F
belgium_city_7330,base.be,base.state_be_7,7330,53070,Saint-Ghislain,Saint-Ghislain,Sint-Gisleins,Saint-Ghislain,F
belgium_city_7331,base.be,base.state_be_7,7331,53070,Baudour,Baudour,Baudour,Baudour,F
belgium_city_7332,base.be,base.state_be_7,7332,53070,Neufmaison,Neufmaison,Neufmaison,Neufmaison,F
belgium_city_7332_1,base.be,base.state_be_7,7332,53070,Sirault,Sirault,Sirault,Sirault,F
belgium_city_7333,base.be,base.state_be_7,7333,53070,Tertre,Tertre,Tertre,Tertre,F
belgium_city_7334,base.be,base.state_be_7,7334,53070,Hautrage,Hautrage,Hautrage,Hautrage,F
belgium_city_7334_1,base.be,base.state_be_7,7334,53070,Villerot,Villerot,Villerot,Villerot,F
belgium_city_7340,base.be,base.state_be_7,7340,53082,Colfontaine,Colfontaine,Colfontaine,Colfontaine,F
belgium_city_7340_1,base.be,base.state_be_7,7340,53082,Pâturages,Pâturages,Pâturages,Pâturages,F
belgium_city_7340_2,base.be,base.state_be_7,7340,53082,Warquignies,Warquignies,Warquignies,Warquignies,F
belgium_city_7340_3,base.be,base.state_be_7,7340,53082,Wasmes,Wasmes,Wasmes,Wasmes,F
belgium_city_7350,base.be,base.state_be_7,7350,53039,Hensies,Hensies,Hensies,Hensies,F
belgium_city_7350_1,base.be,base.state_be_7,7350,53039,Hainin,Hainin,Hainin,Hainin,F
belgium_city_7350_2,base.be,base.state_be_7,7350,53039,Montrœul-sur-Haine,Montrœul-sur-Haine,Montrœul-sur-Haine,Montrœul-sur-Haine,F
belgium_city_7350_3,base.be,base.state_be_7,7350,53039,Thulin,Thulin,Thulin,Thulin,F
belgium_city_7370,base.be,base.state_be_7,7370,53020,Dour,Dour,Dour,Dour,F
belgium_city_7370_1,base.be,base.state_be_7,7370,53020,Blaugies,Blaugies,Blaugies,Blaugies,F
belgium_city_7370_2,base.be,base.state_be_7,7370,53020,Elouges,Elouges,Elouges,Elouges,F
belgium_city_7370_3,base.be,base.state_be_7,7370,53020,Wihéries,Wihéries,Wihéries,Wihéries,F
belgium_city_7380,base.be,base.state_be_7,7380,53068,Quiévrain,Quiévrain,Quiévrain,Quiévrain,F
belgium_city_7380_1,base.be,base.state_be_7,7380,53068,Audregnies,Audregnies,Audregnies,Audregnies,F
belgium_city_7380_2,base.be,base.state_be_7,7380,53068,Baisieux,Baisieux,Baisieux,Baisieux,F
belgium_city_7382,base.be,base.state_be_7,7382,53068,Audregnies,Audregnies,Audregnies,Audregnies,F
belgium_city_7387,base.be,base.state_be_7,7387,53083,Honnelles,Honnelles,Honnelles,Honnelles,F
belgium_city_7387_1,base.be,base.state_be_7,7387,53083,Angre,Angre,Angre,Angre,F
belgium_city_7387_2,base.be,base.state_be_7,7387,53083,Angreau,Angreau,Angreau,Angreau,F
belgium_city_7387_3,base.be,base.state_be_7,7387,53083,Athis,Athis,Athis,Athis,F
belgium_city_7387_4,base.be,base.state_be_7,7387,53083,Autreppe,Autreppe,Autreppe,Autreppe,F
belgium_city_7387_5,base.be,base.state_be_7,7387,53083,Erquennes,Erquennes,Erquennes,Erquennes,F
belgium_city_7387_6,base.be,base.state_be_7,7387,53083,Fayt-le-Franc,Fayt-le-Franc,Fayt-le-Franc,Fayt-le-Franc,F
belgium_city_7387_7,base.be,base.state_be_7,7387,53083,Marchipont,Marchipont,Marchipont,Marchipont,F
belgium_city_7387_8,base.be,base.state_be_7,7387,53083,Montignies-sur-Roc,Montignies-sur-Roc,Montignies-sur-Roc,Montignies-sur-Roc,F
belgium_city_7387_9,base.be,base.state_be_7,7387,53083,Onnezies,Onnezies,Onnezies,Onnezies,F
belgium_city_7387_10,base.be,base.state_be_7,7387,53083,Roisin,Roisin,Roisin,Roisin,F
belgium_city_7390,base.be,base.state_be_7,7390,53065,Quaregnon,Quaregnon,Quaregnon,Quaregnon,F
belgium_city_7390_1,base.be,base.state_be_7,7390,53065,Wasmuel,Wasmuel,Wasmuel,Wasmuel,F
belgium_city_7500,base.be,base.state_be_7,7500,57081,Tournai,Tournai,Doornik,Tournai,F
belgium_city_7500_1,base.be,base.state_be_7,7500,57081,Ere,Ere,Ere,Ere,F
belgium_city_7501,base.be,base.state_be_7,7501,57081,Orcq,Orcq,Orcq,Orcq,F
belgium_city_7502,base.be,base.state_be_7,7502,57081,Esplechin,Esplechin,Esplechin,Esplechin,F
belgium_city_7503,base.be,base.state_be_7,7503,57081,Froyennes,Froyennes,Froyennes,Froyennes,F
belgium_city_7504,base.be,base.state_be_7,7504,57081,Froidmont,Froidmont,Froidmont,Froidmont,F
belgium_city_7506,base.be,base.state_be_7,7506,57081,Willemeau,Willemeau,Willemeau,Willemeau,F
belgium_city_7520,base.be,base.state_be_7,7520,57081,Templeuve,Templeuve,Templeuve,Templeuve,F
belgium_city_7521,base.be,base.state_be_7,7521,57081,Chercq,Chercq,Chercq,Chercq,F
belgium_city_7522,base.be,base.state_be_7,7522,57081,Blandain,Blandain,Blandain,Blandain,F
belgium_city_7530,base.be,base.state_be_7,7530,57081,Gaurain-Ramecroix,Gaurain-Ramecroix,Gaurain-Ramecroix,Gaurain-Ramecroix,F
belgium_city_7531,base.be,base.state_be_7,7531,57081,Havinnes,Havinnes,Havinnes,Havinnes,F
belgium_city_7532,base.be,base.state_be_7,7532,57081,Beclers,Beclers,Beclers,Beclers,F
belgium_city_7533,base.be,base.state_be_7,7533,57081,Thimougies,Thimougies,Thimougies,Thimougies,F
belgium_city_7534,base.be,base.state_be_7,7534,57081,Barry,Barry,Barry,Barry,F
belgium_city_7534_1,base.be,base.state_be_7,7534,57081,Maulde,Maulde,Maulde,Maulde,F
belgium_city_7536,base.be,base.state_be_7,7536,57081,Vaulx-lez-Tournai,Vaulx-lez-Tournai,Vaulx-lez-Tournai,Vaulx-lez-Tournai,F
belgium_city_7538,base.be,base.state_be_7,7538,57081,Vezon,Vezon,Vezon,Vezon,F
belgium_city_7540,base.be,base.state_be_7,7540,57081,Kain,Kain,Kain,Kain,F
belgium_city_7540_1,base.be,base.state_be_7,7540,57081,Melles,Melles,Melles,Melles,F
belgium_city_7540_2,base.be,base.state_be_7,7540,57081,Quartes,Quartes,Quartes,Quartes,F
belgium_city_7542,base.be,base.state_be_7,7542,57081,Mont-Saint-Aubert,Mont-Saint-Aubert,Mont-Saint-Aubert,Mont-Saint-Aubert,F
belgium_city_7543,base.be,base.state_be_7,7543,57081,Mourcourt,Mourcourt,Mourcourt,Mourcourt,F
belgium_city_7548,base.be,base.state_be_7,7548,57081,Warchin,Warchin,Warchin,Warchin,F
belgium_city_7600,base.be,base.state_be_7,7600,57064,Péruwelz,Péruwelz,Péruwelz,Péruwelz,F
belgium_city_7600_1,base.be,base.state_be_7,7600,57064,Baugnies,Baugnies,Baugnies,Baugnies,F
belgium_city_7601,base.be,base.state_be_7,7601,57064,Roucourt,Roucourt,Roucourt,Roucourt,F
belgium_city_7602,base.be,base.state_be_7,7602,57064,Bury,Bury,Bury,Bury,F
belgium_city_7603,base.be,base.state_be_7,7603,57064,Bon-Secours,Bon-Secours,Bon-Secours,Bon-Secours,F
belgium_city_7604,base.be,base.state_be_7,7604,57064,Braffe,Braffe,Braffe,Braffe,F
belgium_city_7604_1,base.be,base.state_be_7,7604,57064,Brasménil,Brasménil,Brasménil,Brasménil,F
belgium_city_7604_2,base.be,base.state_be_7,7604,57064,Wasmes-Audemez-Briffoeil,Wasmes-Audemez-Briffoeil,Wasmes-Audemez-Briffoeil,Wasmes-Audemez-Briffoeil,F
belgium_city_7608,base.be,base.state_be_7,7608,57064,Wiers,Wiers,Wiers,Wiers,F
belgium_city_7610,base.be,base.state_be_7,7610,57072,Rumes,Rumes,Rumes,Rumes,F
belgium_city_7611,base.be,base.state_be_7,7611,57072,La Glanerie,La Glanerie,La Glanerie,La Glanerie,F
belgium_city_7618,base.be,base.state_be_7,7618,57072,Taintignies,Taintignies,Taintignies,Taintignies,F
belgium_city_7620,base.be,base.state_be_7,7620,57093,Brunehaut,Brunehaut,Brunehaut,Brunehaut,F
belgium_city_7620_1,base.be,base.state_be_7,7620,57093,Guignies,Guignies,Guignies,Guignies,F
belgium_city_7620_2,base.be,base.state_be_7,7620,57093,Howardries,Howardries,Howardries,Howardries,F
belgium_city_7620_3,base.be,base.state_be_7,7620,57093,Jollain-Merlin,Jollain-Merlin,Jollain-Merlin,Jollain-Merlin,F
belgium_city_7620_4,base.be,base.state_be_7,7620,57093,Wez-Velvain,Wez-Velvain,Wez-Velvain,Wez-Velvain,F
belgium_city_7621,base.be,base.state_be_7,7621,57093,Lesdain,Lesdain,Lesdain,Lesdain,F
belgium_city_7622,base.be,base.state_be_7,7622,57093,Laplaigne,Laplaigne,Laplaigne,Laplaigne,F
belgium_city_7623,base.be,base.state_be_7,7623,57093,Rongy,Rongy,Rongy,Rongy,F
belgium_city_7624,base.be,base.state_be_7,7624,57093,Hollain,Hollain,Hollain,Hollain,F
belgium_city_7640,base.be,base.state_be_7,7640,57003,Antoing,Antoing,Antoing,Antoing,F
belgium_city_7640_1,base.be,base.state_be_7,7640,57003,Maubray,Maubray,Maubray,Maubray,F
belgium_city_7640_2,base.be,base.state_be_7,7640,57003,Péronnes-lez-Antoing,Péronnes-lez-Antoing,Péronnes-bij-Antoing,Péronnes-lez-Antoing,F
belgium_city_7641,base.be,base.state_be_7,7641,57003,Bruyelle,Bruyelle,Bruyelle,Bruyelle,F
belgium_city_7642,base.be,base.state_be_7,7642,57003,Calonne,Calonne,Calonne,Calonne,F
belgium_city_7643,base.be,base.state_be_7,7643,57003,Fontenoy,Fontenoy,Fontenoy,Fontenoy,F
belgium_city_7700,base.be,base.state_be_7,7700,57096,Mouscron,Mouscron,Moeskroen,Mouscron,F
belgium_city_7711,base.be,base.state_be_7,7711,57096,Dottignies,Dottignies,Dottenijs,Dottignies,F
belgium_city_7712,base.be,base.state_be_7,7712,57096,Herseaux,Herseaux,Herseaux,Herseaux,F
belgium_city_7730,base.be,base.state_be_7,7730,57027,Estaimpuis,Estaimpuis,Steenput,Estaimpuis,F
belgium_city_7730_1,base.be,base.state_be_7,7730,57027,Bailleul,Bailleul,Baalu,Bailleul,F
belgium_city_7730_2,base.be,base.state_be_7,7730,57027,Estaimbourg,Estaimbourg,Stambroek,Estaimbourg,F
belgium_city_7730_3,base.be,base.state_be_7,7730,57027,Evregnies,Evregnies,Evergnijs,Evregnies,F
belgium_city_7730_4,base.be,base.state_be_7,7730,57027,Leers-Nord,Leers-Nord,Leers-Nord,Leers-Nord,F
belgium_city_7730_5,base.be,base.state_be_7,7730,57027,Néchin,Néchin,Néchin,Néchin,F
belgium_city_7730_6,base.be,base.state_be_7,7730,57027,Saint-Léger,Saint-Léger,Sint-Legiers,Saint-Léger,F
belgium_city_7740,base.be,base.state_be_7,7740,57062,Pecq,Pecq,Pecq,Pecq,F
belgium_city_7740_1,base.be,base.state_be_7,7740,57062,Esquelmes,Esquelmes,Esquelmes,Esquelmes,F
belgium_city_7740_2,base.be,base.state_be_7,7740,57062,Warcoing,Warcoing,Warkonje,Warcoing,F
belgium_city_7742,base.be,base.state_be_7,7742,57062,Hérinnes,Hérinnes,Herne,Hérinnes,F
belgium_city_7743,base.be,base.state_be_7,7743,57062,Obigies,Obigies,Obigies,Obigies,F
belgium_city_7750,base.be,base.state_be_7,7750,57095,Mont-de-l'Enclus,Mont-de-l'Enclus,Mont-de-l'Enclus,Mont-de-l'Enclus,F
belgium_city_7750_1,base.be,base.state_be_7,7750,57095,Amougies,Amougies,Amougies,Amougies,F
belgium_city_7750_2,base.be,base.state_be_7,7750,57095,Anserœul,Anserœul,Anserœul,Anserœul,F
belgium_city_7750_3,base.be,base.state_be_7,7750,57095,Orroir,Orroir,Orroir,Orroir,F
belgium_city_7750_4,base.be,base.state_be_7,7750,57095,Russeignies,Russeignies,Rozenaken,Russeignies,F
belgium_city_7760,base.be,base.state_be_7,7760,57018,Celles,Celles,Celles,Celles,F
belgium_city_7760_1,base.be,base.state_be_7,7760,57018,Escanaffles,Escanaffles,Schalafie,Escanaffles,F
belgium_city_7760_2,base.be,base.state_be_7,7760,57018,Molenbaix,Molenbaix,Molenbaix,Molenbaix,F
belgium_city_7760_3,base.be,base.state_be_7,7760,57018,Popuelles,Popuelles,Popuelles,Popuelles,F
belgium_city_7760_4,base.be,base.state_be_7,7760,57018,Pottes,Pottes,Pottes,Pottes,F
belgium_city_7760_5,base.be,base.state_be_7,7760,57018,Velaines,Velaines,Velaines,Velaines,F
belgium_city_7780,base.be,base.state_be_7,7780,57097,Comines-Warneton,Comines-Warneton,Komen-Waasten,Comines-Warneton,F
belgium_city_7781,base.be,base.state_be_7,7781,57097,Houthem,Houthem,Houthem,Houthem,F
belgium_city_7782,base.be,base.state_be_7,7782,57097,Ploegsteert,Ploegsteert,Ploegsteert,Ploegsteert,F
belgium_city_7783,base.be,base.state_be_7,7783,57097,Le Bizet,Le Bizet,Le Bizet,Le Bizet,F
belgium_city_7784,base.be,base.state_be_7,7784,57097,Warneton,Warneton,Waasten,Warneton,F
belgium_city_7800,base.be,base.state_be_7,7800,51004,Ath,Ath,Aat,Ath,F
belgium_city_7800_1,base.be,base.state_be_7,7800,51004,Lanquesaint,Lanquesaint,Lanquesaint,Lanquesaint,F
belgium_city_7801,base.be,base.state_be_7,7801,51004,Irchonwelz,Irchonwelz,Irchonwelz,Irchonwelz,F
belgium_city_7802,base.be,base.state_be_7,7802,51004,Ormeignies,Ormeignies,Ormeignies,Ormeignies,F
belgium_city_7803,base.be,base.state_be_7,7803,51004,Bouvignies,Bouvignies,Bouvignies,Bouvignies,F
belgium_city_7804,base.be,base.state_be_7,7804,51004,Ostiches,Ostiches,Ostiches,Ostiches,F
belgium_city_7804_1,base.be,base.state_be_7,7804,51004,Rebaix,Rebaix,Rebaix,Rebaix,F
belgium_city_7810,base.be,base.state_be_7,7810,51004,Maffle,Maffle,Maffle,Maffle,F
belgium_city_7811,base.be,base.state_be_7,7811,51004,Arbre,Arbre,Arbre,Arbre,F
belgium_city_7812,base.be,base.state_be_7,7812,51004,Houtaing,Houtaing,Houtaing,Houtaing,F
belgium_city_7812_1,base.be,base.state_be_7,7812,51004,Mainvault,Mainvault,Mainvault,Mainvault,F
belgium_city_7812_2,base.be,base.state_be_7,7812,51004,Villers-Notre-Dame,Villers-Notre-Dame,Villers-Notre-Dame,Villers-Notre-Dame,F
belgium_city_7812_3,base.be,base.state_be_7,7812,51004,Villers-Saint-Amand,Villers-Saint-Amand,Villers-Sint-Amands,Villers-Saint-Amand,F
belgium_city_7822,base.be,base.state_be_7,7822,51004,Ghislenghien,Ghislenghien,Gellingen,Ghislenghien,F
belgium_city_7822_1,base.be,base.state_be_7,7822,51004,Isières,Isières,Isières,Isières,F
belgium_city_7823,base.be,base.state_be_7,7823,51004,Meslin-l'Évêque,Meslin-l'Évêque,Meslin-l'Évêque,Meslin-l'Évêque,F
belgium_city_7830,base.be,base.state_be_7,7830,51068,Silly,Silly,Opzullik,Silly,F
belgium_city_7830_1,base.be,base.state_be_7,7830,51068,Bassilly,Bassilly,Zullik,Bassilly,F
belgium_city_7830_2,base.be,base.state_be_7,7830,51068,Fouleng,Fouleng,Fouleng,Fouleng,F
belgium_city_7830_3,base.be,base.state_be_7,7830,51068,Gondregnies,Gondregnies,Gondregnies,Gondregnies,F
belgium_city_7830_4,base.be,base.state_be_7,7830,51068,Graty,Graty,Graty,Graty,F
belgium_city_7830_5,base.be,base.state_be_7,7830,51068,Hoves,Hoves,Hove,Hoves,F
belgium_city_7830_6,base.be,base.state_be_7,7830,51068,Thoricourt,Thoricourt,Thoricourt,Thoricourt,F
belgium_city_7830_7,base.be,base.state_be_7,7830,51068,Silly,Silly,Opzullik,Silly,F
belgium_city_7850,base.be,base.state_be_7,7850,51067,Enghien,Enghien,Edingen,Enghien,F
belgium_city_7850_1,base.be,base.state_be_7,7850,51067,Marcq,Marcq,Mark,Marcq,F
belgium_city_7850_2,base.be,base.state_be_7,7850,51067,Petit-Enghien,Petit-Enghien,Lettelingen,Petit-Enghien,F
belgium_city_7860,base.be,base.state_be_7,7860,51069,Lessines,Lessines,Lessen,Lessines,F
belgium_city_7861,base.be,base.state_be_7,7861,51069,Papignies,Papignies,Papegem,Papignies,F
belgium_city_7861_1,base.be,base.state_be_7,7861,51069,Wannebecq,Wannebecq,Wannebeek,Wannebecq,F
belgium_city_7862,base.be,base.state_be_7,7862,51069,Ogy,Ogy,Woestenne,Ogy,F
belgium_city_7863,base.be,base.state_be_7,7863,51069,Ghoy,Ghoy,Ghoy,Ghoy,F
belgium_city_7864,base.be,base.state_be_7,7864,51069,Deux-Acren,Deux-Acren,Twee-Akren,Deux-Acren,F
belgium_city_7866,base.be,base.state_be_7,7866,51069,Bois-de-Lessines,Bois-de-Lessines,Lessenbos,Bois-de-Lessines,F
belgium_city_7866_1,base.be,base.state_be_7,7866,51069,Ollignies,Ollignies,Woelingen,Ollignies,F
belgium_city_7870,base.be,base.state_be_7,7870,53046,Lens,Lens,Lens,Lens,F
belgium_city_7870_1,base.be,base.state_be_7,7870,53046,Bauffe,Bauffe,Bauffe,Bauffe,F
belgium_city_7870_2,base.be,base.state_be_7,7870,53046,Cambron-Saint-Vincent,Cambron-Saint-Vincent,Cambron-Sint-Vincentius,Cambron-Saint-Vincent,F
belgium_city_7870_3,base.be,base.state_be_7,7870,53046,Lombise,Lombise,Lombise,Lombise,F
belgium_city_7870_4,base.be,base.state_be_7,7870,53046,Montignies-lez-Lens,Montignies-lez-Lens,Montignies-lez-Lens,Montignies-lez-Lens,F
belgium_city_7880,base.be,base.state_be_7,7880,51019,Flobecq,Flobecq,Vloesberg,Flobecq,F
belgium_city_7890,base.be,base.state_be_7,7890,51017,Ellezelles,Ellezelles,Elzele,Ellezelles,F
belgium_city_7890_1,base.be,base.state_be_7,7890,51017,Lahamaide,Lahamaide,Lahamaide,Lahamaide,F
belgium_city_7890_2,base.be,base.state_be_7,7890,51017,Wodecq,Wodecq,Wodeke,Wodecq,F
belgium_city_7900,base.be,base.state_be_7,7900,57094,Leuze-en-Hainaut,Leuze-en-Hainaut,Leuze-en-Hainaut,Leuze-en-Hainaut,F
belgium_city_7900_1,base.be,base.state_be_7,7900,57094,Grandmetz,Grandmetz,Grandmetz,Grandmetz,F
belgium_city_7900_2,base.be,base.state_be_7,7900,57094,Thieulain,Thieulain,Thieulain,Thieulain,F
belgium_city_7901,base.be,base.state_be_7,7901,57094,Thieulain,Thieulain,Thieulain,Thieulain,F
belgium_city_7903,base.be,base.state_be_7,7903,57094,Blicquy,Blicquy,Blicquy,Blicquy,F
belgium_city_7903_1,base.be,base.state_be_7,7903,57094,Chapelle-à-Oie,Chapelle-à-Oie,Chapelle-à-Oie,Chapelle-à-Oie,F
belgium_city_7903_2,base.be,base.state_be_7,7903,57094,Chapelle-à-Wattines,Chapelle-à-Wattines,Chapelle-à-Wattines,Chapelle-à-Wattines,F
belgium_city_7904,base.be,base.state_be_7,7904,57094,Pipaix,Pipaix,Pipaix,Pipaix,F
belgium_city_7904_1,base.be,base.state_be_7,7904,57094,Willaupuis,Willaupuis,Willaupuis,Willaupuis,F
belgium_city_7906,base.be,base.state_be_7,7906,57094,Gallaix,Gallaix,Gallaix,Gallaix,F
belgium_city_7910,base.be,base.state_be_7,7910,51065,Anvaing,Anvaing,Anvaing,Anvaing,F
belgium_city_7911,base.be,base.state_be_7,7911,51065,Frasnes-lez-Anvaing,Frasnes-lez-Anvaing,Frasnes-lez-Anvaing,Frasnes-lez-Anvaing,F
belgium_city_7911_1,base.be,base.state_be_7,7911,51065,Buissenal,Buissenal,Buissenal,Buissenal,F
belgium_city_7911_2,base.be,base.state_be_7,7911,51065,Cordes,Cordes,Cordes,Cordes,F
belgium_city_7911_3,base.be,base.state_be_7,7911,51065,Forest,Forest,Forest,Forest,F
belgium_city_7911_4,base.be,base.state_be_7,7911,51065,Hacquegnies,Hacquegnies,Hacquegnies,Hacquegnies,F
belgium_city_7911_5,base.be,base.state_be_7,7911,51065,Herquegnies,Herquegnies,Herquegnies,Herquegnies,F
belgium_city_7911_6,base.be,base.state_be_7,7911,51065,Montrœul-au-Bois,Montrœul-au-Bois,Montrœul-au-Bois,Montrœul-au-Bois,F
belgium_city_7911_7,base.be,base.state_be_7,7911,51065,Moustier,Moustier,Moustier,Moustier,F
belgium_city_7911_8,base.be,base.state_be_7,7911,51065,Oeudeghien,Oeudeghien,Oeudeghien,Oeudeghien,F
belgium_city_7911_9,base.be,base.state_be_7,7911,51065,Saint-Sauveur,Saint-Sauveur,Saint-Sauveur,Saint-Sauveur,F
belgium_city_7912,base.be,base.state_be_7,7912,51065,Dergneau,Dergneau,Dergneau,Dergneau,F
belgium_city_7912_1,base.be,base.state_be_7,7912,51065,Wattripont,Wattripont,Wattripont,Wattripont,F
belgium_city_7940,base.be,base.state_be_7,7940,51012,Brugelette,Brugelette,Brugelette,Brugelette,F
belgium_city_7940_1,base.be,base.state_be_7,7940,51012,Attre,Attre,Attre,Attre,F
belgium_city_7940_2,base.be,base.state_be_7,7940,51012,Cambron-Casteau,Cambron-Casteau,Cambron-Casteau,Cambron-Casteau,F
belgium_city_7941,base.be,base.state_be_7,7941,51012,Attre,Attre,Attre,Attre,F
belgium_city_7942,base.be,base.state_be_7,7942,51012,Mévergnies-lez-Lens,Mévergnies-lez-Lens,Mévergnies-lez-Lens,Mévergnies-lez-Lens,F
belgium_city_7943,base.be,base.state_be_7,7943,51012,Gages,Gages,Gages,Gages,F
belgium_city_7950,base.be,base.state_be_7,7950,51014,Chièvres,Chièvres,Chièvres,Chièvres,F
belgium_city_7950_1,base.be,base.state_be_7,7950,51014,Grosage,Grosage,Grosage,Grosage,F
belgium_city_7950_2,base.be,base.state_be_7,7950,51014,Huissignies,Huissignies,Huissignies,Huissignies,F
belgium_city_7950_3,base.be,base.state_be_7,7950,51014,Ladeuze,Ladeuze,Ladeuze,Ladeuze,F
belgium_city_7950_4,base.be,base.state_be_7,7950,51014,Tongre-Saint-Martin,Tongre-Saint-Martin,Sint-Maartens-Tongre,Tongre-Saint-Martin,F
belgium_city_7951,base.be,base.state_be_7,7951,51014,Tongre-Notre-Dame,Tongre-Notre-Dame,Onze-Lieve-Vrouw-Tongre,Tongre-Notre-Dame,F
belgium_city_7970,base.be,base.state_be_7,7970,51008,Belœil,Belœil,Belœil,Belœil,F
belgium_city_7971,base.be,base.state_be_7,7971,51008,Basècles,Basècles,Basècles,Basècles,F
belgium_city_7971_1,base.be,base.state_be_7,7971,51008,Ramegnies,Ramegnies,Ramegnies,Ramegnies,F
belgium_city_7971_2,base.be,base.state_be_7,7971,51008,Thumaide,Thumaide,Thumaide,Thumaide,F
belgium_city_7971_3,base.be,base.state_be_7,7971,51008,Wadelincourt,Wadelincourt,Wadelincourt,Wadelincourt,F
belgium_city_7972,base.be,base.state_be_7,7972,51008,Belœil,Belœil,Belœil,Belœil,F
belgium_city_7972_1,base.be,base.state_be_7,7972,51008,Aubechies,Aubechies,Aubechies,Aubechies,F
belgium_city_7972_2,base.be,base.state_be_7,7972,51008,Ellignies-Sainte-Anne,Ellignies-Sainte-Anne,Ellignies-Sainte-Anne,Ellignies-Sainte-Anne,F
belgium_city_7972_3,base.be,base.state_be_7,7972,51008,Quevaucamps,Quevaucamps,Quevaucamps,Quevaucamps,F
belgium_city_7973,base.be,base.state_be_7,7973,51008,Stambruges,Stambruges,Stambruges,Stambruges,F
belgium_city_8000,base.be,base.state_be_5,8000,31005,Bruges,Brugge,Brugge,Brügge,N
belgium_city_8000_1,base.be,base.state_be_5,8000,31005,Koolkerke,Koolkerke,Koolkerke,Koolkerke,N
belgium_city_8020,base.be,base.state_be_5,8020,31022,Oostkamp,Oostkamp,Oostkamp,Oostkamp,N
belgium_city_8020_1,base.be,base.state_be_5,8020,31022,Hertsberge,Hertsberge,Hertsberge,Hertsberge,N
belgium_city_8020_2,base.be,base.state_be_5,8020,31022,Ruddervoorde,Ruddervoorde,Ruddervoorde,Ruddervoorde,N
belgium_city_8020_3,base.be,base.state_be_5,8020,31022,Waardamme,Waardamme,Waardamme,Waardamme,N
belgium_city_8200,base.be,base.state_be_5,8200,31005,Sint-Andries,Saint-André,Sint-Andries,Sint-Andries,N
belgium_city_8200_1,base.be,base.state_be_5,8200,31005,Sint-Michiels,Saint-Michel,Sint-Michiels,Sint-Michiels,N
belgium_city_8210,base.be,base.state_be_5,8210,31040,Zedelgem,Zedelgem,Zedelgem,Zedelgem,N
belgium_city_8210_1,base.be,base.state_be_5,8210,31040,Loppem,Loppem,Loppem,Loppem,N
belgium_city_8210_2,base.be,base.state_be_5,8210,31040,Veldegem,Veldegem,Veldegem,Veldegem,N
belgium_city_8211,base.be,base.state_be_5,8211,31040,Aartrijke,Aartrijke,Aartrijke,Aartrijke,N
belgium_city_8300,base.be,base.state_be_5,8300,31043,Knokke-Heist,Knokke-Heist,Knokke-Heist,Knokke-Heist,N
belgium_city_8300_1,base.be,base.state_be_5,8300,31043,Knokke,Knokke,Knokke,Knokke,N
belgium_city_8300_2,base.be,base.state_be_5,8300,31043,Westkapelle,Westkapelle,Westkapelle,Westkapelle,N
belgium_city_8301,base.be,base.state_be_5,8301,31043,Heist-aan-Zee,Heist-sur-Mer,Heist-aan-Zee,Heist-aan-Zee,N
belgium_city_8301_1,base.be,base.state_be_5,8301,31043,Ramskapelle,Ramskapelle,Ramskapelle,Ramskapelle,N
belgium_city_8310,base.be,base.state_be_5,8310,31005,Assebroek,Assebroek,Assebroek,Assebroek,N
belgium_city_8310_1,base.be,base.state_be_5,8310,31005,Sint-Kruis,Sainte-Croix,Sint-Kruis,Sint-Kruis,N
belgium_city_8340,base.be,base.state_be_5,8340,31006,Damme,Damme,Damme,Damme,N
belgium_city_8340_1,base.be,base.state_be_5,8340,31006,Hoeke,Hoeke,Hoeke,Hoeke,N
belgium_city_8340_2,base.be,base.state_be_5,8340,31006,Lapscheure,Lapscheure,Lapscheure,Lapscheure,N
belgium_city_8340_3,base.be,base.state_be_5,8340,31006,Moerkerke,Moerkerke,Moerkerke,Moerkerke,N
belgium_city_8340_4,base.be,base.state_be_5,8340,31006,Oostkerke,Oostkerke,Oostkerke,Oostkerke,N
belgium_city_8340_5,base.be,base.state_be_5,8340,31006,Sijsele,Sijsele,Sijsele,Sijsele,N
belgium_city_8370,base.be,base.state_be_5,8370,31004,Blankenberge,Blankenberghe,Blankenberge,Blankenberge,N
belgium_city_8370_1,base.be,base.state_be_5,8370,31004,Uitkerke,Uitkerke,Uitkerke,Uitkerke,N
belgium_city_8377,base.be,base.state_be_5,8377,31042,Zuienkerke,Zuyenkerque,Zuienkerke,Zuienkerke,N
belgium_city_8377_1,base.be,base.state_be_5,8377,31042,Meetkerke,Meetkerke,Meetkerke,Meetkerke,N
belgium_city_8377_2,base.be,base.state_be_5,8377,31042,Nieuwmunster,Nieuwmunster,Nieuwmunster,Nieuwmunster,N
belgium_city_8377_3,base.be,base.state_be_5,8377,31042,Houtave,Houtave,Houtave,Houtave,N
belgium_city_8380,base.be,base.state_be_5,8380,31005,Dudzele,Dudzele,Dudzele,Dudzele,N
belgium_city_8380_1,base.be,base.state_be_5,8380,31005,Lissewege,Lissewege,Lissewege,Lissewege,N
belgium_city_8380_2,base.be,base.state_be_5,8380,31005,Zeebrugge,Zeebruges,Zeebrugge,Zeebrugge,N
belgium_city_8400,base.be,base.state_be_5,8400,35013,Ostend,Ostende,Oostende,Ostende,N
belgium_city_8400_1,base.be,base.state_be_5,8400,35013,Zandvoorde,Zandvoorde,Zandvoorde,Zandvoorde,N
belgium_city_8420,base.be,base.state_be_5,8420,35029,De Haan,Le Coq,De Haan,De Haan,N
belgium_city_8420_1,base.be,base.state_be_5,8420,35029,Klemskerke,Klemskerke,Klemskerke,Klemskerke,N
belgium_city_8420_2,base.be,base.state_be_5,8420,35029,Vlissegem,Vlissegem,Vlissegem,Vlissegem,N
belgium_city_8421,base.be,base.state_be_5,8421,35029,Wenduine,Wenduine,Wenduine,Wenduine,N
belgium_city_8430,base.be,base.state_be_5,8430,35011,Middelkerke,Middelkerke,Middelkerke,Middelkerke,N
belgium_city_8431,base.be,base.state_be_5,8431,35011,Wilskerke,Wilskerke,Wilskerke,Wilskerke,N
belgium_city_8432,base.be,base.state_be_5,8432,35011,Leffinge,Leffinge,Leffinge,Leffinge,N
belgium_city_8433,base.be,base.state_be_5,8433,35011,Slijpe,Slijpe,Slijpe,Slijpe,N
belgium_city_8433_1,base.be,base.state_be_5,8433,35011,Sint-Pieters-Kapelle,Saint-Pierre-Capelle,Sint-Pieters-Kapelle,Sint-Pieters-Kapelle,N
belgium_city_8434,base.be,base.state_be_5,8434,35011,Lombardsijde,Lombartzide,Lombardsijde,Lombardsijde,N
belgium_city_8434_1,base.be,base.state_be_5,8434,35011,Westende,Westende,Westende,Westende,N
belgium_city_8450,base.be,base.state_be_5,8450,35002,Bredene,Bredene,Bredene,Bredene,N
belgium_city_8460,base.be,base.state_be_5,8460,35014,Oudenburg,Audembourg,Oudenburg,Oudenburg,N
belgium_city_8460_1,base.be,base.state_be_5,8460,35014,Ettelgem,Ettelgem,Ettelgem,Ettelgem,N
belgium_city_8460_2,base.be,base.state_be_5,8460,35014,Roksem,Roksem,Roksem,Roksem,N
belgium_city_8460_3,base.be,base.state_be_5,8460,35014,Westkerke,Westkerke,Westkerke,Westkerke,N
belgium_city_8470,base.be,base.state_be_5,8470,35005,Gistel,Gistel,Gistel,Gistel,N
belgium_city_8470_1,base.be,base.state_be_5,8470,35005,Moere,Moere,Moere,Moere,N
belgium_city_8470_2,base.be,base.state_be_5,8470,35005,Snaaskerke,Snaaskerke,Snaaskerke,Snaaskerke,N
belgium_city_8470_3,base.be,base.state_be_5,8470,35005,Zevekote,Zevekote,Zevekote,Zevekote,N
belgium_city_8480,base.be,base.state_be_5,8480,35006,Ichtegem,Ichtegem,Ichtegem,Ichtegem,N
belgium_city_8480_1,base.be,base.state_be_5,8480,35006,Eernegem,Eernegem,Eernegem,Eernegem,N
belgium_city_8480_2,base.be,base.state_be_5,8480,35006,Bekegem,Bekegem,Bekegem,Bekegem,N
belgium_city_8490,base.be,base.state_be_5,8490,31012,Jabbeke,Jabbeke,Jabbeke,Jabbeke,N
belgium_city_8490_1,base.be,base.state_be_5,8490,31012,Snellegem,Snellegem,Snellegem,Snellegem,N
belgium_city_8490_2,base.be,base.state_be_5,8490,31012,Stalhille,Stalhille,Stalhille,Stalhille,N
belgium_city_8490_3,base.be,base.state_be_5,8490,31012,Varsenare,Varsenare,Varsenare,Varsenare,N
belgium_city_8490_4,base.be,base.state_be_5,8490,31012,Zerkegem,Zerkegem,Zerkegem,Zerkegem,N
belgium_city_8500,base.be,base.state_be_5,8500,34022,Kortrijk,Courtrai,Kortrijk,Kortrijk,N
belgium_city_8501,base.be,base.state_be_5,8501,34022,Heule,Heule,Heule,Heule,N
belgium_city_8501_1,base.be,base.state_be_5,8501,34022,Bissegem,Bissegem,Bissegem,Bissegem,N
belgium_city_8510,base.be,base.state_be_5,8510,34022,Bellegem,Bellegem,Bellegem,Bellegem,N
belgium_city_8510_1,base.be,base.state_be_5,8510,34022,Kooigem,Cooghem,Kooigem,Kooigem,N
belgium_city_8510_2,base.be,base.state_be_5,8510,34022,Marke,Marke,Marke,Marke,N
belgium_city_8510_3,base.be,base.state_be_5,8510,34022,Rollegem,Rollegem,Rollegem,Rollegem,N
belgium_city_8511,base.be,base.state_be_5,8511,34022,Aalbeke,Aalbeke,Aalbeke,Aalbeke,N
belgium_city_8520,base.be,base.state_be_5,8520,34023,Kuurne,Cuerne,Kuurne,Kuurne,N
belgium_city_8530,base.be,base.state_be_5,8530,34013,Harelbeke,Harelbeke,Harelbeke,Harelbeke,N
belgium_city_8531,base.be,base.state_be_5,8531,34013,Bavikhove,Bavikhove,Bavikhove,Bavikhove,N
belgium_city_8531_1,base.be,base.state_be_5,8531,34013,Hulste,Hulste,Hulste,Hulste,N
belgium_city_8540,base.be,base.state_be_5,8540,34009,Deerlijk,Deerlijk,Deerlijk,Deerlijk,N
belgium_city_8550,base.be,base.state_be_5,8550,34042,Zwevegem,Zwevegem,Zwevegem,Zwevegem,N
belgium_city_8551,base.be,base.state_be_5,8551,34042,Heestert,Heestert,Heestert,Heestert,N
belgium_city_8552,base.be,base.state_be_5,8552,34042,Moen,Moen,Moen,Moen,N
belgium_city_8553,base.be,base.state_be_5,8553,34042,Otegem,Otegem,Otegem,Otegem,N
belgium_city_8554,base.be,base.state_be_5,8554,34042,Sint-Denijs,Saint-Genois,Sint-Denijs,Sint-Denijs,N
belgium_city_8560,base.be,base.state_be_5,8560,34041,Wevelgem,Wevelgem,Wevelgem,Wevelgem,N
belgium_city_8560_1,base.be,base.state_be_5,8560,34041,Gullegem,Gullegem,Gullegem,Gullegem,N
belgium_city_8560_2,base.be,base.state_be_5,8560,34041,Moorsele,Moorsele,Moorsele,Moorsele,N
belgium_city_8570,base.be,base.state_be_5,8570,34002,Anzegem,Anzegem,Anzegem,Anzegem,N
belgium_city_8570_1,base.be,base.state_be_5,8570,34002,Gijzelbrechtegem,Gijzelbrechtegem,Gijzelbrechtegem,Gijzelbrechtegem,N
belgium_city_8570_2,base.be,base.state_be_5,8570,34002,Ingooigem,Ingooigem,Ingooigem,Ingooigem,N
belgium_city_8570_3,base.be,base.state_be_5,8570,34002,Vichte,Vichte,Vichte,Vichte,N
belgium_city_8572,base.be,base.state_be_5,8572,34002,Kaster,Kaster,Kaster,Kaster,N
belgium_city_8573,base.be,base.state_be_5,8573,34002,Tiegem,Tiegem,Tiegem,Tiegem,N
belgium_city_8580,base.be,base.state_be_5,8580,34003,Avelgem,Avelghem,Avelgem,Avelgem,N
belgium_city_8581,base.be,base.state_be_5,8581,34003,Kerkhove,Kerkhove,Kerkhove,Kerkhove,N
belgium_city_8581_1,base.be,base.state_be_5,8581,34003,Waarmaarde,Waarmaarde,Waarmaarde,Waarmaarde,N
belgium_city_8582,base.be,base.state_be_5,8582,34003,Outrijve,Outrijve,Outrijve,Outrijve,N
belgium_city_8583,base.be,base.state_be_5,8583,34003,Bossuit,Bossuyt,Bossuit,Bossuit,N
belgium_city_8587,base.be,base.state_be_5,8587,34043,Spiere-Helkijn,Espierres-Helchin,Spiere-Helkijn,Spiere-Helkijn,N
belgium_city_8600,base.be,base.state_be_5,8600,32003,Diksmuide,Dixmude,Diksmuide,Diksmuide,N
belgium_city_8600_1,base.be,base.state_be_5,8600,32003,Beerst,Beerst,Beerst,Beerst,N
belgium_city_8600_2,base.be,base.state_be_5,8600,32003,Esen,Esen,Esen,Esen,N
belgium_city_8600_3,base.be,base.state_be_5,8600,32003,Kaaskerke,Caeskerke,Kaaskerke,Kaaskerke,N
belgium_city_8600_4,base.be,base.state_be_5,8600,32003,Keiem,Keyem,Keiem,Keiem,N
belgium_city_8600_5,base.be,base.state_be_5,8600,32003,Lampernisse,Lampernisse,Lampernisse,Lampernisse,N
belgium_city_8600_6,base.be,base.state_be_5,8600,32003,Leke,Leke,Leke,Leke,N
belgium_city_8600_7,base.be,base.state_be_5,8600,32003,Nieuwkapelle,Nieukapelle,Nieuwkapelle,Nieuwkapelle,N
belgium_city_8600_8,base.be,base.state_be_5,8600,32003,Oostkerke,Oostkerke,Oostkerke,Oostkerke,N
belgium_city_8600_9,base.be,base.state_be_5,8600,32003,Oudekapelle,Oudekapelle,Oudekapelle,Oudekapelle,N
belgium_city_8600_10,base.be,base.state_be_5,8600,32003,Pervijze,Pervyse,Pervijze,Pervijze,N
belgium_city_8600_11,base.be,base.state_be_5,8600,32003,Sint-Jacobskapelle,Saint-Jacques-Capelle,Sint-Jacobskapelle,Sint-Jacobskapelle,N
belgium_city_8600_12,base.be,base.state_be_5,8600,32003,Stuivekenskerke,Stuivekenskerke,Stuivekenskerke,Stuivekenskerke,N
belgium_city_8600_13,base.be,base.state_be_5,8600,32003,Vladslo,Vladslo,Vladslo,Vladslo,N
belgium_city_8600_14,base.be,base.state_be_5,8600,32003,Woumen,Woumen,Woumen,Woumen,N
belgium_city_8610,base.be,base.state_be_5,8610,32011,Kortemark,Kortemark,Kortemark,Kortemark,N
belgium_city_8610_1,base.be,base.state_be_5,8610,32011,Handzame,Handzame,Handzame,Handzame,N
belgium_city_8610_2,base.be,base.state_be_5,8610,32011,Werken,Werken,Werken,Werken,N
belgium_city_8610_3,base.be,base.state_be_5,8610,32011,Zarren,Zarren,Zarren,Zarren,N
belgium_city_8620,base.be,base.state_be_5,8620,38016,Nieuwpoort,Nieuport,Nieuwpoort,Nieuwpoort,N
belgium_city_8620_1,base.be,base.state_be_5,8620,38016,Ramskapelle,Ramskapelle,Ramskapelle,Ramskapelle,N
belgium_city_8620_2,base.be,base.state_be_5,8620,38016,Sint-Joris,Saint-Georges,Sint-Joris,Sint-Joris,N
belgium_city_8630,base.be,base.state_be_5,8630,38025,Veurne,Furnes,Veurne,Veurne,N
belgium_city_8630_1,base.be,base.state_be_5,8630,38025,Avekapelle,Avekapelle,Avekapelle,Avekapelle,N
belgium_city_8630_2,base.be,base.state_be_5,8630,38025,Booitshoeke,Booitshoeke,Booitshoeke,Booitshoeke,N
belgium_city_8630_3,base.be,base.state_be_5,8630,38025,Bulskamp,Bulskamp,Bulskamp,Bulskamp,N
belgium_city_8630_4,base.be,base.state_be_5,8630,38025,Eggewaartskapelle,Eggewaartskapelle,Eggewaartskapelle,Eggewaartskapelle,N
belgium_city_8630_5,base.be,base.state_be_5,8630,38025,Houtem,Houtem,Houtem,Houtem,N
belgium_city_8630_6,base.be,base.state_be_5,8630,38025,Steenkerke,Steenkerke,Steenkerke,Steenkerke,N
belgium_city_8630_7,base.be,base.state_be_5,8630,38025,Wulveringem,Wulveringem,Wulveringem,Wulveringem,N
belgium_city_8630_8,base.be,base.state_be_5,8630,38025,Zoutenaaie,Zoutenaaie,Zoutenaaie,Zoutenaaie,N
belgium_city_8640,base.be,base.state_be_5,8640,33041,Vleteren,Vleteren,Vleteren,Vleteren,N
belgium_city_8640_1,base.be,base.state_be_5,8640,33041,Oostvleteren,Oostvleteren,Oostvleteren,Oostvleteren,N
belgium_city_8640_2,base.be,base.state_be_5,8640,33041,Westvleteren,Westvleteren,Westvleteren,Westvleteren,N
belgium_city_8640_3,base.be,base.state_be_5,8640,33041,Woesten,Woesten,Woesten,Woesten,N
belgium_city_8647,base.be,base.state_be_5,8647,32030,Lo-Reninge,Lo-Reninge,Lo-Reninge,Lo-Reninge,N
belgium_city_8647_1,base.be,base.state_be_5,8647,32030,Lo,Lo,Lo,Lo,N
belgium_city_8647_2,base.be,base.state_be_5,8647,32030,Noordschote,Noordschote,Noordschote,Noordschote,N
belgium_city_8647_3,base.be,base.state_be_5,8647,32030,Pollinkhove,Pollinkhove,Pollinkhove,Pollinkhove,N
belgium_city_8647_4,base.be,base.state_be_5,8647,32030,Reninge,Reninge,Reninge,Reninge,N
belgium_city_8650,base.be,base.state_be_5,8650,32006,Houthulst,Houthulst,Houthulst,Houthulst,N
belgium_city_8650_1,base.be,base.state_be_5,8650,32006,Klerken,Klerken,Klerken,Klerken,N
belgium_city_8650_2,base.be,base.state_be_5,8650,32006,Merkem,Merkem,Merkem,Merkem,N
belgium_city_8660,base.be,base.state_be_5,8660,38008,De Panne,La Panne,De Panne,De Panne,N
belgium_city_8660_1,base.be,base.state_be_5,8660,38008,Adinkerke,Adinkerke,Adinkerke,Adinkerke,N
belgium_city_8670,base.be,base.state_be_5,8670,38014,Koksijde,Coxyde,Koksijde,Koksijde,N
belgium_city_8670_1,base.be,base.state_be_5,8670,38014,Oostduinkerke,Oostduinkerke,Oostduinkerke,Oostduinkerke,N
belgium_city_8670_2,base.be,base.state_be_5,8670,38014,Wulpen,Wulpen,Wulpen,Wulpen,N
belgium_city_8680,base.be,base.state_be_5,8680,32010,Koekelare,Koekelare,Koekelare,Koekelare,N
belgium_city_8680_1,base.be,base.state_be_5,8680,32010,Bovekerke,Bovekerke,Bovekerke,Bovekerke,N
belgium_city_8680_2,base.be,base.state_be_5,8680,32010,Zande,Zande,Zande,Zande,N
belgium_city_8690,base.be,base.state_be_5,8690,38002,Alveringem,Alveringem,Alveringem,Alveringem,N
belgium_city_8690_1,base.be,base.state_be_5,8690,38002,Hoogstade,Hoogstade,Hoogstade,Hoogstade,N
belgium_city_8690_2,base.be,base.state_be_5,8690,38002,Oeren,Oeren,Oeren,Oeren,N
belgium_city_8690_3,base.be,base.state_be_5,8690,38002,Sint-Rijkers,Saint-Ricquier,Sint-Rijkers,Sint-Rijkers,N
belgium_city_8691,base.be,base.state_be_5,8691,38002,Beveren-aan-den-IJzer,Beveren-sur-l'Yser,Beveren-aan-den-IJzer,Beveren-aan-den-IJzer,N
belgium_city_8691_1,base.be,base.state_be_5,8691,38002,Gijverinkhove,Gijverinkhove,Gijverinkhove,Gijverinkhove,N
belgium_city_8691_2,base.be,base.state_be_5,8691,38002,Izenberge,Izenberge,Izenberge,Izenberge,N
belgium_city_8691_3,base.be,base.state_be_5,8691,38002,Leisele,Leisele,Leisele,Leisele,N
belgium_city_8691_4,base.be,base.state_be_5,8691,38002,Stavele,Stavele,Stavele,Stavele,N
belgium_city_8700,base.be,base.state_be_5,8700,37022,Tielt,Tielt,Tielt,Tielt,N
belgium_city_8700_1,base.be,base.state_be_5,8700,37022,Aarsele,Aarsele,Aarsele,Aarsele,N
belgium_city_8700_2,base.be,base.state_be_5,8700,37022,Kanegem,Kanegem,Kanegem,Kanegem,N
belgium_city_8700_3,base.be,base.state_be_5,8700,37022,Schuiferskapelle,Schuiferskapelle,Schuiferskapelle,Schuiferskapelle,N
belgium_city_8710,base.be,base.state_be_5,8710,37017,Wielsbeke,Wielsbeke,Wielsbeke,Wielsbeke,N
belgium_city_8710_1,base.be,base.state_be_5,8710,37017,Ooigem,Ooigem,Ooigem,Ooigem,N
belgium_city_8710_2,base.be,base.state_be_5,8710,37017,Sint-Baafs-Vijve,Vive-Saint-Bavon,Sint-Baafs-Vijve,Sint-Baafs-Vijve,N
belgium_city_8720,base.be,base.state_be_5,8720,37002,Dentergem,Dentergem,Dentergem,Dentergem,N
belgium_city_8720_1,base.be,base.state_be_5,8720,37002,Markegem,Markegem,Markegem,Markegem,N
belgium_city_8720_2,base.be,base.state_be_5,8720,37002,Oeselgem,Oeselgem,Oeselgem,Oeselgem,N
belgium_city_8720_3,base.be,base.state_be_5,8720,37002,Wakken,Wakken,Wakken,Wakken,N
belgium_city_8730,base.be,base.state_be_5,8730,31003,Beernem,Beernem,Beernem,Beernem,N
belgium_city_8730_1,base.be,base.state_be_5,8730,31003,Oedelem,Oedelem,Oedelem,Oedelem,N
belgium_city_8730_2,base.be,base.state_be_5,8730,31003,Sint-Joris,Saint-Georges,Sint-Joris,Sint-Joris,N
belgium_city_8740,base.be,base.state_be_5,8740,37011,Pittem,Pittem,Pittem,Pittem,N
belgium_city_8740_1,base.be,base.state_be_5,8740,37011,Egem,Egem,Egem,Egem,N
belgium_city_8750,base.be,base.state_be_5,8750,37021,Wingene,Wingene,Wingene,Wingene,N
belgium_city_8750_1,base.be,base.state_be_5,8750,37021,Zwevezele,Zwevezele,Zwevezele,Zwevezele,N
belgium_city_8770,base.be,base.state_be_5,8770,36007,Ingelmunster,Ingelmunster,Ingelmunster,Ingelmunster,N
belgium_city_8780,base.be,base.state_be_5,8780,37010,Oostrozebeke,Oostrozebeke,Oostrozebeke,Oostrozebeke,N
belgium_city_8790,base.be,base.state_be_5,8790,34040,Waregem,Waregem,Waregem,Waregem,N
belgium_city_8791,base.be,base.state_be_5,8791,34040,Beveren,Beveren,Beveren,Beveren,N
belgium_city_8792,base.be,base.state_be_5,8792,34040,Desselgem,Desselgem,Desselgem,Desselgem,N
belgium_city_8793,base.be,base.state_be_5,8793,34040,Sint-Eloois-Vijve,Vive-Saint-Eloi,Sint-Eloois-Vijve,Sint-Eloois-Vijve,N
belgium_city_8800,base.be,base.state_be_5,8800,36015,Roeselare,Roulers,Roeselare,Roeselare,N
belgium_city_8800_1,base.be,base.state_be_5,8800,36015,Beveren,Beveren,Beveren,Beveren,N
belgium_city_8800_2,base.be,base.state_be_5,8800,36015,Oekene,Oekene,Oekene,Oekene,N
belgium_city_8800_3,base.be,base.state_be_5,8800,36015,Rumbeke,Rumbeke,Rumbeke,Rumbeke,N
belgium_city_8810,base.be,base.state_be_5,8810,36011,Lichtervelde,Lichtervelde,Lichtervelde,Lichtervelde,N
belgium_city_8820,base.be,base.state_be_5,8820,31033,Torhout,Thourout,Torhout,Torhout,N
belgium_city_8830,base.be,base.state_be_5,8830,36006,Hooglede,Hooglede,Hooglede,Hooglede,N
belgium_city_8830_1,base.be,base.state_be_5,8830,36006,Gits,Gits,Gits,Gits,N
belgium_city_8840,base.be,base.state_be_5,8840,36019,Staden,Staden,Staden,Staden,N
belgium_city_8840_1,base.be,base.state_be_5,8840,36019,Oostnieuwkerke,Oostnieuwkerke,Oostnieuwkerke,Oostnieuwkerke,N
belgium_city_8840_2,base.be,base.state_be_5,8840,36019,Westrozebeke,Westrozebeke,Westrozebeke,Westrozebeke,N
belgium_city_8850,base.be,base.state_be_5,8850,37020,Ardooie,Ardooie,Ardooie,Ardooie,N
belgium_city_8851,base.be,base.state_be_5,8851,37020,Koolskamp,Koolskamp,Koolskamp,Koolskamp,N
belgium_city_8860,base.be,base.state_be_5,8860,34025,Lendelede,Lendelede,Lendelede,Lendelede,N
belgium_city_8870,base.be,base.state_be_5,8870,36008,Izegem,Izegem,Izegem,Izegem,N
belgium_city_8870_1,base.be,base.state_be_5,8870,36008,Emelgem,Emelgem,Emelgem,Emelgem,N
belgium_city_8870_2,base.be,base.state_be_5,8870,36008,Kachtem,Kachtem,Kachtem,Kachtem,N
belgium_city_8880,base.be,base.state_be_5,8880,36010,Ledegem,Ledegem,Ledegem,Ledegem,N
belgium_city_8880_1,base.be,base.state_be_5,8880,36010,Rollegem-Kapelle,Rollegem-Kapelle,Rollegem-Kapelle,Rollegem-Kapelle,N
belgium_city_8880_2,base.be,base.state_be_5,8880,36010,Sint-Eloois-Winkel,Sint-Eloois-Winkel,Sint-Eloois-Winkel,Sint-Eloois-Winkel,N
belgium_city_8890,base.be,base.state_be_5,8890,36012,Moorslede,Moorslede,Moorslede,Moorslede,N
belgium_city_8890_1,base.be,base.state_be_5,8890,36012,Dadizele,Dadizele,Dadizele,Dadizele,N
belgium_city_8900,base.be,base.state_be_5,8900,33011,Ypres,Ypres,Ieper,Ypern,N
belgium_city_8900_1,base.be,base.state_be_5,8900,33011,Brielen,Brielen,Brielen,Brielen,N
belgium_city_8900_2,base.be,base.state_be_5,8900,33011,Dikkebus,Dikkebus,Dikkebus,Dikkebus,N
belgium_city_8902,base.be,base.state_be_5,8902,33011,Hollebeke,Hollebeke,Hollebeke,Hollebeke,N
belgium_city_8902_1,base.be,base.state_be_5,8902,33011,Voormezele,Voormezele,Voormezele,Voormezele,N
belgium_city_8902_2,base.be,base.state_be_5,8902,33011,Zillebeke,Zillebeke,Zillebeke,Zillebeke,N
belgium_city_8904,base.be,base.state_be_5,8904,33011,Boezinge,Boezinge,Boezinge,Boezinge,N
belgium_city_8904_1,base.be,base.state_be_5,8904,33011,Zuidschote,Zuidschote,Zuidschote,Zuidschote,N
belgium_city_8906,base.be,base.state_be_5,8906,33011,Elverdinge,Elverdinge,Elverdinge,Elverdinge,N
belgium_city_8908,base.be,base.state_be_5,8908,33011,Vlamertinge,Vlamertinge,Vlamertinge,Vlamertinge,N
belgium_city_8920,base.be,base.state_be_5,8920,33040,Langemark-Poelkapelle,Langemark-Poelkapelle,Langemark-Poelkapelle,Langemark-Poelkapelle,N
belgium_city_8920_1,base.be,base.state_be_5,8920,33040,Bikschote,Bikschote,Bikschote,Bikschote,N
belgium_city_8920_2,base.be,base.state_be_5,8920,33040,Langemark,Langemark,Langemark,Langemark,N
belgium_city_8920_3,base.be,base.state_be_5,8920,33040,Poelkapelle,Poelkapelle,Poelkapelle,Poelkapelle,N
belgium_city_8930,base.be,base.state_be_5,8930,34027,Menen,Menin,Menen,Menen,N
belgium_city_8930_1,base.be,base.state_be_5,8930,34027,Lauwe,Lauwe,Lauwe,Lauwe,N
belgium_city_8930_2,base.be,base.state_be_5,8930,34027,Rekkem,Rekkem,Rekkem,Rekkem,N
belgium_city_8940,base.be,base.state_be_5,8940,33029,Wervik,Wervicq,Wervik,Wervik,N
belgium_city_8940_1,base.be,base.state_be_5,8940,33029,Geluwe,Geluwe,Geluwe,Geluwe,N
belgium_city_8950,base.be,base.state_be_5,8950,33039,Heuvelland,Heuvelland,Heuvelland,Heuvelland,N
belgium_city_8950_1,base.be,base.state_be_5,8950,33039,Nieuwkerke,Neuve-Église,Nieuwkerke,Nieuwkerke,N
belgium_city_8951,base.be,base.state_be_5,8951,33039,Dranouter,Dranouter,Dranouter,Dranouter,N
belgium_city_8952,base.be,base.state_be_5,8952,33039,Messines,Messines,Mesen,Messines,N
belgium_city_8953,base.be,base.state_be_5,8953,33039,Wijtschate,Wytschaete,Wijtschate,Wijtschate,N
belgium_city_8954,base.be,base.state_be_5,8954,33039,Westouter,Westouter,Westouter,Westouter,N
belgium_city_8956,base.be,base.state_be_5,8956,33039,Kemmel,Kemmel,Kemmel,Kemmel,N
belgium_city_8957,base.be,base.state_be_5,8957,33016,Messines,Messines,Mesen,Messines,N
belgium_city_8958,base.be,base.state_be_5,8958,33039,Loker,Loker,Loker,Loker,N
belgium_city_8970,base.be,base.state_be_5,8970,33021,Poperinge,Poperinghe,Poperinge,Poperinge,N
belgium_city_8970_1,base.be,base.state_be_5,8970,33021,Reningelst,Reningelst,Reningelst,Reningelst,N
belgium_city_8972,base.be,base.state_be_5,8972,33021,Krombeke,Krombeke,Krombeke,Krombeke,N
belgium_city_8972_1,base.be,base.state_be_5,8972,33021,Proven,Proven,Proven,Proven,N
belgium_city_8972_2,base.be,base.state_be_5,8972,33021,Roesbrugge-Haringe,Roesbrugge-Haringe,Roesbrugge-Haringe,Roesbrugge-Haringe,N
belgium_city_8978,base.be,base.state_be_5,8978,33021,Watou,Watou,Watou,Watou,N
belgium_city_8980,base.be,base.state_be_5,8980,33037,Zonnebeke,Zonnebeke,Zonnebeke,Zonnebeke,N
belgium_city_8980_1,base.be,base.state_be_5,8980,33037,Beselare,Beselare,Beselare,Beselare,N
belgium_city_8980_2,base.be,base.state_be_5,8980,33037,Geluveld,Geluveld,Geluveld,Geluveld,N
belgium_city_8980_3,base.be,base.state_be_5,8980,33037,Passendale,Passendale,Passendale,Passendale,N
belgium_city_8980_4,base.be,base.state_be_5,8980,33037,Zandvoorde,Zandvoorde,Zandvoorde,Zandvoorde,N
belgium_city_9000,base.be,base.state_be_3,9000,44021,Ghent,Gand,Gent,Gent,N
belgium_city_9030,base.be,base.state_be_3,9030,44021,Mariakerke,Mariakerke,Mariakerke,Mariakerke,N
belgium_city_9031,base.be,base.state_be_3,9031,44021,Drongen,Tronchiennes,Drongen,Drongen,N
belgium_city_9032,base.be,base.state_be_3,9032,44021,Wondelgem,Wondelgem,Wondelgem,Wondelgem,N
belgium_city_9040,base.be,base.state_be_3,9040,44021,Sint-Amandsberg,Mont-Saint-Amand,Sint-Amandsberg,Sint-Amandsberg,N
belgium_city_9041,base.be,base.state_be_3,9041,44021,Oostakker,Oostakker,Oostakker,Oostakker,N
belgium_city_9042,base.be,base.state_be_3,9042,44021,Desteldonk,Desteldonk,Desteldonk,Desteldonk,N
belgium_city_9042_1,base.be,base.state_be_3,9042,44021,Mendonk,Mendonk,Mendonk,Mendonk,N
belgium_city_9042_2,base.be,base.state_be_3,9042,44021,Sint-Kruis-Winkel,Sint-Kruis-Winkel,Sint-Kruis-Winkel,Sint-Kruis-Winkel,N
belgium_city_9050,base.be,base.state_be_3,9050,44021,Gentbrugge,Gentbrugge,Gentbrugge,Gentbrugge,N
belgium_city_9050_1,base.be,base.state_be_3,9050,44021,Ledeberg,Ledeberg,Ledeberg,Ledeberg,N
belgium_city_9051,base.be,base.state_be_3,9051,44021,Afsnee,Afsnee,Afsnee,Afsnee,N
belgium_city_9051_1,base.be,base.state_be_3,9051,44021,Sint-Denijs-Westrem,Saint-Denis-Westrem,Sint-Denijs-Westrem,Sint-Denijs-Westrem,N
belgium_city_9052,base.be,base.state_be_3,9052,44021,Zwijnaarde,Zwijnaarde,Zwijnaarde,Zwijnaarde,N
belgium_city_9060,base.be,base.state_be_3,9060,43018,Zelzate,Zelzate,Zelzate,Zelzate,N
belgium_city_9070,base.be,base.state_be_3,9070,44013,Destelbergen,Destelbergen,Destelbergen,Destelbergen,N
belgium_city_9070_1,base.be,base.state_be_3,9070,44013,Heusden,Heusden,Heusden,Heusden,N
belgium_city_9080,base.be,base.state_be_3,9080,44087,Lochristi,Lochristi,Lochristi,Lochristi,N
belgium_city_9080_1,base.be,base.state_be_3,9080,44087,Beervelde,Beervelde,Beervelde,Beervelde,N
belgium_city_9080_2,base.be,base.state_be_3,9080,44087,Zaffelare,Zaffelare,Zaffelare,Zaffelare,N
belgium_city_9080_3,base.be,base.state_be_3,9080,44087,Zeveneken,Zeveneken,Zeveneken,Zeveneken,N
belgium_city_9090,base.be,base.state_be_3,9090,44043,Melle,Melle,Melle,Melle,
belgium_city_9090_1,base.be,base.state_be_3,9090,44043,Gontrode,Gontrode,Gontrode,Gontrode,
belgium_city_9100,base.be,base.state_be_3,9100,46021,Sint-Niklaas,Saint-Nicolas,Sint-Niklaas,Sint-Niklaas,N
belgium_city_9100_1,base.be,base.state_be_3,9100,46021,Nieuwkerken-Waas,Nieuwkerken-Waas,Nieuwkerken-Waas,Nieuwkerken-Waas,N
belgium_city_9111,base.be,base.state_be_3,9111,46021,Belsele,Belsele,Belsele,Belsele,N
belgium_city_9112,base.be,base.state_be_3,9112,46021,Sinaai-Waas,Sinay,Sinaai-Waas,Sinaai-Waas,N
belgium_city_9120,base.be,base.state_be_3,9120,46030,Beveren-Kruibeke-Zwijndrecht,Beveren-Kruibeke-Zwijndrecht,Beveren-Kruibeke-Zwijndrecht,Beveren-Kruibeke-Zwijndrecht,N
belgium_city_9120_1,base.be,base.state_be_3,9120,46030,Beveren,Beveren,Beveren,Beveren,N
belgium_city_9120_2,base.be,base.state_be_3,9120,46030,Doel,Doel,Doel,Doel,N
belgium_city_9120_3,base.be,base.state_be_3,9120,46030,Haasdonk,Haasdonk,Haasdonk,Haasdonk,N
belgium_city_9120_4,base.be,base.state_be_3,9120,46030,Kallo,Kallo,Kallo,Kallo,N
belgium_city_9120_5,base.be,base.state_be_3,9120,46030,Kieldrecht,Kieldrecht,Kieldrecht,Kieldrecht,N
belgium_city_9120_6,base.be,base.state_be_3,9120,46030,Melsele,Melsele,Melsele,Melsele,N
belgium_city_9120_7,base.be,base.state_be_3,9120,46030,Vrasene,Vrasene,Vrasene,Vrasene,N
belgium_city_9120_8,base.be,base.state_be_3,9120,46030,Verrebroek,Verrebroek,Verrebroek,Verrebroek,N
belgium_city_9140,base.be,base.state_be_3,9140,46025,Temse,Tamise,Temse,Temse,N
belgium_city_9140_1,base.be,base.state_be_3,9140,46025,Elversele,Elversele,Elversele,Elversele,N
belgium_city_9140_2,base.be,base.state_be_3,9140,46025,Steendorp,Steendorp,Steendorp,Steendorp,N
belgium_city_9140_3,base.be,base.state_be_3,9140,46025,Tielrode,Tielrode,Tielrode,Tielrode,N
belgium_city_9150,base.be,base.state_be_3,9150,46030,Kruibeke,Kruibeke,Kruibeke,Kruibeke,N
belgium_city_9150_1,base.be,base.state_be_3,9150,46030,Bazel,Bazel,Bazel,Bazel,N
belgium_city_9150_2,base.be,base.state_be_3,9150,46030,Rupelmonde,Rupelmonde,Rupelmonde,Rupelmonde,N
belgium_city_9160,base.be,base.state_be_3,9160,46029,Lokeren,Lokeren,Lokeren,Lokeren,N
belgium_city_9160_1,base.be,base.state_be_3,9160,46029,Daknam,Daknam,Daknam,Daknam,N
belgium_city_9160_2,base.be,base.state_be_3,9160,46029,Eksaarde,Eksaarde,Eksaarde,Eksaarde,N
belgium_city_9170,base.be,base.state_be_3,9170,46020,Sint-Gillis-Waas,Saint-Gilles-Waes,Sint-Gillis-Waas,Sint-Gillis-Waas,N
belgium_city_9170_1,base.be,base.state_be_3,9170,46020,De Klinge,La Clinge,De Klinge,De Klinge,N
belgium_city_9170_2,base.be,base.state_be_3,9170,46020,Meerdonk,Meerdonk,Meerdonk,Meerdonk,N
belgium_city_9170_3,base.be,base.state_be_3,9170,46020,Sint-Pauwels,Saint-Paul,Sint-Pauwels,Sint-Pauwels,N
belgium_city_9180,base.be,base.state_be_3,9180,46013,Moerbeke,Moerbeke,Moerbeke,Moerbeke,
belgium_city_9185,base.be,base.state_be_3,9185,46027,Wachtebeke,Wachtebeke,Wachtebeke,Wachtebeke,
belgium_city_9190,base.be,base.state_be_3,9190,46024,Stekene,Stekene,Stekene,Stekene,N
belgium_city_9190_1,base.be,base.state_be_3,9190,46024,Kemzeke,Kemzeke,Kemzeke,Kemzeke,N
belgium_city_9200,base.be,base.state_be_3,9200,42006,Dendermonde,Termonde,Dendermonde,Dendermonde,N
belgium_city_9200_1,base.be,base.state_be_3,9200,42006,Appels,Appels,Appels,Appels,N
belgium_city_9200_2,base.be,base.state_be_3,9200,42006,Baasrode,Baasrode,Baasrode,Baasrode,N
belgium_city_9200_3,base.be,base.state_be_3,9200,42006,Grembergen,Grembergen,Grembergen,Grembergen,N
belgium_city_9200_4,base.be,base.state_be_3,9200,42006,Mespelare,Mespelare,Mespelare,Mespelare,N
belgium_city_9200_5,base.be,base.state_be_3,9200,42006,Oudegem,Oudegem,Oudegem,Oudegem,N
belgium_city_9200_6,base.be,base.state_be_3,9200,42006,Schoonaarde,Schoonaarde,Schoonaarde,Schoonaarde,N
belgium_city_9200_7,base.be,base.state_be_3,9200,42006,Sint-Gillis-bij-Dendermonde,Saint-Gilles-lez-Termonde,Sint-Gillis-bij-Dendermonde,Sint-Gillis-bij-Dendermonde,N
belgium_city_9220,base.be,base.state_be_3,9220,42008,Hamme,Hamme,Hamme,Hamme,N
belgium_city_9220_1,base.be,base.state_be_3,9220,42008,Moerzeke,Moerzeke,Moerzeke,Moerzeke,N
belgium_city_9230,base.be,base.state_be_3,9230,42025,Wetteren,Wetteren,Wetteren,Wetteren,N
belgium_city_9230_1,base.be,base.state_be_3,9230,42025,Massaumen,Massaumen,Massaumen,Massaumen,N
belgium_city_9230_2,base.be,base.state_be_3,9230,42025,Westrem,Westrem,Westrem,Westrem,N
belgium_city_9240,base.be,base.state_be_3,9240,42028,Zele,Zele,Zele,Zele,N
belgium_city_9250,base.be,base.state_be_3,9250,42023,Waasmunster,Waasmunster,Waasmunster,Waasmunster,N
belgium_city_9255,base.be,base.state_be_3,9255,42004,Buggenhout,Buggenhout,Buggenhout,Buggenhout,N
belgium_city_9255_1,base.be,base.state_be_3,9255,42004,Opdorp,Opdorp,Opdorp,Opdorp,N
belgium_city_9260,base.be,base.state_be_3,9260,42026,Wichelen,Wichelen,Wichelen,Wichelen,N
belgium_city_9260_1,base.be,base.state_be_3,9260,42026,Schellebelle,Schellebelle,Schellebelle,Schellebelle,N
belgium_city_9260_2,base.be,base.state_be_3,9260,42026,Serskamp,Serskamp,Serskamp,Serskamp,N
belgium_city_9270,base.be,base.state_be_3,9270,42010,Laarne,Laarne,Laarne,Laarne,N
belgium_city_9270_1,base.be,base.state_be_3,9270,42010,Kalken,Kalken,Kalken,Kalken,N
belgium_city_9280,base.be,base.state_be_3,9280,42011,Lebbeke,Lebbeke,Lebbeke,Lebbeke,N
belgium_city_9280_1,base.be,base.state_be_3,9280,42011,Denderbelle,Denderbelle,Denderbelle,Denderbelle,N
belgium_city_9280_2,base.be,base.state_be_3,9280,42011,Wieze,Wieze,Wieze,Wieze,N
belgium_city_9290,base.be,base.state_be_3,9290,42003,Berlare,Berlare,Berlare,Berlare,N
belgium_city_9290_1,base.be,base.state_be_3,9290,42003,Overmere,Overmere,Overmere,Overmere,N
belgium_city_9290_2,base.be,base.state_be_3,9290,42003,Uitbergen,Uitbergen,Uitbergen,Uitbergen,N
belgium_city_9300,base.be,base.state_be_3,9300,41002,Aalst,Alost,Aalst,Aalst,N
belgium_city_9308,base.be,base.state_be_3,9308,41002,Gijzegem,Gijzegem,Gijzegem,Gijzegem,N
belgium_city_9308_1,base.be,base.state_be_3,9308,41002,Hofstade,Hofstade,Hofstade,Hofstade,N
belgium_city_9310,base.be,base.state_be_3,9310,41002,Baardegem,Baardegem,Baardegem,Baardegem,N
belgium_city_9310_1,base.be,base.state_be_3,9310,41002,Herdersem,Herdersem,Herdersem,Herdersem,N
belgium_city_9310_2,base.be,base.state_be_3,9310,41002,Meldert,Meldert,Meldert,Meldert,N
belgium_city_9310_3,base.be,base.state_be_3,9310,41002,Moorsel,Moorsel,Moorsel,Moorsel,N
belgium_city_9320,base.be,base.state_be_3,9320,41002,Erembodegem,Erembodegem,Erembodegem,Erembodegem,N
belgium_city_9320_1,base.be,base.state_be_3,9320,41002,Nieuwerkerken,Nieuwerkerken,Nieuwerkerken,Nieuwerkerken,N
belgium_city_9340,base.be,base.state_be_3,9340,41034,Lede,Lede,Lede,Lede,N
belgium_city_9340_1,base.be,base.state_be_3,9340,41034,Impe,Impe,Impe,Impe,N
belgium_city_9340_2,base.be,base.state_be_3,9340,41034,Oordegem,Oordegem,Oordegem,Oordegem,N
belgium_city_9340_3,base.be,base.state_be_3,9340,41034,Smetlede,Smetlede,Smetlede,Smetlede,N
belgium_city_9340_4,base.be,base.state_be_3,9340,41034,Wanzele,Wanzele,Wanzele,Wanzele,N
belgium_city_9400,base.be,base.state_be_3,9400,41048,Ninove,Ninove,Ninove,Ninove,N
belgium_city_9400_1,base.be,base.state_be_3,9400,41048,Appelterre-Eichem,Appelterre-Eichem,Appelterre-Eichem,Appelterre-Eichem,N
belgium_city_9400_2,base.be,base.state_be_3,9400,41048,Denderwindeke,Denderwindeke,Denderwindeke,Denderwindeke,N
belgium_city_9400_3,base.be,base.state_be_3,9400,41048,Lieferinge,Lieferinge,Lieferinge,Lieferinge,N
belgium_city_9400_4,base.be,base.state_be_3,9400,41048,Nederhasselt,Nederhasselt,Nederhasselt,Nederhasselt,N
belgium_city_9400_5,base.be,base.state_be_3,9400,41048,Outer,Outer,Outer,Outer,N
belgium_city_9400_6,base.be,base.state_be_3,9400,41048,Voorde,Voorde,Voorde,Voorde,N
belgium_city_9401,base.be,base.state_be_3,9401,41048,Pollare,Pollare,Pollare,Pollare,N
belgium_city_9402,base.be,base.state_be_3,9402,41048,Meerbeke,Meerbeke,Meerbeke,Meerbeke,N
belgium_city_9403,base.be,base.state_be_3,9403,41048,Neigem,Neigem,Neigem,Neigem,N
belgium_city_9404,base.be,base.state_be_3,9404,41048,Aspelare,Aspelare,Aspelare,Aspelare,N
belgium_city_9406,base.be,base.state_be_3,9406,41048,Outer,Outer,Outer,Outer,N
belgium_city_9420,base.be,base.state_be_3,9420,41082,Erpe-Mere,Erpe-Mere,Erpe-Mere,Erpe-Mere,N
belgium_city_9420_1,base.be,base.state_be_3,9420,41082,Aaigem,Aaigem,Aaigem,Aaigem,N
belgium_city_9420_2,base.be,base.state_be_3,9420,41082,Bambrugge,Bambrugge,Bambrugge,Bambrugge,N
belgium_city_9420_3,base.be,base.state_be_3,9420,41082,Burst,Burst,Burst,Burst,N
belgium_city_9420_4,base.be,base.state_be_3,9420,41082,Erondegem,Erondegem,Erondegem,Erondegem,N
belgium_city_9420_5,base.be,base.state_be_3,9420,41082,Erpe,Erpe,Erpe,Erpe,N
belgium_city_9420_6,base.be,base.state_be_3,9420,41082,Mere,Mere,Mere,Mere,N
belgium_city_9420_7,base.be,base.state_be_3,9420,41082,Ottergem,Ottergem,Ottergem,Ottergem,N
belgium_city_9420_8,base.be,base.state_be_3,9420,41082,Vlekkem,Vlekkem,Vlekkem,Vlekkem,N
belgium_city_9450,base.be,base.state_be_3,9450,41024,Haaltert,Haaltert,Haaltert,Haaltert,N
belgium_city_9450_1,base.be,base.state_be_3,9450,41024,Denderhoutem,Denderhoutem,Denderhoutem,Denderhoutem,N
belgium_city_9450_2,base.be,base.state_be_3,9450,41024,Heldergem,Heldergem,Heldergem,Heldergem,N
belgium_city_9451,base.be,base.state_be_3,9451,41024,Kerksken,Kerksken,Kerksken,Kerksken,N
belgium_city_9470,base.be,base.state_be_3,9470,41011,Denderleeuw,Denderleeuw,Denderleeuw,Denderleeuw,N
belgium_city_9472,base.be,base.state_be_3,9472,41011,Iddergem,Iddergem,Iddergem,Iddergem,N
belgium_city_9473,base.be,base.state_be_3,9473,41011,Welle,Welle,Welle,Welle,N
belgium_city_9500,base.be,base.state_be_3,9500,41018,Geraardsbergen,Grammont,Geraardsbergen,Geraardsbergen,N
belgium_city_9500_1,base.be,base.state_be_3,9500,41018,Goferdingen,Goferdingen,Goferdingen,Goferdingen,N
belgium_city_9500_2,base.be,base.state_be_3,9500,41018,Nederboelare,Nederboelare,Nederboelare,Nederboelare,N
belgium_city_9500_3,base.be,base.state_be_3,9500,41018,Onkerzele,Onkerzele,Onkerzele,Onkerzele,N
belgium_city_9500_4,base.be,base.state_be_3,9500,41018,Overboelare,Overboelare,Overboelare,Overboelare,N
belgium_city_9500_5,base.be,base.state_be_3,9500,41018,Zarlardinge,Zarlardinge,Zarlardinge,Zarlardinge,N
belgium_city_9506,base.be,base.state_be_3,9506,41018,Grimminge,Grimminge,Grimminge,Grimminge,N
belgium_city_9506_1,base.be,base.state_be_3,9506,41018,Idegem,Idegem,Idegem,Idegem,N
belgium_city_9506_2,base.be,base.state_be_3,9506,41018,Moerbeke,Moerbeke,Moerbeke,Moerbeke,N
belgium_city_9506_3,base.be,base.state_be_3,9506,41018,Nieuwenhove,Nieuwenhove,Nieuwenhove,Nieuwenhove,N
belgium_city_9506_4,base.be,base.state_be_3,9506,41018,Schendelbeke,Schendelbeke,Schendelbeke,Schendelbeke,N
belgium_city_9506_5,base.be,base.state_be_3,9506,41018,Viane,Viane,Viane,Viane,N
belgium_city_9506_6,base.be,base.state_be_3,9506,41018,Zandbergen,Zandbergen,Zandbergen,Zandbergen,N
belgium_city_9520,base.be,base.state_be_3,9520,41063,Sint-Lievens-Houtem,Houtem-Saint-Liévin,Sint-Lievens-Houtem,Sint-Lievens-Houtem,N
belgium_city_9520_1,base.be,base.state_be_3,9520,41063,Bavegem,Bavegem,Bavegem,Bavegem,N
belgium_city_9520_2,base.be,base.state_be_3,9520,41063,Letterhoutem,Letterhoutem,Letterhoutem,Letterhoutem,N
belgium_city_9520_3,base.be,base.state_be_3,9520,41063,Vlierzele,Vlierzele,Vlierzele,Vlierzele,N
belgium_city_9521,base.be,base.state_be_3,9521,41063,Zonnegem,Zonnegem,Zonnegem,Zonnegem,N
belgium_city_9550,base.be,base.state_be_3,9550,41027,Herzele,Herzele,Herzele,Herzele,N
belgium_city_9550_1,base.be,base.state_be_3,9550,41027,Hillegem,Hillegem,Hillegem,Hillegem,N
belgium_city_9550_2,base.be,base.state_be_3,9550,41027,Sint-Antelinks,Saint-Antelinks,Sint-Antelinks,Sint-Antelinks,N
belgium_city_9550_3,base.be,base.state_be_3,9550,41027,Sint-Lievens-Esse,Saint-Liévin-Esse,Sint-Lievens-Esse,Sint-Lievens-Esse,N
belgium_city_9550_4,base.be,base.state_be_3,9550,41027,Steenhuize-Wijnhuize,Steenhuize-Wijnhuize,Steenhuize-Wijnhuize,Steenhuize-Wijnhuize,N
belgium_city_9550_5,base.be,base.state_be_3,9550,41027,Woubrechtegem,Woubrechtegem,Woubrechtegem,Woubrechtegem,N
belgium_city_9551,base.be,base.state_be_3,9551,41027,Ressegem,Ressegem,Ressegem,Ressegem,N
belgium_city_9552,base.be,base.state_be_3,9552,41027,Borsbeke,Borsbeke,Borsbeke,Borsbeke,N
belgium_city_9570,base.be,base.state_be_3,9570,45063,Lierde,Lierde,Lierde,Lierde,N
belgium_city_9570_1,base.be,base.state_be_3,9570,45063,Deftinge,Deftinge,Deftinge,Deftinge,N
belgium_city_9570_2,base.be,base.state_be_3,9570,45063,Hemelveerdegem,Hemelveerdegem,Hemelveerdegem,Hemelveerdegem,N
belgium_city_9571,base.be,base.state_be_3,9571,45063,Sint-Maria-Lierde,Sainte-Marie-Lierde,Sint-Maria-Lierde,Sint-Maria-Lierde,N
belgium_city_9572,base.be,base.state_be_3,9572,45063,Sint-Martens-Lierde,Saint-Martin-Lierde,Sint-Martens-Lierde,Sint-Martens-Lierde,N
belgium_city_9600,base.be,base.state_be_3,9600,45041,Ronse,Renaix,Ronse,Ronse,N
belgium_city_9620,base.be,base.state_be_3,9620,41081,Zottegem,Zottegem,Zottegem,Zottegem,N
belgium_city_9620_1,base.be,base.state_be_3,9620,41081,Elene,Elene,Elene,Elene,N
belgium_city_9620_2,base.be,base.state_be_3,9620,41081,Erwetegem,Erwetegem,Erwetegem,Erwetegem,N
belgium_city_9620_3,base.be,base.state_be_3,9620,41081,Godveerdegem,Godveerdegem,Godveerdegem,Godveerdegem,N
belgium_city_9620_4,base.be,base.state_be_3,9620,41081,Grotenberge,Grotenberge,Grotenberge,Grotenberge,N
belgium_city_9620_5,base.be,base.state_be_3,9620,41081,Leeuwergem,Leeuwergem,Leeuwergem,Leeuwergem,N
belgium_city_9620_6,base.be,base.state_be_3,9620,41081,Oombergen,Oombergen,Oombergen,Oombergen,N
belgium_city_9620_7,base.be,base.state_be_3,9620,41081,Sint-Goriks-Oudenhove,Saint-Géry-Oudenhove,Sint-Goriks-Oudenhove,Sint-Goriks-Oudenhove,N
belgium_city_9620_8,base.be,base.state_be_3,9620,41081,Strijpen,Strijpen,Strijpen,Strijpen,N
belgium_city_9620_9,base.be,base.state_be_3,9620,41081,Velzeke-Ruddershove,Velzeke-Ruddershove,Velzeke-Ruddershove,Velzeke-Ruddershove,N
belgium_city_9630,base.be,base.state_be_3,9630,45065,Zwalm,Zwalm,Zwalm,Zwalm,N
belgium_city_9630_1,base.be,base.state_be_3,9630,45065,Beerlegem,Beerlegem,Beerlegem,Beerlegem,N
belgium_city_9630_2,base.be,base.state_be_3,9630,45065,Dikkele,Dikkele,Dikkele,Dikkele,N
belgium_city_9630_3,base.be,base.state_be_3,9630,45065,Hundelgem,Hundelgem,Hundelgem,Hundelgem,N
belgium_city_9630_4,base.be,base.state_be_3,9630,45065,Meilegem,Meilegem,Meilegem,Meilegem,N
belgium_city_9630_5,base.be,base.state_be_3,9630,45065,Munkzwalm,Munkzwalm,Munkzwalm,Munkzwalm,N
belgium_city_9630_6,base.be,base.state_be_3,9630,45065,Nederzwalm-Hermelgem,Nederzwalm-Hermelgem,Nederzwalm-Hermelgem,Nederzwalm-Hermelgem,N
belgium_city_9630_7,base.be,base.state_be_3,9630,45065,Paulatem,Paulatem,Paulatem,Paulatem,N
belgium_city_9630_8,base.be,base.state_be_3,9630,45065,Roborst,Roborst,Roborst,Roborst,N
belgium_city_9630_9,base.be,base.state_be_3,9630,45065,Rozebeke,Rozebeke,Rozebeke,Rozebeke,N
belgium_city_9630_10,base.be,base.state_be_3,9630,45065,Sint-Blasius-Boekel,Saint-Blaise-Boekel,Sint-Blasius-Boekel,Sint-Blasius-Boekel,N
belgium_city_9630_11,base.be,base.state_be_3,9630,45065,Sint-Denijs-Boekel,Saint-Denis-Boekel,Sint-Denijs-Boekel,Sint-Denijs-Boekel,N
belgium_city_9630_12,base.be,base.state_be_3,9630,45065,Sint-Maria-Latem,Sainte-Marie-Latem,Sint-Maria-Latem,Sint-Maria-Latem,N
belgium_city_9660,base.be,base.state_be_3,9660,45059,Brakel,Braine,Brakel,Brakel,N
belgium_city_9660_1,base.be,base.state_be_3,9660,45059,Elst,Elst,Elst,Elst,N
belgium_city_9660_2,base.be,base.state_be_3,9660,45059,Everbeek,Everbeek,Everbeek,Everbeek,N
belgium_city_9660_3,base.be,base.state_be_3,9660,45059,Michelbeke,Michelbeke,Michelbeke,Michelbeke,N
belgium_city_9660_4,base.be,base.state_be_3,9660,45059,Nederbrakel,Nederbrakel,Nederbrakel,Nederbrakel,N
belgium_city_9660_5,base.be,base.state_be_3,9660,45059,Opbrakel,Opbrakel,Opbrakel,Opbrakel,N
belgium_city_9660_6,base.be,base.state_be_3,9660,45059,Parike,Parike,Parike,Parike,N
belgium_city_9660_7,base.be,base.state_be_3,9660,45059,Zegelsem,Zegelsem,Zegelsem,Zegelsem,N
belgium_city_9667,base.be,base.state_be_3,9667,45062,Horebeke,Horebeke,Horebeke,Horebeke,N
belgium_city_9667_1,base.be,base.state_be_3,9667,45062,Sint-Kornelis-Horebeke,Saint-Corneille-Horebeke,Sint-Kornelis-Horebeke,Sint-Kornelis-Horebeke,N
belgium_city_9667_2,base.be,base.state_be_3,9667,45062,Sint-Maria-Horebeke,Sainte-Marie-Horebeke,Sint-Maria-Horebeke,Sint-Maria-Horebeke,N
belgium_city_9680,base.be,base.state_be_3,9680,45064,Maarkedal,Maarkedal,Maarkedal,Maarkedal,N
belgium_city_9680_1,base.be,base.state_be_3,9680,45064,Etikhove,Etikhove,Etikhove,Etikhove,N
belgium_city_9681,base.be,base.state_be_3,9681,45064,Nukerke,Nukerke,Nukerke,Nukerke,N
belgium_city_9688,base.be,base.state_be_3,9688,45064,Schorisse,Schorisse,Schorisse,Schorisse,N
belgium_city_9690,base.be,base.state_be_3,9690,45060,Kluisbergen,Kluisbergen,Kluisbergen,Kluisbergen,N
belgium_city_9690_1,base.be,base.state_be_3,9690,45060,Berchem,Berchem,Berchem,Berchem,N
belgium_city_9690_2,base.be,base.state_be_3,9690,45060,Kwaremont,Quaremont,Kwaremont,Kwaremont,N
belgium_city_9690_3,base.be,base.state_be_3,9690,45060,Ruien,Ruien,Ruien,Ruien,N
belgium_city_9690_4,base.be,base.state_be_3,9690,45060,Zulzeke,Zulzeke,Zulzeke,Zulzeke,N
belgium_city_9700,base.be,base.state_be_3,9700,45035,Oudenaarde,Audenarde,Oudenaarde,Oudenaarde,N
belgium_city_9700_1,base.be,base.state_be_3,9700,45035,Bevere,Bevere,Bevere,Bevere,N
belgium_city_9700_2,base.be,base.state_be_3,9700,45035,Edelare,Edelare,Edelare,Edelare,N
belgium_city_9700_3,base.be,base.state_be_3,9700,45035,Eine,Eine,Eine,Eine,N
belgium_city_9700_4,base.be,base.state_be_3,9700,45035,Ename,Ename,Ename,Ename,N
belgium_city_9700_5,base.be,base.state_be_3,9700,45035,Heurne,Heurne,Heurne,Heurne,N
belgium_city_9700_6,base.be,base.state_be_3,9700,45035,Leupegem,Leupegem,Leupegem,Leupegem,N
belgium_city_9700_7,base.be,base.state_be_3,9700,45035,Mater,Mater,Mater,Mater,N
belgium_city_9700_8,base.be,base.state_be_3,9700,45035,Melden,Melden,Melden,Melden,N
belgium_city_9700_9,base.be,base.state_be_3,9700,45035,Mullem,Mullem,Mullem,Mullem,N
belgium_city_9700_10,base.be,base.state_be_3,9700,45035,Nederename,Nederename,Nederename,Nederename,N
belgium_city_9700_11,base.be,base.state_be_3,9700,45035,Volkegem,Volkegem,Volkegem,Volkegem,N
belgium_city_9700_12,base.be,base.state_be_3,9700,45035,Welden,Welden,Welden,Welden,N
belgium_city_9750,base.be,base.state_be_3,9750,45035,Huise,Huise,Huise,Huise,N
belgium_city_9750_1,base.be,base.state_be_3,9750,45035,Ouwegem,Ouwegem,Ouwegem,Ouwegem,N
belgium_city_9750_2,base.be,base.state_be_3,9750,45035,Zingem,Zingem,Zingem,Zingem,N
belgium_city_9770,base.be,base.state_be_3,9770,45068,Kruisem,Kruisem,Kruisem,Kruisem,N
belgium_city_9770_1,base.be,base.state_be_3,9770,45068,Kruishoutem,Cruyshautem,Kruishoutem,Kruishoutem,N
belgium_city_9770_2,base.be,base.state_be_3,9770,45068,Wannegem-Lede,Wannegem-Lede,Wannegem-Lede,Wannegem-Lede,N
belgium_city_9771,base.be,base.state_be_3,9771,45068,Nokere,Nokere,Nokere,Nokere,N
belgium_city_9772,base.be,base.state_be_3,9772,45068,Wannegem-Lede,Wannegem-Lede,Wannegem-Lede,Wannegem-Lede,N
belgium_city_9790,base.be,base.state_be_3,9790,45061,Wortegem-Petegem,Wortegem-Petegem,Wortegem-Petegem,Wortegem-Petegem,N
belgium_city_9790_1,base.be,base.state_be_3,9790,45061,Elsegem,Elsegem,Elsegem,Elsegem,N
belgium_city_9790_2,base.be,base.state_be_3,9790,45061,Moregem,Moregem,Moregem,Moregem,N
belgium_city_9790_3,base.be,base.state_be_3,9790,45061,Ooike,Ooike,Ooike,Ooike,N
belgium_city_9790_4,base.be,base.state_be_3,9790,45061,Petegem-aan-de-Schelde,Petegem-sur-l'Escaut,Petegem-aan-de-Schelde,Petegem-aan-de-Schelde,N
belgium_city_9790_5,base.be,base.state_be_3,9790,45061,Wortegem,Wortegem,Wortegem,Wortegem,N
belgium_city_9800,base.be,base.state_be_3,9800,44083,Deinze,Deinze,Deinze,Deinze,N
belgium_city_9800_1,base.be,base.state_be_3,9800,44083,Astene,Astene,Astene,Astene,N
belgium_city_9800_2,base.be,base.state_be_3,9800,44083,Bachte-Maria-Leerne,Bachte-Maria-Leerne,Bachte-Maria-Leerne,Bachte-Maria-Leerne,N
belgium_city_9800_3,base.be,base.state_be_3,9800,44083,Gottem,Gottem,Gottem,Gottem,N
belgium_city_9800_4,base.be,base.state_be_3,9800,44083,Grammene,Grammene,Grammene,Grammene,N
belgium_city_9800_5,base.be,base.state_be_3,9800,44083,Meigem,Meigem,Meigem,Meigem,N
belgium_city_9800_6,base.be,base.state_be_3,9800,44083,Petegem-aan-de-Leie,Petegem-sur-la-Lys,Petegem-aan-de-Leie,Petegem-aan-de-Leie,N
belgium_city_9800_7,base.be,base.state_be_3,9800,44083,Sint-Martens-Leerne,Saint-Martin-Leerne,Sint-Martens-Leerne,Sint-Martens-Leerne,N
belgium_city_9800_8,base.be,base.state_be_3,9800,44083,Vinkt,Vinkt,Vinkt,Vinkt,N
belgium_city_9800_9,base.be,base.state_be_3,9800,44083,Wontergem,Wontergem,Wontergem,Wontergem,N
belgium_city_9800_10,base.be,base.state_be_3,9800,44083,Zeveren,Zeveren,Zeveren,Zeveren,N
belgium_city_9810,base.be,base.state_be_3,9810,44086,Nazareth-De Pinte,Nazareth-De Pinte,Nazareth-De Pinte,Nazareth-De Pinte,N
belgium_city_9810_1,base.be,base.state_be_3,9810,44086,Eke,Eke,Eke,Eke,N
belgium_city_9810_2,base.be,base.state_be_3,9810,44086,Nazareth,Nazareth,Nazareth,Nazareth,N
belgium_city_9820,base.be,base.state_be_3,9820,44088,Merelbeke-Melle,Merelbeke-Melle,Merelbeke-Melle,Merelbeke-Melle,N
belgium_city_9820_1,base.be,base.state_be_3,9820,44088,Bottelare,Bottelare,Bottelare,Bottelare,N
belgium_city_9820_2,base.be,base.state_be_3,9820,44088,Lemberge,Lemberge,Lemberge,Lemberge,N
belgium_city_9820_3,base.be,base.state_be_3,9820,44088,Melsen,Melsen,Melsen,Melsen,N
belgium_city_9820_4,base.be,base.state_be_3,9820,44088,Merelbeke,Merelbeke,Merelbeke,Merelbeke,N
belgium_city_9820_5,base.be,base.state_be_3,9820,44088,Munte,Munte,Munte,Munte,N
belgium_city_9820_6,base.be,base.state_be_3,9820,44088,Schelderode,Schelderode,Schelderode,Schelderode,N
belgium_city_9830,base.be,base.state_be_3,9830,44064,Sint-Martens-Latem,Laethem-Saint-Martin,Sint-Martens-Latem,Sint-Martens-Latem,N
belgium_city_9831,base.be,base.state_be_3,9831,44064,Deurle,Deurle,Deurle,Deurle,N
belgium_city_9840,base.be,base.state_be_3,9840,44086,De Pinte,De Pinte,De Pinte,De Pinte,N
belgium_city_9840_1,base.be,base.state_be_3,9840,44086,Zevergem,Zevergem,Zevergem,Zevergem,N
belgium_city_9850,base.be,base.state_be_3,9850,44083,Hansbeke,Hansbeke,Hansbeke,Hansbeke,N
belgium_city_9850_1,base.be,base.state_be_3,9850,44083,Landegem,Landegem,Landegem,Landegem,N
belgium_city_9850_2,base.be,base.state_be_3,9850,44083,Merendree,Merendree,Merendree,Merendree,N
belgium_city_9850_3,base.be,base.state_be_3,9850,44083,Nevele,Nevele,Nevele,Nevele,N
belgium_city_9850_4,base.be,base.state_be_3,9850,44083,Poesele,Poesele,Poesele,Poesele,N
belgium_city_9850_5,base.be,base.state_be_3,9850,44083,Vosselare,Vosselare,Vosselare,Vosselare,N
belgium_city_9860,base.be,base.state_be_3,9860,44052,Oosterzele,Oosterzele,Oosterzele,Oosterzele,N
belgium_city_9860_1,base.be,base.state_be_3,9860,44052,Balegem,Balegem,Balegem,Balegem,N
belgium_city_9860_2,base.be,base.state_be_3,9860,44052,Gijzenzele,Gijzenzele,Gijzenzele,Gijzenzele,N
belgium_city_9860_3,base.be,base.state_be_3,9860,44052,Landskouter,Landskouter,Landskouter,Landskouter,N
belgium_city_9860_4,base.be,base.state_be_3,9860,44052,Moortsele,Moortsele,Moortsele,Moortsele,N
belgium_city_9860_5,base.be,base.state_be_3,9860,44052,Scheldewindeke,Scheldewindeke,Scheldewindeke,Scheldewindeke,N
belgium_city_9870,base.be,base.state_be_3,9870,44081,Zulte,Zulte,Zulte,Zulte,N
belgium_city_9870_1,base.be,base.state_be_3,9870,44081,Machelen,Machelen,Machelen,Machelen,N
belgium_city_9870_2,base.be,base.state_be_3,9870,44081,Olsene,Olsene,Olsene,Olsene,N
belgium_city_9880,base.be,base.state_be_3,9880,44084,Aalter,Aalter,Aalter,Aalter,N
belgium_city_9880_1,base.be,base.state_be_3,9880,44084,Bellem,Bellem,Bellem,Bellem,N
belgium_city_9880_2,base.be,base.state_be_3,9880,44084,Lotenhulle,Lotenhulle,Lotenhulle,Lotenhulle,N
belgium_city_9880_3,base.be,base.state_be_3,9880,44084,Poeke,Pouques,Poeke,Poeke,N
belgium_city_9881,base.be,base.state_be_3,9881,44084,Bellem,Bellem,Bellem,Bellem,N
belgium_city_9890,base.be,base.state_be_3,9890,44020,Gavere,Gavere,Gavere,Gavere,N
belgium_city_9890_1,base.be,base.state_be_3,9890,44020,Asper,Asper,Asper,Asper,N
belgium_city_9890_2,base.be,base.state_be_3,9890,44020,Baaigem,Baaigem,Baaigem,Baaigem,N
belgium_city_9890_3,base.be,base.state_be_3,9890,44020,Dikkelvenne,Dikkeltinne,Dikkelvenne,Dikkelvenne,N
belgium_city_9890_4,base.be,base.state_be_3,9890,44020,Semmerzake,Semmerzake,Semmerzake,Semmerzake,N
belgium_city_9890_5,base.be,base.state_be_3,9890,44020,Vurste,Vurste,Vurste,Vurste,N
belgium_city_9900,base.be,base.state_be_3,9900,43005,Eeklo,Eecloo,Eeklo,Eeklo,N
belgium_city_9910,base.be,base.state_be_3,9910,44084,Knesselare,Knesselare,Knesselare,Knesselare,N
belgium_city_9910_1,base.be,base.state_be_3,9910,44084,Ursel,Ursel,Ursel,Ursel,N
belgium_city_9920,base.be,base.state_be_3,9920,44085,Lievegem,Lievegem,Lievegem,Lievegem,N
belgium_city_9920_1,base.be,base.state_be_3,9920,44085,Lovendegem,Lovendegem,Lovendegem,Lovendegem,N
belgium_city_9920_2,base.be,base.state_be_3,9920,44085,Vinderhoute,Vinderhoute,Vinderhoute,Vinderhoute,N
belgium_city_9921,base.be,base.state_be_3,9921,44085,Vinderhoute,Vinderhoute,Vinderhoute,Vinderhoute,N
belgium_city_9930,base.be,base.state_be_3,9930,44085,Zomergem,Zomergem,Zomergem,Zomergem,N
belgium_city_9931,base.be,base.state_be_3,9931,44085,Oostwinkel,Oostwinkel,Oostwinkel,Oostwinkel,N
belgium_city_9932,base.be,base.state_be_3,9932,44085,Ronsele,Ronsele,Ronsele,Ronsele,N
belgium_city_9940,base.be,base.state_be_3,9940,44019,Evergem,Evergem,Evergem,Evergem,N
belgium_city_9940_1,base.be,base.state_be_3,9940,44019,Ertvelde,Ertvelde,Ertvelde,Ertvelde,N
belgium_city_9940_2,base.be,base.state_be_3,9940,44019,Sleidinge,Sleidinge,Sleidinge,Sleidinge,N
belgium_city_9950,base.be,base.state_be_3,9950,44085,Waarschoot,Waarschoot,Waarschoot,Waarschoot,N
belgium_city_9960,base.be,base.state_be_3,9960,43002,Assenede,Assenede,Assenede,Assenede,N
belgium_city_9960_1,base.be,base.state_be_3,9960,43002,Bassevelde,Bassevelde,Bassevelde,Bassevelde,N
belgium_city_9961,base.be,base.state_be_3,9961,43002,Boekhoute,Boekhoute,Boekhoute,Boekhoute,N
belgium_city_9968,base.be,base.state_be_3,9968,43002,Oosteeklo,Oosteeklo,Oosteeklo,Oosteeklo,N
belgium_city_9970,base.be,base.state_be_3,9970,43007,Kaprijke,Caprycke,Kaprijke,Kaprijke,N
belgium_city_9971,base.be,base.state_be_3,9971,43007,Lembeke,Lembeke,Lembeke,Lembeke,N
belgium_city_9980,base.be,base.state_be_3,9980,43014,Sint-Laureins,Saint-Laurent,Sint-Laureins,Sint-Laureins,N
belgium_city_9981,base.be,base.state_be_3,9981,43014,Sint-Margriete,Sainte-Marguerite,Sint-Margriete,Sint-Margriete,N
belgium_city_9982,base.be,base.state_be_3,9982,43014,Sint-Jan-in-Eremo,Saint-Jean-in-Eremo,Sint-Jan-in-Eremo,Sint-Jan-in-Eremo,N
belgium_city_9988,base.be,base.state_be_3,9988,43014,Waterland-Oudeman,Waterland-Oudeman,Waterland-Oudeman,Waterland-Oudeman,N
belgium_city_9988_1,base.be,base.state_be_3,9988,43014,Watervliet,Watervliet,Watervliet,Watervliet,N
belgium_city_9990,base.be,base.state_be_3,9990,43010,Maldegem,Maldegem,Maldegem,Maldegem,N
belgium_city_9991,base.be,base.state_be_3,9991,43010,Adegem,Adegem,Adegem,Adegem,N
belgium_city_9992,base.be,base.state_be_3,9992,43010,Middelburg,Middelburg,Middelburg,Middelburg,N